ticker,timeframe,strategy,padrao_tipo,score_total,valid_base_tendencia,valid_contexto_cabeca,valid_contexto_extremos,valid_contexto_tendencia,valid_divergencia_macd,valid_divergencia_obv,valid_divergencia_rsi,valid_divergencia_rsi_strong,valid_estocastico_cross,valid_estocastico_divergencia,valid_estrutura_picos_vales,valid_extremo_cabeca,valid_extremo_secundario_fraco,valid_macd_signal_cross,valid_neckline_plana,valid_neckline_retest_p4,valid_neckline_retest_p6,valid_ombro_direito_fraco,valid_perfil_volume,valid_perfil_volume_decrescente,valid_proeminencia_cabeca,valid_profundidade_vale_pico,valid_simetria_extremos,valid_simetria_ombros,valid_volume_breakout_neckline,p0_idx,p0_preco,p1_idx,p1_preco,p2_idx,p2_preco,p3_idx,p3_preco,p4_idx,p4_preco,ombro1_idx,ombro1_preco,neckline1_idx,neckline1_preco,cabeca_idx,cabeca_preco,neckline2_idx,neckline2_preco,ombro2_idx,ombro2_preco,retest_p6_idx,retest_p6_preco,p5_idx,p5_preco,p6_idx,p6_preco
QNT-USD,5m,scalping_aggressive,DB,75,,,True,True,False,False,False,False,False,False,True,,True,False,,True,,,,False,,True,True,,False,2025-08-31 22:00:00,104.80422541392203,2025-09-01 05:00:00,100.86558249153889,2025-09-01 09:00:00,103.04565242293721,2025-09-01 18:00:00,100.88032573777079,2025-09-01 18:15:00,101.13122923561329,,,,,,,,,,,,,,,,
MANA-USD,5m,scalping_moderate,OCOI,85,True,True,,,False,,False,False,False,False,,True,,False,True,,True,False,True,,True,,,True,False,2025-08-31 03:00:00,,,,,,,,,,2025-08-31 15:00:00,0.29016148110540124,2025-08-31 22:00:00,0.2936658826735094,2025-09-01 05:00:00,0.28023844713961565,2025-09-01 15:00:00,0.2940326066484205,2025-09-01 18:00:00,0.2861387954818176,2025-09-01 18:15:00,0.28747313008731695,,,,
SOL-USD,5m,scalping_moderate,DB,90,,,True,True,False,True,False,False,False,False,True,,True,False,,True,,,,False,,True,True,,False,2025-08-31 19:00:00,205.39787030011362,2025-09-01 03:00:00,197.46092251857633,2025-09-01 09:00:00,203.04390424605177,2025-09-01 16:00:00,198.12746075276183,2025-09-01 18:15:00,198.95258223198184,,,,,,,,,,,,,,,,
MANA-USD,15m,scalping_moderate,OCOI,85,True,True,,,False,,False,False,False,False,,True,,False,True,,True,False,True,,True,,,True,False,2025-08-31 03:00:00,,,,,,,,,,2025-08-31 15:00:00,0.29016148110540124,2025-08-31 22:00:00,0.2936658826735094,2025-09-01 05:00:00,0.28023844713961565,2025-09-01 15:00:00,0.2940326066484205,2025-09-01 18:00:00,0.2861387954818176,2025-09-01 18:15:00,0.2874915304342576,,,,
QNT-USD,15m,scalping_moderate,DB,75,,,True,True,False,False,False,False,False,False,True,,True,False,,True,,,,False,,True,True,,False,2025-08-31 04:00:00,106.25818247467203,2025-09-01 05:00:00,100.86558249153889,2025-09-01 09:00:00,103.04565242293721,2025-09-01 18:00:00,100.88032573777079,2025-09-01 18:15:00,101.1635616695108,,,,,,,,,,,,,,,,
SOL-USD,15m,scalping_moderate,DB,90,,,True,True,False,True,False,False,False,False,True,,True,False,,True,,,,False,,True,True,,False,2025-08-31 19:00:00,205.39787030011362,2025-09-01 03:00:00,197.46092251857633,2025-09-01 09:00:00,203.04390424605177,2025-09-01 16:00:00,198.12746075276183,2025-09-01 18:15:00,198.97449864610167,,,,,,,,,,,,,,,,
TRX-USD,15m,scalping_moderate,OCO,98,True,True,,,True,,False,False,False,True,,True,,False,True,,True,False,False,,True,,,True,False,2025-08-29 16:00:00,,,,,,,,,,2025-08-30 10:00:00,0.34034915628596224,2025-08-30 16:00:00,0.33782609530995616,2025-08-31 16:00:00,0.34328527967095374,2025-09-01 05:00:00,0.33734702500754354,2025-09-01 09:00:00,0.3410456762951316,2025-09-01 18:15:00,0.3357140502011334,,,,
TRX-USD,5m,scalping_conservative,OCO,98,True,True,,,True,,False,False,False,True,,True,,False,True,,True,False,False,,True,,,True,False,2025-08-29 16:00:00,,,,,,,,,,2025-08-30 10:00:00,0.34034915628596224,2025-08-30 16:00:00,0.33782609530995616,2025-08-31 16:00:00,0.34328527967095374,2025-09-01 05:00:00,0.33734702500754354,2025-09-01 09:00:00,0.3410456762951316,2025-09-01 18:20:00,0.335780960610999,,,,
VET-USD,15m,scalping_conservative,DT,100,,,True,True,False,True,False,False,False,False,True,,True,False,,True,,,,True,,True,True,,False,2025-08-29 19:00:00,0.024006555711204032,2025-08-31 04:00:00,0.02489095155878581,2025-09-01 05:00:00,0.023690293466568292,2025-09-01 09:00:00,0.024597713148611706,2025-09-01 18:15:00,0.023612291838083582,,,,,,,,,,,,,,,,
VET-USD,5m,intraday_momentum,DT,100,,,True,True,False,True,False,False,False,False,True,,True,False,,True,,,,True,,True,True,,False,2025-08-29 19:00:00,0.024006555711204032,2025-08-31 04:00:00,0.02489095155878581,2025-09-01 05:00:00,0.023690293466568292,2025-09-01 09:00:00,0.024597713148611706,2025-09-01 18:20:00,0.02361916775889644,,,,,,,,,,,,,,,,
ADA-USD,1h,intraday_momentum,DT,105,,,True,True,True,False,True,True,False,True,True,,False,False,,True,,,,False,,True,True,,False,2025-06-23 00:00:00,0.5411301510006504,2025-07-23 00:00:00,0.9027605176449547,2025-08-03 00:00:00,0.6980981330649948,2025-08-18 00:00:00,0.9632097962031909,2025-09-01 18:00:00,0.8063072466386986,,,,,,,,,,,,,,,,
ALGO-USD,1h,intraday_momentum,DT,100,,,True,True,False,True,False,False,False,False,True,,True,False,,True,,,,True,,True,True,,False,2025-08-03 00:00:00,0.22784112018470956,2025-08-14 00:00:00,0.28066009761189675,2025-08-20 00:00:00,0.23806927150341722,2025-08-25 00:00:00,0.2717527134769269,2025-09-01 18:00:00,0.22806339286317184,,,,,,,,,,,,,,,,
CHZ-USD,1h,intraday_momentum,DB,85,,,True,True,False,False,False,False,False,False,True,,True,False,,True,,,,True,,True,True,,False,2025-07-22 00:00:00,0.046327113667694354,2025-08-03 00:00:00,0.037112457158448485,2025-08-14 00:00:00,0.04446240651001289,2025-08-26 00:00:00,0.03828625975083752,2025-09-01 18:00:00,0.03902666806133021,,,,,,,,,,,,,,,,
DOGE-USD,1h,intraday_momentum,DT,75,,,True,True,False,False,False,False,False,False,True,,True,False,,True,,,,False,,True,True,,False,2025-08-03 00:00:00,0.1916269540469158,2025-08-14 00:00:00,0.24549919437970946,2025-08-20 00:00:00,0.20911047499485522,2025-08-23 00:00:00,0.24061883556812297,2025-09-01 18:00:00,0.2116876166889694,,,,,,,,,,,,,,,,
DOT-USD,1h,intraday_momentum,DT,90,,,True,True,False,True,False,False,False,False,True,,True,False,,True,,,,False,,True,True,,False,2025-08-03 00:00:00,3.5097263835436174,2025-08-14 00:00:00,4.28768471671229,2025-08-20 00:00:00,3.716261938519478,2025-08-24 00:00:00,4.22453461361594,2025-09-01 18:00:00,3.725106637676123,,,,,,,,,,,,,,,,
EGLD-USD,1h,intraday_momentum,DT,75,,,True,True,False,False,False,False,False,False,True,,True,False,,True,,,,False,,True,True,,False,2025-06-23 00:00:00,12.025219088414275,2025-07-23 00:00:00,18.148134333494934,2025-08-03 00:00:00,13.792756658898938,2025-08-14 00:00:00,16.753853363579353,2025-09-01 18:00:00,14.025559036224315,,,,,,,,,,,,,,,,
ETC-USD,1h,intraday_momentum,TT,95,,,True,True,False,True,False,False,False,False,True,,,False,True,,True,,,True,,True,True,,False,2025-07-02 00:00:00,15.941213081745227,2025-07-21 00:00:00,24.63621267134806,2025-08-03 00:00:00,19.22321911065562,2025-08-14 00:00:00,24.312206992930022,2025-08-20 00:00:00,20.50915320225018,,,,,,,,,,,,,2025-08-23 00:00:00,24.471247382977555,2025-09-01 18:00:00,20.50473474576778
ICP-USD,1h,intraday_momentum,DT,100,,,True,True,False,True,False,False,False,False,True,,True,False,,True,,,,True,,True,True,,False,2025-07-02 00:00:00,4.694834250206455,2025-07-22 00:00:00,6.150058629141084,2025-08-03 00:00:00,4.951676203152584,2025-08-14 00:00:00,6.030592504797937,2025-09-01 18:00:00,4.71593943684623,,,,,,,,,,,,,,,,
MANA-USD,1h,intraday_momentum,DT,90,,,True,True,False,True,False,False,False,False,True,,True,False,,True,,,,False,,True,True,,False,2025-08-03 00:00:00,0.2671120512633413,2025-08-14 00:00:00,0.32097410879416804,2025-08-20 00:00:00,0.2722484245926382,2025-08-23 00:00:00,0.30659759406493614,2025-09-01 18:00:00,0.2876529317628619,,,,,,,,,,,,,,,,
NEAR-USD,1h,intraday_momentum,DT,100,,,True,True,False,True,False,False,False,False,True,,True,False,,True,,,,True,,True,True,,False,2025-06-23 00:00:00,1.8967218593053334,2025-07-22 00:00:00,3.0251192086181953,2025-08-03 00:00:00,2.347029955191016,2025-08-14 00:00:00,2.9936942774436037,2025-09-01 18:00:00,2.352263381071893,,,,,,,,,,,,,,,,
OP-USD,1h,intraday_momentum,DT,100,,,True,True,False,True,False,False,False,False,True,,True,False,,True,,,,True,,True,True,,False,2025-08-03 00:00:00,0.6328635124698522,2025-08-14 00:00:00,0.8719001000356986,2025-08-20 00:00:00,0.6868821792341948,2025-08-24 00:00:00,0.8091994214085888,2025-09-01 18:00:00,0.6830744358383015,,,,,,,,,,,,,,,,
VET-USD,1h,intraday_momentum,DT,75,,,True,True,False,False,False,False,False,False,True,,True,False,,True,,,,False,,True,True,,False,2025-08-03 00:00:00,0.022215509503292777,2025-08-14 00:00:00,0.026548451516435756,2025-08-20 00:00:00,0.02300960724679428,2025-08-25 00:00:00,0.025992375851607543,2025-09-01 18:00:00,0.023619898042907598,,,,,,,,,,,,,,,,
XRP-USD,1h,intraday_momentum,DT,100,,,True,True,False,True,False,False,False,False,True,,True,False,,True,,,,True,,True,True,,False,2025-06-23 00:00:00,2.013512764553698,2025-07-22 00:00:00,3.55629271011838,2025-08-03 00:00:00,2.769267387192411,2025-08-08 00:00:00,3.3154332521736825,2025-09-01 18:00:00,2.737478036829809,,,,,,,,,,,,,,,,
ZIL-USD,1h,intraday_momentum,DT,75,,,True,True,False,False,False,False,False,False,True,,True,False,,True,,,,False,,True,True,,False,2025-08-03 00:00:00,0.010405770752439541,2025-08-14 00:00:00,0.012497110990006957,2025-08-20 00:00:00,0.01073191529323536,2025-08-24 00:00:00,0.012167484522090079,2025-09-01 18:00:00,0.011098657619697272,,,,,,,,,,,,,,,,
EOS-USD,15m,intraday_range,DT,75,,,True,True,False,False,False,False,False,False,True,,True,False,,True,,,,False,,True,True,,False,2025-08-29 19:00:00,0.48217213292191796,2025-08-31 04:00:00,0.5001169301622065,2025-09-01 05:00:00,0.4807882453519931,2025-09-01 09:00:00,0.497872865700431,2025-09-01 17:00:00,0.4801824704954648,,,,,,,,,,,,,,,,
LDO-USD,15m,intraday_range,DB,90,,,True,True,False,True,False,False,False,False,True,,True,False,,True,,,,False,,True,True,,False,2025-08-31 09:00:00,1.2402308189071873,2025-09-01 05:00:00,1.1551256125404195,2025-09-01 09:00:00,1.2064390784991705,2025-09-01 18:00:00,1.1623152552284834,2025-09-01 18:15:00,1.1706871927369882,,,,,,,,,,,,,,,,
ZIL-USD,15m,intraday_range,DT,100,,,True,True,False,True,False,False,False,False,True,,True,False,,True,,,,True,,True,True,,False,2025-08-29 19:00:00,0.011040611681660368,2025-08-31 04:00:00,0.01163496315453887,2025-09-01 05:00:00,0.01100440157746969,2025-09-01 09:00:00,0.011429329893614915,2025-09-01 17:00:00,0.011063365336087176,,,,,,,,,,,,,,,,
DOGE-USD,1h,intraday_range,DB,100,,,True,True,False,True,False,False,False,False,True,,True,False,,True,,,,True,,True,True,,False,2025-07-21 00:00:00,0.27294634200835066,2025-08-03 00:00:00,0.1916269540469158,2025-08-14 00:00:00,0.24549919437970946,2025-08-20 00:00:00,0.20911047499485522,2025-09-01 18:00:00,0.2117841233357701,,,,,,,,,,,,,,,,
ETC-USD,1h,intraday_range,DT,100,,,True,True,False,True,False,False,False,False,True,,True,False,,True,,,,True,,True,True,,False,2025-06-23 00:00:00,15.176161369400132,2025-07-21 00:00:00,24.63621267134806,2025-08-03 00:00:00,19.22321911065562,2025-08-23 00:00:00,24.471247382977555,2025-09-01 18:00:00,20.506384771305207,,,,,,,,,,,,,,,,
MANA-USD,1h,intraday_range,DB,75,,,True,True,False,False,False,False,False,False,True,,True,False,,True,,,,False,,True,True,,False,2025-07-23 00:00:00,0.3546830755549202,2025-08-03 00:00:00,0.2671120512633413,2025-08-14 00:00:00,0.32097410879416804,2025-08-20 00:00:00,0.2722484245926382,2025-09-01 18:00:00,0.2877902103909868,,,,,,,,,,,,,,,,
NEO-USD,1h,intraday_range,DT,99,,,True,True,True,False,True,True,False,False,True,,False,False,,True,,,,False,,True,True,,False,2025-06-23 00:00:00,5.018562764687151,2025-07-21 00:00:00,7.543112526217204,2025-08-03 00:00:00,5.656094756942102,2025-08-25 00:00:00,7.759835474340711,2025-09-01 18:00:00,6.4839731639194245,,,,,,,,,,,,,,,,
CHZ-USD,15m,swing_short,DT,90,,,True,True,False,True,False,False,False,False,True,,True,False,,True,,,,False,,True,True,,False,2025-08-29 19:00:00,0.03859560272602073,2025-08-31 04:00:00,0.04090894860158172,2025-09-01 05:00:00,0.038921739912525836,2025-09-01 09:00:00,0.04055282579574117,2025-09-01 18:00:00,0.03888680473328703,,,,,,,,,,,,,,,,
CHZ-USD,15m,swing_short,TT,85,,,True,True,False,True,False,False,False,False,True,,,False,True,,True,,,False,,True,True,,False,2025-08-25 21:00:00,0.0378739947319526,2025-08-29 00:00:00,0.040988679800963795,2025-08-29 19:00:00,0.03859560272602073,2025-08-31 04:00:00,0.04090894860158172,2025-09-01 05:00:00,0.038921739912525836,,,,,,,,,,,,,2025-09-01 09:00:00,0.04055282579574117,2025-09-01 18:00:00,0.03888680473328703
DOGE-USD,15m,swing_short,DT,100,,,True,True,False,True,False,False,False,False,True,,True,False,,True,,,,True,,True,True,,False,2025-08-29 19:00:00,0.21034591639348912,2025-08-31 04:00:00,0.22055010591908425,2025-09-01 05:00:00,0.20912153247238016,2025-09-01 09:00:00,0.21882071235087328,2025-09-01 18:00:00,0.210921202418398,,,,,,,,,,,,,,,,
ETH-USD,15m,swing_short,DT,85,,,True,True,False,False,False,False,False,False,True,,True,False,,True,,,,True,,True,True,,False,2025-08-29 15:00:00,4279.958551412731,2025-08-31 19:00:00,4487.412108882138,2025-09-01 03:00:00,4379.89575211085,2025-09-01 09:00:00,4476.476296546988,2025-09-01 18:00:00,4324.7946005200465,,,,,,,,,,,,,,,,
FLOW-USD,15m,swing_short,DT,105,,,True,True,True,False,True,True,False,True,True,,False,False,,True,,,,False,,True,True,,False,2025-08-25 22:00:00,0.36841036863181353,2025-08-29 00:00:00,0.4388165228315595,2025-08-30 02:00:00,0.38919234492774246,2025-08-31 17:00:00,0.4489281883639767,2025-09-01 18:00:00,0.4000340762987998,,,,,,,,,,,,,,,,
QNT-USD,15m,swing_short,DT,100,,,True,True,False,True,False,False,False,False,True,,True,False,,True,,,,True,,True,True,,False,2025-08-25 22:00:00,100.84497127370618,2025-08-26 20:00:00,107.01340196414402,2025-08-29 21:00:00,101.14888646036644,2025-08-31 04:00:00,106.25818247467203,2025-09-01 05:00:00,100.86558249153889,,,,,,,,,,,,,,,,
SHIB-USD,15m,swing_short,DT,101,,,True,True,False,True,False,False,False,True,True,,False,False,,True,,,,True,,True,True,,False,2025-08-29 19:00:00,1.2015493201926445e-05,2025-08-31 04:00:00,1.249544549928859e-05,2025-09-01 05:00:00,1.1955358850087715e-05,2025-09-01 09:00:00,1.2537779536747407e-05,2025-09-01 18:00:00,1.2073401205883648e-05,,,,,,,,,,,,,,,,
SHIB-USD,15m,swing_short,TT,80,,,True,True,False,False,False,False,False,False,True,,,False,True,,True,,,True,,True,True,,False,2025-08-25 21:00:00,1.1911872368280424e-05,2025-08-28 15:00:00,1.2670659500153257e-05,2025-08-29 19:00:00,1.2015493201926445e-05,2025-08-31 04:00:00,1.249544549928859e-05,2025-09-01 05:00:00,1.1955358850087715e-05,,,,,,,,,,,,,2025-09-01 09:00:00,1.2537779536747407e-05,2025-09-01 18:00:00,1.2073401205883648e-05
XLM-USD,15m,swing_short,DT,100,,,True,True,True,True,False,False,False,False,True,,True,True,,True,,,,False,,True,True,,False,2025-08-30 15:00:00,0.3538381028703833,2025-08-31 02:00:00,0.36423970340793765,2025-09-01 05:00:00,0.3462720092182275,2025-09-01 09:00:00,0.3623757837690439,2025-09-01 18:00:00,0.35017385802084655,,,,,,,,,,,,,,,,
XMR-USD,15m,swing_short,DT,91,,,True,True,True,False,False,False,False,True,True,,False,False,,True,,,,True,,True,True,,False,2025-08-29 19:00:00,257.1227731650242,2025-08-30 12:00:00,268.15118134127215,2025-08-30 17:00:00,257.16927982025913,2025-09-01 09:00:00,268.54274968899676,2025-09-01 18:00:00,259.9615918498586,,,,,,,,,,,,,,,,
AVAX-USD,1h,swing_short,DT,105,,,True,True,True,False,True,True,False,True,True,,False,False,,True,,,,False,,True,True,,False,2025-06-23 00:00:00,16.504194814921206,2025-07-28 00:00:00,25.960361202926606,2025-08-03 00:00:00,20.893413835769646,2025-08-24 00:00:00,26.197598643676205,2025-09-01 18:00:00,23.477080486358602,,,,,,,,,,,,,,,,
DOT-USD,1h,swing_short,DT,110,,,True,True,True,True,False,False,False,False,True,,True,True,,True,,,,True,,True,True,,False,2025-06-23 00:00:00,3.155690434118208,2025-07-23 00:00:00,4.541929356743654,2025-08-03 00:00:00,3.5097263835436174,2025-08-14 00:00:00,4.28768471671229,2025-08-20 00:00:00,3.716261938519478,,,,,,,,,,,,,,,,
ZIL-USD,1h,swing_short,DB,85,,,True,True,False,False,False,False,False,False,True,,True,False,,True,,,,True,,True,True,,False,2025-07-21 00:00:00,0.013618810088162889,2025-08-03 00:00:00,0.010405770752439541,2025-08-14 00:00:00,0.012497110990006957,2025-08-20 00:00:00,0.01073191529323536,2025-09-01 18:00:00,0.011098778819069902,,,,,,,,,,,,,,,,
AVAX-USD,4h,swing_short,DT,105,,,True,True,True,False,True,True,False,True,True,,False,False,,True,,,,False,,True,True,,False,2025-06-23 00:00:00,16.504194814921206,2025-07-28 00:00:00,25.960361202926606,2025-08-03 00:00:00,20.893413835769646,2025-08-24 00:00:00,26.197598643676205,2025-09-01 16:00:00,23.476953716722395,,,,,,,,,,,,,,,,
CHZ-USD,4h,swing_short,DB,85,,,True,True,False,False,False,False,False,False,True,,True,False,,True,,,,True,,True,True,,False,2025-07-22 00:00:00,0.046327113667694354,2025-08-03 00:00:00,0.037112457158448485,2025-08-14 00:00:00,0.04446240651001289,2025-08-26 00:00:00,0.03828625975083752,2025-09-01 16:00:00,0.039011187205332774,,,,,,,,,,,,,,,,
DOGE-USD,4h,swing_short,DB,100,,,True,True,False,True,False,False,False,False,True,,True,False,,True,,,,True,,True,True,,False,2025-07-21 00:00:00,0.27294634200835066,2025-08-03 00:00:00,0.1916269540469158,2025-08-14 00:00:00,0.24549919437970946,2025-08-20 00:00:00,0.20911047499485522,2025-09-01 16:00:00,0.21173717443518617,,,,,,,,,,,,,,,,
DOT-USD,4h,swing_short,DT,110,,,True,True,True,True,False,False,False,False,True,,True,True,,True,,,,True,,True,True,,False,2025-06-23 00:00:00,3.155690434118208,2025-07-23 00:00:00,4.541929356743654,2025-08-03 00:00:00,3.5097263835436174,2025-08-14 00:00:00,4.28768471671229,2025-08-20 00:00:00,3.716261938519478,,,,,,,,,,,,,,,,
EGLD-USD,4h,swing_short,DT,75,,,True,True,False,False,False,False,False,False,True,,True,False,,True,,,,False,,True,True,,False,2025-06-23 00:00:00,12.025219088414275,2025-07-23 00:00:00,18.148134333494934,2025-08-03 00:00:00,13.792756658898938,2025-08-14 00:00:00,16.753853363579353,2025-09-01 16:00:00,14.014689610826995,,,,,,,,,,,,,,,,
ETC-USD,4h,swing_short,DT,100,,,True,True,False,True,False,False,False,False,True,,True,False,,True,,,,True,,True,True,,False,2025-06-23 00:00:00,15.176161369400132,2025-07-21 00:00:00,24.63621267134806,2025-08-03 00:00:00,19.22321911065562,2025-08-23 00:00:00,24.471247382977555,2025-09-01 16:00:00,20.50700161392211,,,,,,,,,,,,,,,,
ICP-USD,4h,swing_short,DT,90,,,True,True,False,True,False,False,False,False,True,,True,False,,True,,,,False,,True,True,,False,2025-06-23 00:00:00,4.552421589729337,2025-07-22 00:00:00,6.150058629141084,2025-08-03 00:00:00,4.951676203152584,2025-08-14 00:00:00,6.030592504797937,2025-09-01 16:00:00,4.70900081600571,,,,,,,,,,,,,,,,
MANA-USD,4h,swing_short,DB,75,,,True,True,False,False,False,False,False,False,True,,True,False,,True,,,,False,,True,True,,False,2025-07-23 00:00:00,0.3546830755549202,2025-08-03 00:00:00,0.2671120512633413,2025-08-14 00:00:00,0.32097410879416804,2025-08-20 00:00:00,0.2722484245926382,2025-09-01 16:00:00,0.28780285529826954,,,,,,,,,,,,,,,,
NEAR-USD,4h,swing_short,DT,100,,,True,True,False,True,False,False,False,False,True,,True,False,,True,,,,True,,True,True,,False,2025-06-23 00:00:00,1.8967218593053334,2025-07-22 00:00:00,3.0251192086181953,2025-08-03 00:00:00,2.347029955191016,2025-08-14 00:00:00,2.9936942774436037,2025-09-01 16:00:00,2.3513520240671997,,,,,,,,,,,,,,,,
NEO-USD,4h,swing_short,DT,99,,,True,True,True,False,True,True,False,False,True,,False,False,,True,,,,False,,True,True,,False,2025-06-23 00:00:00,5.018562764687151,2025-07-21 00:00:00,7.543112526217204,2025-08-03 00:00:00,5.656094756942102,2025-08-25 00:00:00,7.759835474340711,2025-09-01 16:00:00,6.476900638317839,,,,,,,,,,,,,,,,
VET-USD,4h,swing_short,DB,100,,,True,True,False,True,False,False,False,False,True,,True,False,,True,,,,True,,True,True,,False,2025-07-22 00:00:00,0.02842580245456641,2025-08-03 00:00:00,0.022215509503292777,2025-08-14 00:00:00,0.026548451516435756,2025-08-20 00:00:00,0.02300960724679428,2025-09-01 16:00:00,0.02360878026419969,,,,,,,,,,,,,,,,
XRP-USD,4h,swing_short,DT,100,,,True,True,False,True,False,False,False,False,True,,True,False,,True,,,,True,,True,True,,False,2025-06-23 00:00:00,2.013512764553698,2025-07-22 00:00:00,3.55629271011838,2025-08-03 00:00:00,2.769267387192411,2025-08-08 00:00:00,3.3154332521736825,2025-09-01 16:00:00,2.743178645399611,,,,,,,,,,,,,,,,
ZIL-USD,4h,swing_short,DB,85,,,True,True,False,False,False,False,False,False,True,,True,False,,True,,,,True,,True,True,,False,2025-07-21 00:00:00,0.013618810088162889,2025-08-03 00:00:00,0.010405770752439541,2025-08-14 00:00:00,0.012497110990006957,2025-08-20 00:00:00,0.01073191529323536,2025-09-01 16:00:00,0.011101815891178184,,,,,,,,,,,,,,,,
THETA-USD,4h,swing_medium,DT,90,,,True,True,False,True,False,False,False,False,True,,True,False,,True,,,,False,,True,True,,False,2025-06-23 00:00:00,0.5983575267026536,2025-07-23 00:00:00,0.9776835339879028,2025-08-03 00:00:00,0.7286415892658674,2025-08-14 00:00:00,0.9172492345786832,2025-08-20 00:00:00,0.7615908127880339,,,,,,,,,,,,,,,,
ADA-USD,1d,swing_medium,DT,105,,,True,True,True,False,True,True,False,True,True,,False,False,,True,,,,False,,True,True,,False,2025-06-23 00:00:00,0.5411301510006504,2025-07-23 00:00:00,0.9027605176449547,2025-08-03 00:00:00,0.6980981330649948,2025-08-18 00:00:00,0.9632097962031909,2025-09-01 00:00:00,0.8059569516508434,,,,,,,,,,,,,,,,
AVAX-USD,1d,swing_medium,DT,105,,,True,True,True,False,True,True,False,True,True,,False,False,,True,,,,False,,True,True,,False,2025-06-23 00:00:00,16.504194814921206,2025-07-28 00:00:00,25.960361202926606,2025-08-03 00:00:00,20.893413835769646,2025-08-24 00:00:00,26.197598643676205,2025-09-01 00:00:00,23.42296952162818,,,,,,,,,,,,,,,,
CHZ-USD,1d,swing_medium,DB,85,,,True,True,False,False,False,False,False,False,True,,True,False,,True,,,,True,,True,True,,False,2025-07-22 00:00:00,0.046327113667694354,2025-08-03 00:00:00,0.037112457158448485,2025-08-14 00:00:00,0.04446240651001289,2025-08-26 00:00:00,0.03828625975083752,2025-09-01 00:00:00,0.03994884805391859,,,,,,,,,,,,,,,,
DOGE-USD,1d,swing_medium,DB,100,,,True,True,False,True,False,False,False,False,True,,True,False,,True,,,,True,,True,True,,False,2025-07-21 00:00:00,0.27294634200835066,2025-08-03 00:00:00,0.1916269540469158,2025-08-14 00:00:00,0.24549919437970946,2025-08-20 00:00:00,0.20911047499485522,2025-09-01 00:00:00,0.2138121881539986,,,,,,,,,,,,,,,,
DOT-USD,1d,swing_medium,DT,110,,,True,True,True,True,False,False,False,False,True,,True,True,,True,,,,True,,True,True,,False,2025-06-23 00:00:00,3.155690434118208,2025-07-23 00:00:00,4.541929356743654,2025-08-03 00:00:00,3.5097263835436174,2025-08-14 00:00:00,4.28768471671229,2025-08-20 00:00:00,3.716261938519478,,,,,,,,,,,,,,,,
EGLD-USD,1d,swing_medium,DT,75,,,True,True,False,False,False,False,False,False,True,,True,False,,True,,,,False,,True,True,,False,2025-06-23 00:00:00,12.025219088414275,2025-07-23 00:00:00,18.148134333494934,2025-08-03 00:00:00,13.792756658898938,2025-08-14 00:00:00,16.753853363579353,2025-09-01 00:00:00,14.019464716992536,,,,,,,,,,,,,,,,
ETC-USD,1d,swing_medium,DT,100,,,True,True,False,True,False,False,False,False,True,,True,False,,True,,,,True,,True,True,,False,2025-06-23 00:00:00,15.176161369400132,2025-07-21 00:00:00,24.63621267134806,2025-08-03 00:00:00,19.22321911065562,2025-08-23 00:00:00,24.471247382977555,2025-09-01 00:00:00,20.513052087599824,,,,,,,,,,,,,,,,
FIL-USD,1d,swing_medium,DB,91,,,True,True,True,False,False,False,False,True,True,,False,False,,True,,,,True,,True,True,,False,2025-07-23 00:00:00,2.9283455693340734,2025-08-03 00:00:00,2.27151701116351,2025-08-14 00:00:00,2.7418771206563184,2025-08-26 00:00:00,2.1880295726633876,2025-09-01 00:00:00,2.316258918941093,,,,,,,,,,,,,,,,
ICP-USD,1d,swing_medium,DT,90,,,True,True,False,True,False,False,False,False,True,,True,False,,True,,,,False,,True,True,,False,2025-06-23 00:00:00,4.552421589729337,2025-07-22 00:00:00,6.150058629141084,2025-08-03 00:00:00,4.951676203152584,2025-08-14 00:00:00,6.030592504797937,2025-09-01 00:00:00,4.7103660731798165,,,,,,,,,,,,,,,,
MANA-USD,1d,swing_medium,DB,75,,,True,True,False,False,False,False,False,False,True,,True,False,,True,,,,False,,True,True,,False,2025-07-23 00:00:00,0.3546830755549202,2025-08-03 00:00:00,0.2671120512633413,2025-08-14 00:00:00,0.32097410879416804,2025-08-20 00:00:00,0.2722484245926382,2025-09-01 00:00:00,0.2879335079978487,,,,,,,,,,,,,,,,
NEAR-USD,1d,swing_medium,DT,100,,,True,True,False,True,False,False,False,False,True,,True,False,,True,,,,True,,True,True,,False,2025-06-23 00:00:00,1.8967218593053334,2025-07-22 00:00:00,3.0251192086181953,2025-08-03 00:00:00,2.347029955191016,2025-08-14 00:00:00,2.9936942774436037,2025-09-01 00:00:00,2.352098090622847,,,,,,,,,,,,,,,,
NEO-USD,1d,swing_medium,DT,110,,,True,True,True,False,True,True,False,True,True,,False,True,,True,,,,False,,True,True,,False,2025-06-23 00:00:00,5.018562764687151,2025-07-21 00:00:00,7.543112526217204,2025-08-03 00:00:00,5.656094756942102,2025-08-25 00:00:00,7.759835474340711,2025-09-01 00:00:00,6.47874826146677,,,,,,,,,,,,,,,,
THETA-USD,1d,swing_medium,DB,100,,,True,True,False,True,False,False,False,False,True,,True,False,,True,,,,True,,True,True,,False,2025-07-23 00:00:00,0.9776835339879028,2025-08-03 00:00:00,0.7286415892658674,2025-08-14 00:00:00,0.9172492345786832,2025-08-20 00:00:00,0.7615908127880339,2025-09-01 00:00:00,0.7811412464420303,,,,,,,,,,,,,,,,
VET-USD,1d,swing_medium,DT,85,,,True,True,True,False,False,False,False,False,True,,True,True,,True,,,,False,,True,True,,False,2025-08-03 00:00:00,0.022215509503292777,2025-08-14 00:00:00,0.026548451516435756,2025-08-20 00:00:00,0.02300960724679428,2025-08-25 00:00:00,0.025992375851607543,2025-09-01 00:00:00,0.02362640196553903,,,,,,,,,,,,,,,,
XRP-USD,1d,swing_medium,DT,100,,,True,True,False,True,False,False,False,False,True,,True,False,,True,,,,True,,True,True,,False,2025-06-23 00:00:00,2.013512764553698,2025-07-22 00:00:00,3.55629271011838,2025-08-03 00:00:00,2.769267387192411,2025-08-08 00:00:00,3.3154332521736825,2025-09-01 00:00:00,2.7436721498200622,,,,,,,,,,,,,,,,
ZIL-USD,1d,swing_medium,DB,85,,,True,True,False,False,False,False,False,False,True,,True,False,,True,,,,True,,True,True,,False,2025-07-21 00:00:00,0.013618810088162889,2025-08-03 00:00:00,0.010405770752439541,2025-08-14 00:00:00,0.012497110990006957,2025-08-20 00:00:00,0.01073191529323536,2025-09-01 00:00:00,0.011233111406441107,,,,,,,,,,,,,,,,
DOGE-USD,4h,swing_long,DT,100,,,True,True,False,True,False,False,False,False,True,,True,False,,True,,,,True,,True,True,,False,2025-06-23 00:00:00,0.15114781788974174,2025-07-21 00:00:00,0.27294634200835066,2025-08-03 00:00:00,0.1916269540469158,2025-08-14 00:00:00,0.24549919437970946,2025-09-01 16:00:00,0.21190911232889578,,,,,,,,,,,,,,,,
FLOW-USD,4h,swing_long,DT,100,,,True,True,False,True,False,False,False,False,True,,True,False,,True,,,,True,,True,True,,False,2025-06-23 00:00:00,0.303247503762896,2025-07-21 00:00:00,0.4492532731334246,2025-08-03 00:00:00,0.35273497822197086,2025-08-29 00:00:00,0.4388165228315595,2025-09-01 16:00:00,0.4014044145952778,,,,,,,,,,,,,,,,
VET-USD,1d,swing_long,DB,100,,,True,True,False,True,False,False,False,False,True,,True,False,,True,,,,True,,True,True,,False,2025-07-22 00:00:00,0.02842580245456641,2025-08-03 00:00:00,0.022215509503292777,2025-08-14 00:00:00,0.026548451516435756,2025-08-20 00:00:00,0.02300960724679428,2025-09-01 00:00:00,0.024164188299964362,,,,,,,,,,,,,,,,
AAVE-USD,1wk,swing_long,DT,75,,,True,True,False,False,False,False,False,False,True,,True,False,,True,,,,False,,True,True,,False,2024-07-14 00:00:00,78.16616689711162,2024-12-29 00:00:00,383.48797792661935,2025-04-13 00:00:00,124.95374312773335,2025-08-24 00:00:00,356.9730798268126,2025-09-07 00:00:00,306.51218237526973,,,,,,,,,,,,,,,,
ALGO-USD,1wk,swing_long,OCO,85,True,True,,,False,,False,False,False,False,,True,,False,True,,True,False,True,,True,,,True,False,2023-09-17 00:00:00,,,,,,,,,,2024-03-17 00:00:00,0.31862247649973874,2024-11-10 00:00:00,0.10914309090537405,2024-12-08 00:00:00,0.5127886219280953,2025-04-13 00:00:00,0.154441446894591,2025-07-20 00:00:00,0.32119621584769675,2025-09-07 00:00:00,0.22867901591496054,,,,
LINK-USD,1wk,swing_long,OCO,90,True,True,,,False,,False,False,True,False,,True,,False,True,,True,False,True,,True,,,True,False,2023-09-17 00:00:00,,,,,,,,,,2024-03-17 00:00:00,21.638352419584805,2024-08-11 00:00:00,9.49453042789809,2024-12-22 00:00:00,29.432030859686797,2025-04-13 00:00:00,10.89326505450453,2025-08-24 00:00:00,26.74635122187289,2025-09-07 00:00:00,22.79178303595125,,,,
LINK-USD,1wk,swing_long,DT,85,,,True,True,False,False,False,False,False,False,True,,True,False,,True,,,,True,,True,True,,False,2024-08-11 00:00:00,9.49453042789809,2024-12-22 00:00:00,29.432030859686797,2025-04-13 00:00:00,10.89326505450453,2025-08-24 00:00:00,26.74635122187289,2025-09-07 00:00:00,22.79178303595125,,,,,,,,,,,,,,,,
LTC-USD,1wk,swing_long,DT,100,,,True,True,False,True,False,False,False,False,True,,True,False,,True,,,,True,,True,True,,False,2024-08-11 00:00:00,56.01645960946845,2025-01-19 00:00:00,136.85856621907038,2025-04-13 00:00:00,68.98458275503194,2025-08-17 00:00:00,130.95841495874757,2025-09-07 00:00:00,108.79668113848342,,,,,,,,,,,,,,,,
QNT-USD,1wk,swing_long,DT,110,,,True,True,True,True,False,False,False,False,True,,True,True,,True,,,,True,,True,True,,False,2024-11-10 00:00:00,56.05650656641289,2024-12-08 00:00:00,165.8140598202964,2025-04-13 00:00:00,59.79671883480051,2025-07-27 00:00:00,135.0026924325842,2025-09-07 00:00:00,101.0450415147573,,,,,,,,,,,,,,,,
SOL-USD,1wk,swing_long,OCO,128,True,True,,,True,,True,True,False,True,,True,,False,True,,True,False,False,,True,,,True,False,2023-09-17 00:00:00,,,,,,,,,,2024-04-07 00:00:00,202.81432536234064,2024-09-08 00:00:00,124.88794928540135,2025-01-19 00:00:00,262.5615764589647,2025-04-13 00:00:00,105.48654682895575,2025-08-31 00:00:00,214.54958917125032,2025-09-07 00:00:00,199.03184440907478,,,,
XLM-USD,1wk,swing_long,DT,100,,,True,True,False,True,False,False,False,False,True,,True,False,,True,,,,True,,True,True,,False,2024-07-14 00:00:00,0.08376970477753354,2024-12-08 00:00:00,0.5592038262557358,2025-04-13 00:00:00,0.22063896393246105,2025-07-20 00:00:00,0.5029664469411925,2025-09-07 00:00:00,0.352449938558209,,,,,,,,,,,,,,,,
XRP-USD,1wk,swing_long,DT,130,,,True,True,True,True,True,True,False,True,True,,False,False,,True,,,,True,,True,True,,False,2024-10-27 00:00:00,0.500895433917532,2025-01-19 00:00:00,3.3071606262102122,2025-04-13 00:00:00,1.791941720267648,2025-07-27 00:00:00,3.55629271011838,2025-09-07 00:00:00,2.7459930717865864,,,,,,,,,,,,,,,,
ZIL-USD,1wk,swing_long,DB,85,,,True,True,False,False,False,False,False,False,True,,True,False,,True,,,,True,,True,True,,False,2024-12-08 00:00:00,0.03593229113947479,2025-04-13 00:00:00,0.009590449554681883,2025-05-18 00:00:00,0.014971492975361282,2025-06-29 00:00:00,0.00990330329758763,2025-09-07 00:00:00,0.011233111406441107,,,,,,,,,,,,,,,,
DOGE-USD,1d,position_trend,DT,100,,,True,True,False,True,False,False,False,False,True,,True,False,,True,,,,True,,True,True,,False,2025-06-23 00:00:00,0.15114781788974174,2025-07-21 00:00:00,0.27294634200835066,2025-08-03 00:00:00,0.1916269540469158,2025-08-14 00:00:00,0.24549919437970946,2025-09-01 00:00:00,0.21224471376733492,,,,,,,,,,,,,,,,
FLOW-USD,1d,position_trend,DT,100,,,True,True,False,True,False,False,False,False,True,,True,False,,True,,,,True,,True,True,,False,2025-06-23 00:00:00,0.303247503762896,2025-07-21 00:00:00,0.4492532731334246,2025-08-03 00:00:00,0.35273497822197086,2025-08-29 00:00:00,0.4388165228315595,2025-09-01 00:00:00,0.4019281799807679,,,,,,,,,,,,,,,,
NEO-USD,1d,position_trend,TT,90,,,True,True,True,False,False,False,False,False,True,,,True,True,,True,,,True,,True,True,,False,2025-04-03 00:00:00,4.611555734249214,2025-05-14 00:00:00,7.39537640316285,2025-06-23 00:00:00,5.018562764687151,2025-07-21 00:00:00,7.543112526217204,2025-08-03 00:00:00,5.656094756942102,,,,,,,,,,,,,2025-08-25 00:00:00,7.759835474340711,2025-09-01 00:00:00,6.485740992216683
THETA-USD,1d,position_trend,DT,90,,,True,True,False,True,False,False,False,False,True,,True,False,,True,,,,False,,True,True,,False,2025-06-23 00:00:00,0.5983575267026536,2025-07-23 00:00:00,0.9776835339879028,2025-08-03 00:00:00,0.7286415892658674,2025-08-14 00:00:00,0.9172492345786832,2025-09-01 00:00:00,0.7711948725218492,,,,,,,,,,,,,,,,
VET-USD,1d,position_trend,DT,110,,,True,True,True,True,False,False,False,False,True,,True,True,,True,,,,True,,True,True,,False,2025-06-23 00:00:00,0.019282989680413178,2025-07-22 00:00:00,0.02842580245456641,2025-08-03 00:00:00,0.022215509503292777,2025-08-14 00:00:00,0.026548451516435756,2025-09-01 00:00:00,0.02367328626164263,,,,,,,,,,,,,,,,
AVAX-USD,1mo,position_trend,DB,90,,,True,True,False,True,False,False,False,False,True,,True,False,,True,,,,False,,True,True,,False,2021-11-30 00:00:00,134.46974746173134,2023-09-30 00:00:00,8.779631401560618,2024-03-31 00:00:00,60.39187170430152,2025-04-30 00:00:00,15.976458681568712,2025-09-30 00:00:00,23.522948603848686,,,,,,,,,,,,,,,,
BCH-USD,1mo,position_trend,DB,100,,,True,True,False,True,False,False,False,False,True,,True,False,,True,,,,True,,True,True,,False,2021-05-31 00:00:00,1547.0824648622422,2022-11-30 00:00:00,88.58256008701515,2024-04-30 00:00:00,695.3362590897877,2025-04-30 00:00:00,268.92150974970974,2025-09-30 00:00:00,544.8327023700118,,,,,,,,,,,,,,,,
CRO-USD,1mo,position_trend,OCO,85,True,True,,,False,,False,False,False,False,,True,,False,True,,True,False,True,,True,,,True,False,2019-02-28 00:00:00,,,,,,,,,,2019-07-31 00:00:00,0.10411491864100594,2019-12-31 00:00:00,0.025861716041469196,2021-11-30 00:00:00,0.8915442855135514,2023-10-31 00:00:00,0.048990945458024945,2025-08-31 00:00:00,0.3306342317322326,2025-09-30 00:00:00,0.26995768040862234,,,,
DOGE-USD,1mo,position_trend,DT,85,,,True,True,False,False,False,False,False,False,True,,True,False,,True,,,,True,,True,True,,False,2020-03-31 00:00:00,0.0014834682898671341,2021-05-31 00:00:00,0.6818416367796407,2022-06-30 00:00:00,0.0531175932093537,2024-12-31 00:00:00,0.4665030913917874,2025-09-30 00:00:00,0.21241113032647085,,,,,,,,,,,,,,,,
DOT-USD,1mo,position_trend,DB,80,,,True,True,False,False,False,False,False,False,True,,False,False,,True,,,,True,,True,True,,False,2021-11-30 00:00:00,54.14285984546231,2023-10-31 00:00:00,3.650632105878964,2024-03-31 00:00:00,11.46316373625031,2025-06-30 00:00:00,3.155690434118208,2025-09-30 00:00:00,3.7406605099674457,,,,,,,,,,,,,,,,
EGLD-USD,1mo,position_trend,DB,96,,,True,True,True,False,False,False,True,True,True,,False,False,,True,,,,True,,True,True,,False,2021-11-30 00:00:00,488.7063069218159,2023-09-30 00:00:00,22.682022410217964,2024-03-31 00:00:00,74.71227800199082,2025-06-30 00:00:00,12.025219088414275,2025-09-30 00:00:00,14.180421818154063,,,,,,,,,,,,,,,,
ETH-USD,1mo,position_trend,DT,96,,,True,True,True,True,False,False,False,True,True,,False,False,,True,,,,False,,True,True,,False,2022-06-30 00:00:00,995.2525692707909,2024-03-31 00:00:00,4070.6040749869985,2025-04-30 00:00:00,1471.3608854365523,2025-08-31 00:00:00,4829.225541798332,2025-09-30 00:00:00,4345.555941197105,,,,,,,,,,,,,,,,
ETH-USD,1mo,position_trend,TT,130,,,True,True,True,True,True,True,False,True,True,,,False,True,,True,,,True,,True,True,,False,2020-03-31 00:00:00,110.5978978308351,2021-11-30 00:00:00,4815.004634322234,2022-06-30 00:00:00,995.2525692707909,2024-03-31 00:00:00,4070.6040749869985,2025-04-30 00:00:00,1471.3608854365523,,,,,,,,,,,,,2025-08-31 00:00:00,4829.225541798332,2025-09-30 00:00:00,4345.555941197105
HBAR-USD,1mo,position_trend,DT,75,,,True,True,False,False,False,False,False,False,True,,True,False,,True,,,,False,,True,True,,False,2020-01-31 00:00:00,0.010077358924666307,2021-09-30 00:00:00,0.5088376840865344,2023-01-31 00:00:00,0.036518934135121466,2025-01-31 00:00:00,0.37543203852338136,2025-09-30 00:00:00,0.21520262513552116,,,,,,,,,,,,,,,,
LDO-USD,1mo,position_trend,DB,90,,,True,True,False,True,False,False,False,False,True,,True,False,,True,,,,False,,True,True,,False,2021-08-31 00:00:00,6.361181766698421,2022-07-31 00:00:00,0.4467626305192214,2024-01-31 00:00:00,3.782530359974777,2025-04-30 00:00:00,0.6270771204468525,2025-09-30 00:00:00,1.1919359145913162,,,,,,,,,,,,,,,,
NEAR-USD,1mo,position_trend,DB,80,,,True,True,False,False,False,False,True,False,True,,True,False,,True,,,,False,,True,True,,False,2022-01-31 00:00:00,20.23676126297608,2023-10-31 00:00:00,0.9867185021762827,2024-03-31 00:00:00,8.815939885339905,2025-06-30 00:00:00,1.8967218593053334,2025-09-30 00:00:00,2.368535722793571,,,,,,,,,,,,,,,,
QNT-USD,1mo,position_trend,DT,90,,,True,True,False,True,False,False,False,False,True,,True,False,,True,,,,False,,True,True,,False,2022-06-30 00:00:00,44.29885557021513,2022-10-31 00:00:00,207.34157106799503,2024-11-30 00:00:00,56.05650656641289,2024-12-31 00:00:00,165.8140598202964,2025-09-30 00:00:00,101.04290289661324,,,,,,,,,,,,,,,,
SHIB-USD,1mo,position_trend,DB,100,,,True,True,False,True,False,False,False,False,True,,True,False,,True,,,,True,,True,True,,False,2021-10-31 00:00:00,8.190452229022356e-05,2023-06-30 00:00:00,6.5697746065024775e-06,2024-03-31 00:00:00,3.628841023825325e-05,2025-06-30 00:00:00,1.0588172760271078e-05,2025-09-30 00:00:00,1.2187873843059712e-05,,,,,,,,,,,,,,,,
THETA-USD,1mo,position_trend,DB,90,,,True,True,False,False,False,False,True,False,True,,True,False,,True,,,,True,,True,True,,False,2021-04-30 00:00:00,14.10005641603163,2023-10-31 00:00:00,0.5652016187524109,2024-03-31 00:00:00,3.477429581872135,2025-06-30 00:00:00,0.5983575267026536,2025-09-30 00:00:00,0.7811412464420303,,,,,,,,,,,,,,,,
VET-USD,1mo,position_trend,DB,85,,,True,True,False,False,False,False,False,False,True,,True,False,,True,,,,True,,True,True,,False,2021-04-30 00:00:00,0.2607873694036083,2023-06-30 00:00:00,0.01472029052277697,2024-12-31 00:00:00,0.07776334901890973,2025-06-30 00:00:00,0.019282989680413178,2025-09-30 00:00:00,0.024164188299964362,,,,,,,,,,,,,,,,
XMR-USD,1mo,position_trend,DT,100,,,True,True,False,True,False,False,False,False,True,,True,False,,True,,,,True,,True,True,,False,2020-03-31 00:00:00,32.51244849562076,2021-05-31 00:00:00,479.60549079186603,2022-06-30 00:00:00,104.21384409837846,2025-05-31 00:00:00,417.17564867019206,2025-09-30 00:00:00,260.5754431398404,,,,,,,,,,,,,,,,
ADA-USD,1mo,macro_trend_primary,OCO,85,True,True,,,False,,False,False,False,False,,True,,False,True,,True,False,True,,True,,,True,False,2017-11-30 00:00:00,,,,,,,,,,2018-01-31 00:00:00,1.1793470150411156,2020-03-31 00:00:00,0.023715965392713114,2021-09-30 00:00:00,2.96707544958908,2023-09-30 00:00:00,0.24155171741015333,2024-12-31 00:00:00,1.2330018039218942,2025-09-30 00:00:00,0.8072630942407907,,,,
NEO-USD,1mo,macro_trend_primary,DB,106,,,True,True,True,True,False,False,False,True,True,,False,False,,True,,,,True,,True,True,,False,2021-05-31 00:00:00,122.45361062373694,2022-12-31 00:00:00,6.052089627373381,2024-12-31 00:00:00,25.213449515207817,2025-04-30 00:00:00,4.611555734249214,2025-09-30 00:00:00,6.67942989944394,,,,,,,,,,,,,,,,
