ticker,intervalo,estrategia_zigzag,tipo_padrao,score_total,valid_base_tendencia,valid_contexto_cabeca,valid_divergencia_macd,valid_divergencia_rsi,valid_extremo_cabeca,valid_neckline_plana,valid_ombro_direito_fraco,valid_perfil_volume,valid_proeminencia_cabeca,valid_simetria_ombros,p0_idx,data_inicio,ombro1_preco,neckline1_idx,neckline1_preco,data_cabeca,cabeca_preco,neckline2_idx,neckline2_preco,data_fim,ombro2_preco,label_humano
BTC-USD,1m,micro_structure,OCO,90,True,True,True,True,True,True,False,False,True,True,2025-07-26 21:15:00+00:00,2025-07-26 22:27:00+00:00,118265.59375,2025-07-27 00:11:00+00:00,117872.5,2025-07-27 06:47:00+00:00,118440.515625,2025-07-27 09:35:00+00:00,117905.5078125,2025-07-27 10:54:00+00:00,118335.84375,-1.0
BTC-USD,1m,micro_structure,OCOI,95,True,True,True,True,True,True,False,True,True,True,2025-07-30 12:43:00+00:00,2025-07-30 13:16:00+00:00,117535.2734375,2025-07-30 13:17:00+00:00,117792.0546875,2025-07-30 13:33:00+00:00,117472.3359375,2025-07-30 13:47:00+00:00,117786.390625,2025-07-30 13:51:00+00:00,117513.671875,-1.0
BTC-USD,1m,micro_structure,OCOI,75,True,True,False,True,True,True,True,False,False,True,2025-07-31 13:57:00+00:00,2025-07-31 14:59:00+00:00,117908.4140625,2025-07-31 15:04:00+00:00,118182.3046875,2025-07-31 15:12:00+00:00,117904.265625,2025-07-31 15:19:00+00:00,118174.3203125,2025-07-31 15:24:00+00:00,117930.515625,-1.0
ETH-USD,1m,micro_structure,OCO,75,True,True,True,False,True,True,True,True,False,True,2025-07-26 14:29:00+00:00,2025-07-26 14:54:00+00:00,3738.607421875,2025-07-26 15:17:00+00:00,3721.523193359375,2025-07-26 16:03:00+00:00,3738.9013671875,2025-07-26 16:10:00+00:00,3723.392822265625,2025-07-26 16:33:00+00:00,3735.5185546875,-1.0
ETH-USD,1m,micro_structure,OCO,85,True,True,True,True,True,True,False,True,False,True,2025-07-27 09:56:00+00:00,2025-07-27 10:50:00+00:00,3833.721435546875,2025-07-27 11:08:00+00:00,3813.7841796875,2025-07-27 11:18:00+00:00,3836.48193359375,2025-07-27 11:49:00+00:00,3809.149658203125,2025-07-27 12:15:00+00:00,3834.479248046875,-1.0
ETH-USD,1m,micro_structure,OCO,100,True,True,True,True,True,True,True,True,True,True,2025-07-29 03:38:00+00:00,2025-07-29 03:49:00+00:00,3793.63037109375,2025-07-29 03:53:00+00:00,3780.813720703125,2025-07-29 04:15:00+00:00,3800.61865234375,2025-07-29 04:53:00+00:00,3777.30810546875,2025-07-29 05:14:00+00:00,3792.880859375,-1.0
ETH-USD,1m,micro_structure,OCOI,85,True,True,False,True,True,True,True,False,True,True,2025-07-29 10:34:00+00:00,2025-07-29 11:10:00+00:00,3822.270263671875,2025-07-29 11:32:00+00:00,3837.653564453125,2025-07-29 11:42:00+00:00,3813.5478515625,2025-07-29 12:04:00+00:00,3841.601806640625,2025-07-29 12:12:00+00:00,3824.8662109375,-1.0
ETH-USD,1m,micro_structure,OCO,70,True,True,False,False,True,True,True,False,True,True,2025-07-29 15:33:00+00:00,2025-07-29 15:34:00+00:00,3765.6064453125,2025-07-29 15:43:00+00:00,3752.098388671875,2025-07-29 15:55:00+00:00,3770.46630859375,2025-07-29 16:13:00+00:00,3751.310546875,2025-07-29 16:17:00+00:00,3760.87060546875,0.0
ETH-USD,1m,micro_structure,OCOI,75,True,True,False,False,True,True,True,True,True,True,2025-07-29 16:17:00+00:00,2025-07-29 16:20:00+00:00,3744.70703125,2025-07-29 16:22:00+00:00,3757.955810546875,2025-07-29 16:39:00+00:00,3719.00927734375,2025-07-29 16:50:00+00:00,3755.862548828125,2025-07-29 17:02:00+00:00,3746.6142578125,0.0
ETH-USD,1m,micro_structure,OCO,95,True,True,True,True,True,True,False,True,True,True,2025-07-29 17:02:00+00:00,2025-07-29 17:15:00+00:00,3770.545166015625,2025-07-29 17:21:00+00:00,3762.77587890625,2025-07-29 17:32:00+00:00,3789.53857421875,2025-07-29 17:45:00+00:00,3761.1865234375,2025-07-29 18:02:00+00:00,3773.2041015625,0.0
ETH-USD,1m,micro_structure,OCO,75,True,True,False,False,True,True,True,True,True,True,2025-07-29 18:24:00+00:00,2025-07-29 18:39:00+00:00,3775.23388671875,2025-07-29 18:57:00+00:00,3763.833251953125,2025-07-29 19:18:00+00:00,3791.32373046875,2025-07-29 19:29:00+00:00,3761.31494140625,2025-07-29 19:47:00+00:00,3774.24365234375,0.0
ETH-USD,1m,micro_structure,OCOI,90,True,True,False,True,True,True,True,True,True,True,2025-07-30 07:32:00+00:00,2025-07-30 07:57:00+00:00,3805.75537109375,2025-07-30 08:09:00+00:00,3821.076171875,2025-07-30 08:16:00+00:00,3801.7314453125,2025-07-30 08:54:00+00:00,3824.544677734375,2025-07-30 09:03:00+00:00,3810.322265625,0.0
ETH-USD,1m,micro_structure,OCO,90,True,True,True,True,True,True,False,False,True,True,2025-07-30 12:38:00+00:00,2025-07-30 12:42:00+00:00,3779.90478515625,2025-07-30 12:45:00+00:00,3770.48291015625,2025-07-30 13:07:00+00:00,3782.829345703125,2025-07-30 13:15:00+00:00,3770.4765625,2025-07-30 13:17:00+00:00,3781.017822265625,0.0
ETH-USD,1m,micro_structure,OCOI,70,True,True,False,False,True,True,False,True,True,True,2025-07-31 00:49:00+00:00,2025-07-31 00:52:00+00:00,3836.8056640625,2025-07-31 00:59:00+00:00,3846.0302734375,2025-07-31 01:18:00+00:00,3830.3076171875,2025-07-31 01:31:00+00:00,3848.6640625,2025-07-31 02:06:00+00:00,3833.937255859375,0.0
ETH-USD,1m,micro_structure,OCO,70,True,True,False,False,True,True,False,True,True,True,2025-07-31 04:30:00+00:00,2025-07-31 05:00:00+00:00,3870.232421875,2025-07-31 06:15:00+00:00,3856.210693359375,2025-07-31 06:55:00+00:00,3877.044921875,2025-07-31 08:06:00+00:00,3859.2333984375,2025-07-31 08:45:00+00:00,3872.1552734375,
ETH-USD,1m,micro_structure,OCOI,100,True,True,True,True,True,True,True,True,True,True,2025-08-01 08:00:00+00:00,2025-08-01 08:07:00+00:00,3603.00390625,2025-08-01 08:19:00+00:00,3620.7724609375,2025-08-01 08:36:00+00:00,3590.018310546875,2025-08-01 08:47:00+00:00,3620.494873046875,2025-08-01 09:01:00+00:00,3609.1474609375,
SOL-USD,1m,micro_structure,OCO,85,True,True,True,False,True,True,True,True,True,True,2025-07-28 16:07:00+00:00,2025-07-28 16:32:00+00:00,187.24127197265625,2025-07-28 16:34:00+00:00,186.8406219482422,2025-07-28 16:50:00+00:00,187.7750244140625,2025-07-28 16:58:00+00:00,186.76089477539065,2025-07-28 17:14:00+00:00,187.1764373779297,
SOL-USD,1m,micro_structure,OCO,70,True,True,False,False,True,True,False,True,True,True,2025-07-28 18:22:00+00:00,2025-07-28 18:28:00+00:00,185.0358428955078,2025-07-28 18:39:00+00:00,183.94091796875,2025-07-28 19:07:00+00:00,186.28944396972656,2025-07-28 19:50:00+00:00,183.98599243164065,2025-07-28 20:03:00+00:00,185.32052612304688,
SOL-USD,1m,micro_structure,OCOI,95,True,True,True,True,True,True,False,True,True,True,2025-07-29 01:34:00+00:00,2025-07-29 02:02:00+00:00,181.76123046875,2025-07-29 02:16:00+00:00,182.176010131836,2025-07-29 02:25:00+00:00,181.1332092285156,2025-07-29 02:35:00+00:00,182.0850982666016,2025-07-29 02:43:00+00:00,181.53927612304688,
SOL-USD,1m,micro_structure,OCOI,75,True,True,True,False,True,True,True,True,False,True,2025-07-30 02:17:00+00:00,2025-07-30 02:34:00+00:00,181.5435943603516,2025-07-30 02:56:00+00:00,182.13673400878903,2025-07-30 03:13:00+00:00,181.52012634277344,2025-07-30 03:46:00+00:00,182.0541381835937,2025-07-30 03:50:00+00:00,181.64205932617188,
SOL-USD,1m,micro_structure,OCO,90,True,True,True,True,True,True,True,True,False,True,2025-07-30 11:52:00+00:00,2025-07-30 12:30:00+00:00,177.85897827148438,2025-07-30 12:38:00+00:00,177.02908325195312,2025-07-30 13:14:00+00:00,177.8889617919922,2025-07-30 13:33:00+00:00,176.87875366210938,2025-07-30 13:40:00+00:00,177.67713928222656,
SOL-USD,1m,micro_structure,OCO,85,True,True,True,False,True,True,True,True,True,True,2025-07-31 20:28:00+00:00,2025-07-31 20:31:00+00:00,175.24729919433594,2025-07-31 20:40:00+00:00,174.5936279296875,2025-07-31 21:06:00+00:00,175.4915008544922,2025-07-31 21:26:00+00:00,174.41891479492188,2025-07-31 21:34:00+00:00,175.227294921875,
SOL-USD,1m,micro_structure,OCO,95,True,True,True,True,True,True,True,False,True,True,2025-08-01 08:37:00+00:00,2025-08-01 08:55:00+00:00,168.3067169189453,2025-08-01 09:01:00+00:00,167.6410369873047,2025-08-01 09:05:00+00:00,168.47988891601562,2025-08-01 09:16:00+00:00,167.77859497070312,2025-08-01 09:25:00+00:00,168.2855987548828,
SOL-USD,1m,micro_structure,OCOI,75,True,True,False,False,True,True,True,True,True,True,2025-08-01 09:25:00+00:00,2025-08-01 09:37:00+00:00,167.82334899902344,2025-08-01 09:46:00+00:00,168.26840209960938,2025-08-01 10:02:00+00:00,167.27474975585938,2025-08-01 10:22:00+00:00,168.36419677734375,2025-08-01 10:27:00+00:00,168.00379943847656,
SOL-USD,1m,micro_structure,OCO,95,True,True,True,True,True,True,False,True,True,True,2025-08-01 10:02:00+00:00,2025-08-01 10:22:00+00:00,168.36419677734375,2025-08-01 10:27:00+00:00,168.00379943847656,2025-08-01 11:01:00+00:00,168.50872802734375,2025-08-01 11:09:00+00:00,168.0519256591797,2025-08-01 11:17:00+00:00,168.4713897705078,
HBAR-USD,1m,micro_structure,OCOI,80,True,True,True,False,True,True,True,False,True,True,2025-07-26 02:40:00+00:00,2025-07-26 02:47:00+00:00,0.2662217319011688,2025-07-26 02:55:00+00:00,0.2678515613079071,2025-07-26 03:37:00+00:00,0.2628959715366363,2025-07-26 03:58:00+00:00,0.2677889466285705,2025-07-26 04:08:00+00:00,0.2667818665504455,
HBAR-USD,1m,micro_structure,OCOI,70,True,True,False,False,True,True,False,True,True,True,2025-07-26 14:58:00+00:00,2025-07-26 15:01:00+00:00,0.2816178500652313,2025-07-26 15:07:00+00:00,0.2833418548107147,2025-07-26 15:22:00+00:00,0.2798691391944885,2025-07-26 15:28:00+00:00,0.2834731638431549,2025-07-26 15:32:00+00:00,0.2810148894786834,
HBAR-USD,1m,micro_structure,OCO,75,True,True,False,False,True,True,True,True,True,True,2025-07-28 13:16:00+00:00,2025-07-28 13:19:00+00:00,0.2796092629432678,2025-07-28 13:34:00+00:00,0.277729868888855,2025-07-28 13:43:00+00:00,0.2800707519054413,2025-07-28 13:58:00+00:00,0.2780616879463196,2025-07-28 14:10:00+00:00,0.2791255116462707,
HBAR-USD,1m,micro_structure,OCOI,95,True,True,True,True,True,True,False,True,True,True,2025-07-29 09:49:00+00:00,2025-07-29 10:17:00+00:00,0.2726122140884399,2025-07-29 10:36:00+00:00,0.2736982405185699,2025-07-29 11:02:00+00:00,0.2717207074165344,2025-07-29 11:32:00+00:00,0.2735532820224762,2025-07-29 11:38:00+00:00,0.2721284925937652,
HBAR-USD,1m,micro_structure,OCO,70,True,True,False,False,True,True,False,True,True,True,2025-07-29 22:16:00+00:00,2025-07-29 22:57:00+00:00,0.2635485231876373,2025-07-29 23:20:00+00:00,0.2625788152217865,2025-07-29 23:40:00+00:00,0.2647322118282318,2025-07-30 00:12:00+00:00,0.2627566456794739,2025-07-30 00:19:00+00:00,0.2640663385391235,
HBAR-USD,1m,micro_structure,OCO,90,True,True,False,True,True,True,True,True,True,True,2025-07-30 01:19:00+00:00,2025-07-30 01:52:00+00:00,0.2639813125133514,2025-07-30 02:11:00+00:00,0.262747585773468,2025-07-30 02:17:00+00:00,0.2645201086997986,2025-07-30 02:40:00+00:00,0.2628600597381592,2025-07-30 02:43:00+00:00,0.2636377811431885,
HBAR-USD,1m,micro_structure,OCO,75,True,True,False,False,True,True,True,True,True,True,2025-07-30 19:11:00+00:00,2025-07-30 19:58:00+00:00,0.2564414441585541,2025-07-30 20:02:00+00:00,0.2557883560657501,2025-07-30 20:16:00+00:00,0.2588613629341125,2025-07-30 20:37:00+00:00,0.2556213140487671,2025-07-30 20:43:00+00:00,0.2563291192054748,
HBAR-USD,1m,micro_structure,OCO,70,True,True,False,False,True,True,True,False,True,True,2025-07-31 13:38:00+00:00,2025-07-31 13:40:00+00:00,0.2674025893211365,2025-07-31 13:46:00+00:00,0.2664040625095367,2025-07-31 13:55:00+00:00,0.2683716714382171,2025-07-31 14:07:00+00:00,0.2662053108215332,2025-07-31 14:11:00+00:00,0.2673072516918182,
HBAR-USD,1m,micro_structure,OCOI,80,True,True,True,False,True,True,False,True,True,True,2025-07-31 23:54:00+00:00,2025-08-01 00:16:00+00:00,0.2480150312185287,2025-08-01 00:23:00+00:00,0.2509100437164306,2025-08-01 00:53:00+00:00,0.2450975477695465,2025-08-01 01:03:00+00:00,0.2506530582904815,2025-08-01 01:19:00+00:00,0.2465859353542328,
BTC-USD,5m,micro_structure,OCOI,75,True,True,False,False,True,True,True,True,True,True,2025-07-30 08:50:00+00:00,2025-07-30 12:10:00+00:00,117419.4609375,2025-07-30 15:00:00+00:00,118745.9609375,2025-07-30 19:05:00+00:00,115869.3359375,2025-07-31 07:20:00+00:00,118902.1640625,2025-07-31 13:35:00+00:00,117855.0859375,
ETH-USD,5m,micro_structure,OCO,85,True,True,True,False,True,True,True,True,True,True,2025-07-28 02:05:00+00:00,2025-07-28 02:35:00+00:00,3902.528076171875,2025-07-28 04:20:00+00:00,3870.15234375,2025-07-28 05:50:00+00:00,3940.652099609375,2025-07-28 11:35:00+00:00,3862.882080078125,2025-07-28 12:25:00+00:00,3889.388427734375,
ETH-USD,5m,micro_structure,OCO,70,True,True,True,False,True,True,True,False,False,True,2025-07-29 16:35:00+00:00,2025-07-29 17:30:00+00:00,3789.53857421875,2025-07-29 18:10:00+00:00,3754.3408203125,2025-07-29 19:15:00+00:00,3791.32373046875,2025-07-29 20:15:00+00:00,3745.085205078125,2025-07-29 20:20:00+00:00,3778.505615234375,
ETH-USD,5m,micro_structure,OCO,75,True,True,False,True,True,True,True,False,False,True,2025-07-30 15:30:00+00:00,2025-07-30 16:20:00+00:00,3813.881103515625,2025-07-30 16:45:00+00:00,3787.56103515625,2025-07-30 17:40:00+00:00,3814.34814453125,2025-07-30 18:00:00+00:00,3783.40234375,2025-07-30 18:20:00+00:00,3813.517333984375,
SOL-USD,5m,micro_structure,OCOI,95,True,True,True,True,True,True,False,True,True,True,2025-07-30 08:50:00+00:00,2025-07-30 09:40:00+00:00,178.89666748046875,2025-07-30 10:40:00+00:00,179.9781494140625,2025-07-30 11:50:00+00:00,176.82437133789062,2025-07-30 14:55:00+00:00,180.2693786621093,2025-07-30 15:30:00+00:00,178.56903076171875,
HBAR-USD,5m,micro_structure,OCO,70,True,True,False,False,True,True,False,True,True,True,2025-07-27 08:35:00+00:00,2025-07-27 08:55:00+00:00,0.2869584560394287,2025-07-27 10:00:00+00:00,0.282032161951065,2025-07-27 10:55:00+00:00,0.2884185910224914,2025-07-27 12:35:00+00:00,0.2829999923706054,2025-07-27 13:30:00+00:00,0.287030816078186,
HBAR-USD,5m,micro_structure,OCO,85,True,True,True,False,True,True,True,True,True,True,2025-07-28 01:35:00+00:00,2025-07-28 02:35:00+00:00,0.2885664701461792,2025-07-28 04:25:00+00:00,0.2847769260406494,2025-07-28 06:15:00+00:00,0.2904410362243652,2025-07-28 08:35:00+00:00,0.2840516269207001,2025-07-28 09:50:00+00:00,0.2868934571743011,
HBAR-USD,5m,micro_structure,OCOI,95,True,True,True,True,True,True,False,True,True,True,2025-07-29 00:15:00+00:00,2025-07-29 00:40:00+00:00,0.2677288949489593,2025-07-29 01:35:00+00:00,0.2707998752593994,2025-07-29 02:55:00+00:00,0.2648593485355377,2025-07-29 04:00:00+00:00,0.2702541053295135,2025-07-29 04:55:00+00:00,0.2674789726734161,
HBAR-USD,5m,micro_structure,OCOI,70,True,True,False,False,True,True,False,True,True,True,2025-07-30 14:55:00+00:00,2025-07-30 16:10:00+00:00,0.2548569738864898,2025-07-30 17:00:00+00:00,0.2585786879062652,2025-07-30 19:10:00+00:00,0.247774988412857,2025-07-30 20:15:00+00:00,0.2588613629341125,2025-07-30 21:45:00+00:00,0.2519145011901855,
HBAR-USD,5m,micro_structure,OCO,85,True,True,False,True,True,True,False,True,True,True,2025-07-31 04:30:00+00:00,2025-07-31 04:40:00+00:00,0.2741220891475677,2025-07-31 04:55:00+00:00,0.2709408104419708,2025-07-31 05:20:00+00:00,0.2747410833835602,2025-07-31 06:15:00+00:00,0.271460622549057,2025-07-31 08:15:00+00:00,0.2746550142765045,
HBAR-USD,5m,micro_structure,OCOI,90,True,True,True,True,True,True,False,False,True,True,2025-07-31 16:35:00+00:00,2025-07-31 18:20:00+00:00,0.2570804953575134,2025-07-31 18:30:00+00:00,0.2591384947299957,2025-07-31 20:05:00+00:00,0.2553007900714874,2025-07-31 21:05:00+00:00,0.258904218673706,2025-07-31 21:25:00+00:00,0.2562048137187958,
BTC-USD,15m,micro_structure,OCOI,75,True,True,False,False,True,True,True,True,True,True,2025-07-30 08:45:00+00:00,2025-07-30 12:00:00+00:00,117419.4609375,2025-07-30 15:00:00+00:00,118745.9609375,2025-07-30 19:00:00+00:00,115869.3359375,2025-07-31 07:15:00+00:00,118902.1640625,2025-07-31 13:30:00+00:00,117855.0859375,
HBAR-USD,15m,micro_structure,OCO,85,True,True,True,False,True,True,True,True,True,True,2025-07-27 12:30:00+00:00,2025-07-27 16:15:00+00:00,0.2906847596168518,2025-07-27 16:45:00+00:00,0.2847475409507751,2025-07-27 22:15:00+00:00,0.2953793406486511,2025-07-28 01:30:00+00:00,0.2843979001045227,2025-07-28 02:30:00+00:00,0.2885664701461792,
HBAR-USD,15m,micro_structure,OCO,75,True,True,False,False,True,True,True,True,True,True,2025-07-28 01:30:00+00:00,2025-07-28 02:30:00+00:00,0.2885664701461792,2025-07-28 04:15:00+00:00,0.2847769260406494,2025-07-28 06:15:00+00:00,0.2904410362243652,2025-07-28 08:30:00+00:00,0.2840516269207001,2025-07-28 09:45:00+00:00,0.2868934571743011,
HBAR-USD,15m,micro_structure,OCOI,95,True,True,True,True,True,True,True,False,True,True,2025-07-29 12:45:00+00:00,2025-07-29 16:30:00+00:00,0.2590742707252502,2025-07-29 17:15:00+00:00,0.2653398811817169,2025-07-29 20:30:00+00:00,0.2576346397399902,2025-07-29 23:30:00+00:00,0.2647322118282318,2025-07-30 01:15:00+00:00,0.2593750357627868,
HBAR-USD,15m,micro_structure,OCOI,70,True,True,False,False,True,True,False,True,True,True,2025-07-30 14:45:00+00:00,2025-07-30 16:00:00+00:00,0.2548569738864898,2025-07-30 18:00:00+00:00,0.2594213783740997,2025-07-30 19:00:00+00:00,0.247774988412857,2025-07-30 20:15:00+00:00,0.2588613629341125,2025-07-30 21:45:00+00:00,0.2519145011901855,
HBAR-USD,15m,day_trade,OCOI,95,True,True,True,True,True,True,True,False,True,True,2025-07-29 12:45:00+00:00,2025-07-29 16:30:00+00:00,0.2590742707252502,2025-07-29 17:15:00+00:00,0.2653398811817169,2025-07-29 20:30:00+00:00,0.2576346397399902,2025-07-29 23:30:00+00:00,0.2647322118282318,2025-07-30 01:15:00+00:00,0.2593750357627868,
BTC-USD,1h,day_trade,OCOI,85,True,True,False,True,True,True,True,False,True,True,2023-09-03 20:00:00+00:00,2023-09-06 17:00:00+00:00,25404.359375,2023-09-08 00:00:00+00:00,26414.005859375,2023-09-11 20:00:00+00:00,24930.296875,2023-09-12 16:00:00+00:00,26414.208984375,2023-09-13 00:00:00+00:00,25781.123046875,
BTC-USD,1h,day_trade,OCOI,90,True,True,True,True,True,True,True,True,False,True,2023-10-02 14:00:00+00:00,2023-10-03 20:00:00+00:00,27216.001953125,2023-10-05 14:00:00+00:00,28091.861328125,2023-10-06 13:00:00+00:00,27215.552734375,2023-10-06 21:00:00+00:00,28252.537109375,2023-10-09 16:00:00+00:00,27302.5625,
BTC-USD,1h,day_trade,OCO,75,True,True,False,False,True,True,True,True,True,True,2023-10-24 18:00:00+00:00,2023-10-25 01:00:00+00:00,34351.30078125,2023-10-25 07:00:00+00:00,33709.109375,2023-10-25 16:00:00+00:00,35133.7578125,2023-10-26 17:00:00+00:00,33762.32421875,2023-10-26 23:00:00+00:00,34279.3984375,
BTC-USD,1h,day_trade,OCO,90,True,True,True,True,True,True,True,True,False,True,2023-10-27 18:00:00+00:00,2023-10-29 18:00:00+00:00,34743.26171875,2023-10-30 07:00:00+00:00,34175.71875,2023-10-30 14:00:00+00:00,34843.93359375,2023-10-31 08:00:00+00:00,34083.30859375,2023-10-31 21:00:00+00:00,34719.25390625,
BTC-USD,1h,day_trade,OCOI,75,True,True,False,False,True,True,True,True,True,True,2023-11-19 23:00:00+00:00,2023-11-20 14:00:00+00:00,36882.53125,2023-11-20 17:00:00+00:00,37756.8203125,2023-11-22 00:00:00+00:00,35670.97265625,2023-11-22 21:00:00+00:00,37856.98046875,2023-11-23 15:00:00+00:00,36923.86328125,
BTC-USD,1h,day_trade,OCOI,80,True,True,True,False,True,True,False,True,True,True,2023-12-22 06:00:00+00:00,2023-12-25 00:00:00+00:00,42765.76953125,2023-12-25 13:00:00+00:00,43765.09375,2023-12-26 17:00:00+00:00,41676.48828125,2023-12-28 00:00:00+00:00,43804.78125,2023-12-29 01:00:00+00:00,42216.6875,
BTC-USD,1h,day_trade,OCOI,85,True,True,True,True,True,True,True,False,False,True,2024-01-11 14:00:00+00:00,2024-01-12 22:00:00+00:00,41903.76953125,2024-01-13 08:00:00+00:00,43234.66015625,2024-01-15 00:00:00+00:00,41705.41796875,2024-01-15 18:00:00+00:00,43319.72265625,2024-01-16 14:00:00+00:00,42085.99609375,
BTC-USD,1h,day_trade,OCOI,75,True,True,True,False,True,True,False,False,True,True,2024-02-15 14:00:00+00:00,2024-02-15 22:00:00+00:00,51371.62890625,2024-02-16 14:00:00+00:00,52537.96875,2024-02-17 14:00:00+00:00,50669.66796875,2024-02-19 07:00:00+00:00,52483.32421875,2024-02-20 01:00:00+00:00,51334.234375,
BTC-USD,1h,day_trade,OCOI,70,True,True,False,False,True,True,True,False,True,True,2024-02-22 09:00:00+00:00,2024-02-22 13:00:00+00:00,50926.29296875,2024-02-22 20:00:00+00:00,52009.61328125,2024-02-23 23:00:00+00:00,50561.77734375,2024-02-25 20:00:00+00:00,51950.02734375,2024-02-26 09:00:00+00:00,50931.03125,
BTC-USD,1h,day_trade,OCOI,75,True,True,True,False,True,True,True,True,False,True,2024-03-07 20:00:00+00:00,2024-03-08 00:00:00+00:00,66866.1640625,2024-03-08 15:00:00+00:00,69960.8984375,2024-03-08 16:00:00+00:00,66443.1640625,2024-03-10 10:00:00+00:00,70003.71875,2024-03-11 00:00:00+00:00,67449.9140625,
BTC-USD,1h,day_trade,OCOI,70,True,True,False,False,True,True,False,True,True,True,2024-03-26 07:00:00+00:00,2024-03-26 14:00:00+00:00,69405.4140625,2024-03-27 13:00:00+00:00,71650.46875,2024-03-27 18:00:00+00:00,68390.4609375,2024-03-28 14:00:00+00:00,71538.9921875,2024-03-29 15:00:00+00:00,69140.4765625,
BTC-USD,1h,day_trade,OCO,85,True,True,False,True,True,True,True,False,True,True,2024-05-03 11:00:00+00:00,2024-05-04 11:00:00+00:00,64464.6875,2024-05-05 01:00:00+00:00,62955.3046875,2024-05-06 08:00:00+00:00,65446.6640625,2024-05-06 19:00:00+00:00,62785.57421875,2024-05-07 08:00:00+00:00,64336.3125,
BTC-USD,1h,day_trade,OCOI,75,True,True,False,False,True,True,True,True,True,True,2024-08-14 12:00:00+00:00,2024-08-15 07:00:00+00:00,57806.0859375,2024-08-15 16:00:00+00:00,59838.6484375,2024-08-15 20:00:00+00:00,56231.78515625,2024-08-18 12:00:00+00:00,60262.71875,2024-08-19 10:00:00+00:00,57917.34765625,
BTC-USD,1h,day_trade,OCO,75,True,True,False,False,True,True,True,True,True,True,2024-08-27 22:00:00+00:00,2024-08-28 10:00:00+00:00,60199.6875,2024-08-28 16:00:00+00:00,57913.9921875,2024-08-29 15:00:00+00:00,61128.07421875,2024-08-30 16:00:00+00:00,57925.1953125,2024-08-31 00:00:00+00:00,59419.83984375,
BTC-USD,1h,day_trade,OCO,90,True,True,True,True,True,True,True,True,False,True,2024-09-18 16:00:00+00:00,2024-09-19 17:00:00+00:00,63854.0234375,2024-09-20 01:00:00+00:00,62636.74609375,2024-09-20 04:00:00+00:00,64059.8828125,2024-09-20 18:00:00+00:00,62388.29296875,2024-09-21 23:00:00+00:00,63538.93359375,
BTC-USD,1h,day_trade,OCO,85,True,True,True,False,True,True,True,True,True,True,2024-09-24 14:00:00+00:00,2024-09-25 01:00:00+00:00,64772.03125,2024-09-26 01:00:00+00:00,62669.26953125,2024-09-27 14:00:00+00:00,66453.9921875,2024-09-30 23:00:00+00:00,62931.3203125,2024-10-01 07:00:00+00:00,64106.921875,
BTC-USD,1h,day_trade,OCO,75,True,True,False,False,True,True,True,True,True,True,2024-10-15 15:00:00+00:00,2024-10-16 11:00:00+00:00,68333.8203125,2024-10-17 13:00:00+00:00,66654.3984375,2024-10-21 00:00:00+00:00,69427.09375,2024-10-22 00:00:00+00:00,66611.578125,2024-10-22 22:00:00+00:00,67783.75,
BTC-USD,1h,day_trade,OCO,70,True,True,False,False,True,True,False,True,True,True,2024-11-12 13:00:00+00:00,2024-11-12 20:00:00+00:00,89847.8515625,2024-11-13 06:00:00+00:00,86257.90625,2024-11-13 16:00:00+00:00,93409.0234375,2024-11-14 23:00:00+00:00,86844.859375,2024-11-15 22:00:00+00:00,91829.203125,
BTC-USD,1h,day_trade,OCO,100,True,True,True,True,True,True,True,True,True,True,2024-12-14 20:00:00+00:00,2024-12-16 00:00:00+00:00,106408.8828125,2024-12-16 12:00:00+00:00,103377.9453125,2024-12-17 14:00:00+00:00,108240.0859375,2024-12-18 06:00:00+00:00,103258.109375,2024-12-18 12:00:00+00:00,105294.5234375,
BTC-USD,1h,day_trade,OCOI,90,True,True,False,True,True,True,True,True,True,True,2025-01-07 00:00:00+00:00,2025-01-08 17:00:00+00:00,92822.0234375,2025-01-09 01:00:00+00:00,95314.75,2025-01-09 20:00:00+00:00,91232.859375,2025-01-10 18:00:00+00:00,95750.3828125,2025-01-12 09:00:00+00:00,93743.234375,
BTC-USD,1h,day_trade,OCO,70,True,True,False,False,True,True,False,True,True,True,2025-01-19 09:00:00+00:00,2025-01-19 20:00:00+00:00,106227.5,2025-01-19 23:00:00+00:00,99622.890625,2025-01-20 06:00:00+00:00,109110.390625,2025-01-21 01:00:00+00:00,100103.953125,2025-01-21 18:00:00+00:00,107156.8828125,
BTC-USD,1h,day_trade,OCO,75,True,True,True,False,True,True,False,False,True,True,2025-02-07 22:00:00+00:00,2025-02-09 04:00:00+00:00,97318.9140625,2025-02-09 21:00:00+00:00,94780.5,2025-02-11 05:00:00+00:00,98470.7421875,2025-02-12 13:00:00+00:00,94145.7890625,2025-02-13 01:00:00+00:00,98086.703125,
BTC-USD,1h,day_trade,OCOI,75,True,True,True,False,True,True,True,True,False,True,2025-02-09 04:00:00+00:00,2025-02-09 21:00:00+00:00,94780.5,2025-02-11 05:00:00+00:00,98470.7421875,2025-02-12 13:00:00+00:00,94145.7890625,2025-02-13 01:00:00+00:00,98086.703125,2025-02-13 16:00:00+00:00,95294.9765625,
BTC-USD,1h,day_trade,OCOI,75,True,True,False,False,True,True,True,True,True,True,2025-02-25 22:00:00+00:00,2025-02-26 20:00:00+00:00,82242.9921875,2025-02-27 11:00:00+00:00,86939.5859375,2025-02-28 08:00:00+00:00,78260.9453125,2025-03-01 04:00:00+00:00,86501.0625,2025-03-01 13:00:00+00:00,84344.234375,
BTC-USD,1h,day_trade,OCOI,100,True,True,True,True,True,True,True,True,True,True,2025-03-08 15:00:00+00:00,2025-03-09 23:00:00+00:00,80052.484375,2025-03-10 12:00:00+00:00,83740.6640625,2025-03-11 00:00:00+00:00,76653.53125,2025-03-12 01:00:00+00:00,83737.453125,2025-03-12 06:00:00+00:00,81295.734375,
BTC-USD,1h,day_trade,OCOI,75,True,True,False,True,True,True,True,False,False,True,2025-03-27 21:00:00+00:00,2025-03-29 17:00:00+00:00,81640.1328125,2025-03-30 10:00:00+00:00,83500.78125,2025-03-31 00:00:00+00:00,81305.1484375,2025-03-31 15:00:00+00:00,83853.171875,2025-03-31 22:00:00+00:00,82268.4375,
BTC-USD,1h,day_trade,OCOI,70,True,True,False,False,True,True,False,True,True,True,2025-05-09 07:00:00+00:00,2025-05-09 16:00:00+00:00,102377.6875,2025-05-12 07:00:00+00:00,105686.765625,2025-05-12 18:00:00+00:00,101023.7578125,2025-05-13 19:00:00+00:00,104987.0546875,2025-05-15 14:00:00+00:00,101450.0703125,
BTC-USD,1h,day_trade,OCOI,90,True,True,True,True,True,True,True,True,False,True,2025-07-20 16:00:00+00:00,2025-07-21 00:00:00+00:00,116589.15625,2025-07-21 07:00:00+00:00,119619.109375,2025-07-22 01:00:00+00:00,116342.7890625,2025-07-22 23:00:00+00:00,120265.5234375,2025-07-23 13:00:00+00:00,117404.15625,
BTC-USD,1h,day_trade,OCOI,75,True,True,False,False,True,True,True,True,True,True,2025-07-24 03:00:00+00:00,2025-07-24 07:00:00+00:00,117435.21875,2025-07-24 15:00:00+00:00,119506.0859375,2025-07-25 07:00:00+00:00,114798.7265625,2025-07-27 22:00:00+00:00,119792.734375,2025-07-28 18:00:00+00:00,117441.4375,
ETH-USD,1h,day_trade,OCOI,70,True,True,False,False,True,True,False,True,True,True,2023-08-19 16:00:00+00:00,2023-08-20 07:00:00+00:00,1662.9014892578125,2023-08-20 20:00:00+00:00,1692.3287353515625,2023-08-22 21:00:00+00:00,1596.384033203125,2023-08-23 19:00:00+00:00,1696.593994140625,2023-08-24 17:00:00+00:00,1641.6270751953125,
ETH-USD,1h,day_trade,OCOI,85,True,True,True,False,True,True,True,True,True,True,2023-10-26 08:00:00+00:00,2023-10-26 17:00:00+00:00,1764.0130615234375,2023-10-26 23:00:00+00:00,1810.794677734375,2023-10-27 18:00:00+00:00,1751.4400634765625,2023-10-28 11:00:00+00:00,1800.6053466796875,2023-10-29 01:00:00+00:00,1766.052978515625,
ETH-USD,1h,day_trade,OCO,70,True,True,False,False,True,True,False,True,True,True,2023-10-29 01:00:00+00:00,2023-10-29 22:00:00+00:00,1810.4886474609373,2023-10-30 06:00:00+00:00,1779.364501953125,2023-10-30 14:00:00+00:00,1829.24951171875,2023-10-30 17:00:00+00:00,1784.9459228515625,2023-10-31 00:00:00+00:00,1819.97265625,
ETH-USD,1h,day_trade,OCO,75,True,True,False,True,True,True,True,False,False,True,2023-11-03 01:00:00+00:00,2023-11-05 17:00:00+00:00,1911.608642578125,2023-11-05 21:00:00+00:00,1863.7523193359373,2023-11-06 14:00:00+00:00,1914.5826416015625,2023-11-07 17:00:00+00:00,1852.7908935546875,2023-11-07 20:00:00+00:00,1907.5614013671875,
ETH-USD,1h,day_trade,OCOI,85,True,True,True,False,True,True,True,True,True,True,2023-11-05 17:00:00+00:00,2023-11-05 21:00:00+00:00,1863.7523193359373,2023-11-06 14:00:00+00:00,1914.5826416015625,2023-11-07 17:00:00+00:00,1852.7908935546875,2023-11-07 20:00:00+00:00,1907.5614013671875,2023-11-08 06:00:00+00:00,1874.545654296875,
ETH-USD,1h,day_trade,OCO,75,True,True,False,False,True,True,True,True,True,True,2023-11-12 00:00:00+00:00,2023-11-13 01:00:00+00:00,2073.75927734375,2023-11-13 06:00:00+00:00,2031.9542236328125,2023-11-13 16:00:00+00:00,2116.0107421875,2023-11-14 00:00:00+00:00,2033.3233642578125,2023-11-14 08:00:00+00:00,2065.06689453125,
ETH-USD,1h,day_trade,OCO,75,True,True,False,False,True,True,True,True,True,True,2024-01-14 23:00:00+00:00,2024-01-15 18:00:00+00:00,2550.76904296875,2024-01-16 14:00:00+00:00,2500.00390625,2024-01-16 21:00:00+00:00,2613.56689453125,2024-01-17 22:00:00+00:00,2508.432861328125,2024-01-18 09:00:00+00:00,2546.263916015625,
ETH-USD,1h,day_trade,OCOI,80,True,True,True,False,True,True,True,False,True,True,2024-02-02 12:00:00+00:00,2024-02-02 14:00:00+00:00,2282.230224609375,2024-02-03 01:00:00+00:00,2327.346923828125,2024-02-05 01:00:00+00:00,2270.06787109375,2024-02-05 13:00:00+00:00,2334.6767578125,2024-02-05 20:00:00+00:00,2283.1884765625,
ETH-USD,1h,day_trade,OCO,80,True,True,True,False,True,True,False,True,True,True,2024-04-13 21:00:00+00:00,2024-04-14 07:00:00+00:00,3103.32568359375,2024-04-14 17:00:00+00:00,2986.867919921875,2024-04-15 11:00:00+00:00,3274.906982421875,2024-04-16 16:00:00+00:00,3001.805908203125,2024-04-17 04:00:00+00:00,3121.44091796875,
ETH-USD,1h,day_trade,OCO,85,True,True,False,True,True,True,False,True,True,True,2024-05-20 01:00:00+00:00,2024-05-21 13:00:00+00:00,3830.240966796875,2024-05-22 12:00:00+00:00,3655.600341796875,2024-05-23 12:00:00+00:00,3939.265380859375,2024-05-24 08:00:00+00:00,3632.109130859375,2024-05-26 16:00:00+00:00,3878.87255859375,
ETH-USD,1h,day_trade,OCO,95,True,True,True,True,True,True,False,True,True,True,2024-05-24 08:00:00+00:00,2024-05-26 16:00:00+00:00,3878.87255859375,2024-05-26 23:00:00+00:00,3818.722412109375,2024-05-27 15:00:00+00:00,3969.69775390625,2024-05-28 04:00:00+00:00,3821.31494140625,2024-05-28 10:00:00+00:00,3923.630859375,
ETH-USD,1h,day_trade,OCO,70,True,True,True,False,True,True,False,True,False,True,2024-05-30 08:00:00+00:00,2024-05-30 17:00:00+00:00,3823.21826171875,2024-05-30 20:00:00+00:00,3722.6220703125,2024-05-31 12:00:00+00:00,3842.3447265625,2024-05-31 16:00:00+00:00,3724.89697265625,2024-06-02 01:00:00+00:00,3834.72021484375,
ETH-USD,1h,day_trade,OCO,75,True,True,False,True,True,True,False,True,False,True,2024-05-31 16:00:00+00:00,2024-06-02 01:00:00+00:00,3834.72021484375,2024-06-02 18:00:00+00:00,3752.415771484375,2024-06-03 13:00:00+00:00,3848.177490234375,2024-06-04 00:00:00+00:00,3738.13427734375,2024-06-05 01:00:00+00:00,3839.03076171875,
ETH-USD,1h,day_trade,OCO,75,True,True,False,False,True,True,True,True,True,True,2024-06-04 00:00:00+00:00,2024-06-05 01:00:00+00:00,3839.03076171875,2024-06-05 05:00:00+00:00,3778.676513671875,2024-06-05 20:00:00+00:00,3884.783935546875,2024-06-06 20:00:00+00:00,3765.143798828125,2024-06-07 12:00:00+00:00,3838.4521484375,
ETH-USD,1h,day_trade,OCO,75,True,True,True,False,True,True,False,False,True,True,2024-06-13 16:00:00+00:00,2024-06-14 06:00:00+00:00,3528.602294921875,2024-06-14 18:00:00+00:00,3366.223876953125,2024-06-16 22:00:00+00:00,3648.093017578125,2024-06-18 01:00:00+00:00,3371.59033203125,2024-06-19 04:00:00+00:00,3583.320068359375,
ETH-USD,1h,day_trade,OCOI,75,True,True,False,False,True,True,True,True,True,True,2024-07-06 00:00:00+00:00,2024-07-06 02:00:00+00:00,2957.395751953125,2024-07-06 21:00:00+00:00,3080.107421875,2024-07-08 01:00:00+00:00,2826.565673828125,2024-07-09 08:00:00+00:00,3105.800537109375,2024-07-10 01:00:00+00:00,3030.247802734375,
ETH-USD,1h,day_trade,OCO,90,True,True,True,True,True,True,True,True,False,True,2024-07-12 10:00:00+00:00,2024-07-16 00:00:00+00:00,3498.218994140625,2024-07-16 08:00:00+00:00,3351.77978515625,2024-07-17 01:00:00+00:00,3516.104248046875,2024-07-17 16:00:00+00:00,3379.099609375,2024-07-18 13:00:00+00:00,3488.715576171875,
ETH-USD,1h,day_trade,OCO,80,True,True,False,True,True,True,True,True,False,True,2024-07-20 01:00:00+00:00,2024-07-20 17:00:00+00:00,3539.0703125,2024-07-21 18:00:00+00:00,3420.897705078125,2024-07-22 00:00:00+00:00,3558.994140625,2024-07-22 23:00:00+00:00,3426.753662109375,2024-07-23 09:00:00+00:00,3537.8857421875,
ETH-USD,1h,day_trade,OCO,70,True,True,True,False,True,True,True,False,False,True,2024-08-05 01:00:00+00:00,2024-08-06 01:00:00+00:00,2546.82666015625,2024-08-06 13:00:00+00:00,2420.02734375,2024-08-06 14:00:00+00:00,2552.306396484375,2024-08-07 01:00:00+00:00,2432.802001953125,2024-08-07 10:00:00+00:00,2544.0400390625,
ETH-USD,1h,day_trade,OCOI,75,True,True,False,False,True,True,True,True,True,True,2024-08-10 11:00:00+00:00,2024-08-10 16:00:00+00:00,2595.43017578125,2024-08-11 09:00:00+00:00,2716.13623046875,2024-08-12 00:00:00+00:00,2513.39404296875,2024-08-12 23:00:00+00:00,2749.135009765625,2024-08-13 10:00:00+00:00,2614.67822265625,
ETH-USD,1h,day_trade,OCO,75,True,True,False,True,True,True,True,False,False,True,2024-08-16 15:00:00+00:00,2024-08-18 13:00:00+00:00,2682.20947265625,2024-08-19 14:00:00+00:00,2569.21435546875,2024-08-20 05:00:00+00:00,2695.06689453125,2024-08-21 13:00:00+00:00,2542.419189453125,2024-08-21 20:00:00+00:00,2660.58837890625,
ETH-USD,1h,day_trade,OCO,100,True,True,True,True,True,True,True,True,True,True,2024-08-22 15:00:00+00:00,2024-08-23 22:00:00+00:00,2796.683349609375,2024-08-24 05:00:00+00:00,2744.2412109375,2024-08-24 16:00:00+00:00,2819.89697265625,2024-08-25 07:00:00+00:00,2736.0888671875,2024-08-25 21:00:00+00:00,2791.889892578125,
ETH-USD,1h,day_trade,OCOI,70,True,True,False,False,True,True,False,True,True,True,2024-09-10 08:00:00+00:00,2024-09-10 14:00:00+00:00,2323.690185546875,2024-09-10 23:00:00+00:00,2398.087158203125,2024-09-11 14:00:00+00:00,2281.949951171875,2024-09-12 02:00:00+00:00,2389.395751953125,2024-09-12 15:00:00+00:00,2316.77001953125,
ETH-USD,1h,day_trade,OCOI,70,True,True,False,False,True,True,True,False,True,True,2024-09-24 08:00:00+00:00,2024-09-24 14:00:00+00:00,2594.099609375,2024-09-25 01:00:00+00:00,2672.013916015625,2024-09-25 22:00:00+00:00,2560.05615234375,2024-09-26 16:00:00+00:00,2664.16357421875,2024-09-27 03:00:00+00:00,2617.088623046875,
ETH-USD,1h,day_trade,OCO,75,True,True,False,False,True,True,True,True,True,True,2024-11-17 02:00:00+00:00,2024-11-17 09:00:00+00:00,3160.046142578125,2024-11-17 22:00:00+00:00,3047.711669921875,2024-11-18 23:00:00+00:00,3225.130615234375,2024-11-19 22:00:00+00:00,3071.402587890625,2024-11-20 14:00:00+00:00,3159.484619140625,
ETH-USD,1h,day_trade,OCOI,90,True,True,True,True,True,True,True,True,False,True,2024-12-26 00:00:00+00:00,2024-12-26 21:00:00+00:00,3305.687744140625,2024-12-27 09:00:00+00:00,3433.396484375,2024-12-27 15:00:00+00:00,3303.736572265625,2024-12-28 22:00:00+00:00,3413.982421875,2024-12-29 22:00:00+00:00,3322.6728515625,
ETH-USD,1h,day_trade,OCO,70,True,True,False,False,True,True,False,True,True,True,2025-01-18 10:00:00+00:00,2025-01-19 02:00:00+00:00,3373.392822265625,2025-01-19 11:00:00+00:00,3130.1787109375,2025-01-19 18:00:00+00:00,3443.90869140625,2025-01-20 00:00:00+00:00,3147.656005859375,2025-01-20 06:00:00+00:00,3443.3564453125,
ETH-USD,1h,day_trade,OCOI,80,True,True,True,False,True,True,True,False,True,True,2025-02-17 15:00:00+00:00,2025-02-18 06:00:00+00:00,2656.029052734375,2025-02-18 14:00:00+00:00,2726.945068359375,2025-02-18 17:00:00+00:00,2608.884521484375,2025-02-19 11:00:00+00:00,2735.915771484375,2025-02-19 15:00:00+00:00,2682.318603515625,
ETH-USD,1h,day_trade,OCOI,95,True,True,True,True,True,True,True,False,True,True,2025-03-29 02:00:00+00:00,2025-03-29 17:00:00+00:00,1799.8743896484375,2025-03-30 08:00:00+00:00,1847.4075927734373,2025-03-30 22:00:00+00:00,1773.1949462890625,2025-03-31 15:00:00+00:00,1850.6138916015625,2025-03-31 22:00:00+00:00,1817.4935302734373,
ETH-USD,1h,day_trade,OCOI,90,True,True,True,True,True,True,True,True,False,True,2025-04-06 01:00:00+00:00,2025-04-07 06:00:00+00:00,1417.9798583984375,2025-04-07 14:00:00+00:00,1632.3798828125,2025-04-09 01:00:00+00:00,1387.6109619140625,2025-04-09 21:00:00+00:00,1684.998779296875,2025-04-10 16:00:00+00:00,1482.08740234375,
ETH-USD,1h,day_trade,OCOI,100,True,True,True,True,True,True,True,True,True,True,2025-04-15 13:00:00+00:00,2025-04-16 08:00:00+00:00,1558.712646484375,2025-04-16 17:00:00+00:00,1609.202392578125,2025-04-16 18:00:00+00:00,1546.394775390625,2025-04-17 07:00:00+00:00,1609.1636962890625,2025-04-17 14:00:00+00:00,1565.00732421875,
ETH-USD,1h,day_trade,OCOI,70,True,True,False,False,True,True,False,True,True,True,2025-05-16 11:00:00+00:00,2025-05-17 16:00:00+00:00,2451.594482421875,2025-05-18 15:00:00+00:00,2584.906494140625,2025-05-18 20:00:00+00:00,2349.853759765625,2025-05-20 02:00:00+00:00,2585.337890625,2025-05-20 18:00:00+00:00,2449.399169921875,
ETH-USD,1h,day_trade,OCOI,80,True,True,True,True,True,True,False,False,False,True,2025-05-29 02:00:00+00:00,2025-05-31 01:00:00+00:00,2484.215576171875,2025-05-31 21:00:00+00:00,2550.482177734375,2025-06-01 12:00:00+00:00,2474.08349609375,2025-06-01 22:00:00+00:00,2547.4345703125,2025-06-02 10:00:00+00:00,2478.54833984375,
ETH-USD,1h,day_trade,OCO,90,True,True,False,True,True,True,True,True,True,True,2025-06-22 20:00:00+00:00,2025-06-24 17:00:00+00:00,2480.34423828125,2025-06-25 14:00:00+00:00,2399.76171875,2025-06-26 03:00:00+00:00,2516.430419921875,2025-06-27 01:00:00+00:00,2392.9521484375,2025-06-27 09:00:00+00:00,2462.02099609375,
SOL-USD,1h,day_trade,OCO,75,True,True,False,False,True,True,True,True,True,True,2023-08-03 08:00:00+00:00,2023-08-03 20:00:00+00:00,23.061426162719727,2023-08-04 02:00:00+00:00,22.522666931152344,2023-08-04 13:00:00+00:00,23.52178001403809,2023-08-05 01:00:00+00:00,22.52178955078125,2023-08-05 11:00:00+00:00,22.89552879333496,
SOL-USD,1h,day_trade,OCO,75,True,True,False,False,True,True,True,True,True,True,2023-09-03 16:00:00+00:00,2023-09-04 03:00:00+00:00,19.949865341186523,2023-09-05 03:00:00+00:00,19.094310760498047,2023-09-05 15:00:00+00:00,20.54744338989257,2023-09-06 17:00:00+00:00,19.21592712402344,2023-09-07 04:00:00+00:00,19.804134368896484,
SOL-USD,1h,day_trade,OCOI,95,True,True,True,True,True,True,False,True,True,True,2023-09-08 00:00:00+00:00,2023-09-10 17:00:00+00:00,17.87034034729004,2023-09-10 22:00:00+00:00,18.55317115783692,2023-09-11 14:00:00+00:00,17.461477279663086,2023-09-12 10:00:00+00:00,18.65507125854492,2023-09-13 05:00:00+00:00,17.739513397216797,
SOL-USD,1h,day_trade,OCOI,75,True,True,True,False,True,True,False,False,True,True,2023-12-30 01:00:00+00:00,2023-12-30 09:00:00+00:00,101.06812286376952,2023-12-30 16:00:00+00:00,104.56819915771484,2023-12-31 03:00:00+00:00,99.8864288330078,2023-12-31 12:00:00+00:00,105.133544921875,2023-12-31 23:00:00+00:00,100.26902770996094,
SOL-USD,1h,day_trade,OCO,75,True,True,False,False,True,True,True,True,True,True,2024-01-03 12:00:00+00:00,2024-01-04 03:00:00+00:00,101.81007385253906,2024-01-04 10:00:00+00:00,97.10832977294922,2024-01-04 20:00:00+00:00,107.9824676513672,2024-01-05 17:00:00+00:00,95.9427261352539,2024-01-05 23:00:00+00:00,100.45758056640624,
SOL-USD,1h,day_trade,OCOI,70,True,True,False,False,True,True,False,True,True,True,2024-01-30 11:00:00+00:00,2024-01-31 11:00:00+00:00,97.6332550048828,2024-01-31 18:00:00+00:00,102.54806518554688,2024-02-01 04:00:00+00:00,93.3791961669922,2024-02-02 12:00:00+00:00,102.37647247314452,2024-02-03 15:00:00+00:00,96.81257629394533,
SOL-USD,1h,day_trade,OCO,75,True,True,True,False,True,True,False,False,True,True,2024-03-06 15:00:00+00:00,2024-03-07 19:00:00+00:00,149.2247314453125,2024-03-08 05:00:00+00:00,142.41061401367188,2024-03-08 14:00:00+00:00,152.4042510986328,2024-03-08 16:00:00+00:00,142.53614807128906,2024-03-09 07:00:00+00:00,149.33905029296875,
SOL-USD,1h,day_trade,OCO,75,True,True,False,False,True,True,True,True,True,True,2024-03-19 11:00:00+00:00,2024-03-19 17:00:00+00:00,186.11737060546875,2024-03-20 05:00:00+00:00,163.3963623046875,2024-03-21 00:00:00+00:00,194.96392822265625,2024-03-22 14:00:00+00:00,167.98126220703125,2024-03-23 14:00:00+00:00,178.7913818359375,
SOL-USD,1h,day_trade,OCO,100,True,True,True,True,True,True,True,True,True,True,2024-03-24 04:00:00+00:00,2024-03-25 17:00:00+00:00,194.4120483398437,2024-03-26 00:00:00+00:00,188.29400634765625,2024-03-26 07:00:00+00:00,196.2465362548828,2024-03-26 17:00:00+00:00,186.7738647460937,2024-03-27 01:00:00+00:00,192.4804534912109,
SOL-USD,1h,day_trade,OCOI,100,True,True,True,True,True,True,True,True,True,True,2024-04-08 09:00:00+00:00,2024-04-09 15:00:00+00:00,169.47166442871094,2024-04-09 17:00:00+00:00,177.18067932128906,2024-04-10 12:00:00+00:00,163.85829162597656,2024-04-11 07:00:00+00:00,175.87158203125,2024-04-11 11:00:00+00:00,170.4033660888672,
SOL-USD,1h,day_trade,OCOI,85,True,True,True,True,True,True,True,False,False,True,2024-05-23 21:00:00+00:00,2024-05-24 08:00:00+00:00,162.93650817871094,2024-05-25 11:00:00+00:00,170.3109588623047,2024-05-26 18:00:00+00:00,161.30604553222656,2024-05-27 17:00:00+00:00,171.98854064941406,2024-05-28 04:00:00+00:00,165.08213806152344,
SOL-USD,1h,day_trade,OCOI,75,True,True,False,False,True,True,True,True,True,True,2024-05-31 12:00:00+00:00,2024-05-31 16:00:00+00:00,163.9491424560547,2024-06-01 15:00:00+00:00,167.7352752685547,2024-06-02 18:00:00+00:00,161.6584930419922,2024-06-03 20:00:00+00:00,167.03173828125,2024-06-04 09:00:00+00:00,164.5186309814453,
SOL-USD,1h,day_trade,OCOI,75,True,True,True,False,True,True,False,False,True,True,2024-08-20 05:00:00+00:00,2024-08-20 15:00:00+00:00,141.36575317382812,2024-08-21 07:00:00+00:00,143.74388122558594,2024-08-21 13:00:00+00:00,139.26654052734375,2024-08-21 20:00:00+00:00,144.02578735351562,2024-08-22 02:00:00+00:00,140.95387268066406,
SOL-USD,1h,day_trade,OCOI,75,True,True,True,False,True,True,False,False,True,True,2024-09-20 06:00:00+00:00,2024-09-21 04:00:00+00:00,144.80392456054688,2024-09-22 00:00:00+00:00,149.86099243164062,2024-09-22 22:00:00+00:00,141.39559936523438,2024-09-23 03:00:00+00:00,148.95449829101562,2024-09-23 21:00:00+00:00,142.67391967773438,
SOL-USD,1h,day_trade,OCO,80,True,True,True,False,True,True,False,True,True,True,2024-10-05 04:00:00+00:00,2024-10-05 09:00:00+00:00,144.8300018310547,2024-10-05 20:00:00+00:00,141.16966247558594,2024-10-07 14:00:00+00:00,152.06182861328125,2024-10-08 15:00:00+00:00,141.4634246826172,2024-10-09 01:00:00+00:00,145.1158447265625,
SOL-USD,1h,day_trade,OCOI,75,True,True,False,False,True,True,True,True,True,True,2024-10-24 04:00:00+00:00,2024-10-24 09:00:00+00:00,171.03062438964844,2024-10-24 22:00:00+00:00,178.98582458496094,2024-10-25 23:00:00+00:00,160.08876037597656,2024-10-27 22:00:00+00:00,177.8749237060547,2024-10-28 05:00:00+00:00,173.11871337890625,
SOL-USD,1h,day_trade,OCO,95,True,True,True,True,True,True,False,True,True,True,2024-11-09 17:00:00+00:00,2024-11-10 17:00:00+00:00,215.0477600097656,2024-11-10 21:00:00+00:00,200.6615447998047,2024-11-12 09:00:00+00:00,224.9913024902344,2024-11-13 04:00:00+00:00,201.49745178222656,2024-11-13 17:00:00+00:00,220.2980194091797,
SOL-USD,1h,day_trade,OCO,85,True,True,True,True,True,True,False,True,False,True,2024-11-13 04:00:00+00:00,2024-11-13 17:00:00+00:00,220.2980194091797,2024-11-13 21:00:00+00:00,206.65904235839844,2024-11-14 09:00:00+00:00,222.5880126953125,2024-11-15 04:00:00+00:00,204.85015869140625,2024-11-16 04:00:00+00:00,221.5192413330078,
SOL-USD,1h,day_trade,OCO,90,True,True,True,True,True,True,True,True,False,True,2024-12-05 01:00:00+00:00,2024-12-05 12:00:00+00:00,244.6758728027344,2024-12-05 22:00:00+00:00,229.2353515625,2024-12-06 01:00:00+00:00,246.4183654785156,2024-12-06 13:00:00+00:00,231.52500915527344,2024-12-06 20:00:00+00:00,241.01763916015625,
SOL-USD,1h,day_trade,OCOI,75,True,True,False,True,True,True,True,False,False,True,2024-12-21 07:00:00+00:00,2024-12-22 05:00:00+00:00,178.56631469726562,2024-12-22 12:00:00+00:00,187.52427673339844,2024-12-23 01:00:00+00:00,176.87440490722656,2024-12-23 04:00:00+00:00,187.1083526611328,2024-12-23 16:00:00+00:00,180.7872467041016,
SOL-USD,1h,day_trade,OCOI,90,True,True,True,True,True,True,True,True,False,True,2025-01-19 11:00:00+00:00,2025-01-20 03:00:00+00:00,231.70327758789065,2025-01-20 09:00:00+00:00,272.10308837890625,2025-01-21 06:00:00+00:00,231.6759185791016,2025-01-22 20:00:00+00:00,271.5243225097656,2025-01-23 13:00:00+00:00,242.566635131836,
SOL-USD,1h,day_trade,OCOI,75,True,True,False,True,True,True,True,False,False,True,2025-03-27 21:00:00+00:00,2025-03-29 22:00:00+00:00,123.09400177001952,2025-03-30 03:00:00+00:00,126.49949645996094,2025-03-31 00:00:00+00:00,123.08495330810548,2025-03-31 02:00:00+00:00,127.33047485351562,2025-03-31 10:00:00+00:00,123.14462280273438,
SOL-USD,1h,day_trade,OCOI,85,True,True,True,False,True,True,True,True,True,True,2025-04-14 02:00:00+00:00,2025-04-15 00:00:00+00:00,128.04652404785156,2025-04-15 13:00:00+00:00,134.1931915283203,2025-04-16 08:00:00+00:00,123.75035095214844,2025-04-17 07:00:00+00:00,135.18934631347656,2025-04-17 14:00:00+00:00,130.81065368652344,
SOL-USD,1h,day_trade,OCO,75,True,True,False,False,True,True,True,True,True,True,2025-04-27 05:00:00+00:00,2025-04-27 18:00:00+00:00,150.1332550048828,2025-04-28 01:00:00+00:00,144.9167938232422,2025-04-28 10:00:00+00:00,153.10902404785156,2025-04-29 05:00:00+00:00,145.75753784179688,2025-04-29 19:00:00+00:00,150.03787231445312,
SOL-USD,1h,day_trade,OCOI,75,True,True,True,False,True,True,False,False,True,True,2025-05-23 09:00:00+00:00,2025-05-24 01:00:00+00:00,172.93133544921875,2025-05-24 11:00:00+00:00,178.13662719726562,2025-05-25 16:00:00+00:00,169.38299560546875,2025-05-26 07:00:00+00:00,178.962158203125,2025-05-27 01:00:00+00:00,171.69058227539062,
SOL-USD,1h,day_trade,OCOI,90,True,True,True,True,True,True,False,False,True,True,2025-05-29 03:00:00+00:00,2025-05-31 03:00:00+00:00,152.44351196289062,2025-05-31 21:00:00+00:00,157.92530822753906,2025-06-01 10:00:00+00:00,150.85458374023438,2025-06-02 01:00:00+00:00,158.88626098632812,2025-06-02 19:00:00+00:00,152.00218200683594,
SOL-USD,1h,day_trade,OCO,90,True,True,True,True,True,True,False,False,True,True,2025-06-22 20:00:00+00:00,2025-06-23 22:00:00+00:00,146.5656280517578,2025-06-24 19:00:00+00:00,143.0568389892578,2025-06-25 13:00:00+00:00,147.75518798828125,2025-06-25 23:00:00+00:00,142.55972290039062,2025-06-26 03:00:00+00:00,147.7071075439453,
HBAR-USD,1h,day_trade,OCO,100,True,True,True,True,True,True,True,True,True,True,2023-08-05 13:00:00+00:00,2023-08-06 16:00:00+00:00,0.0595530606806278,2023-08-07 16:00:00+00:00,0.0548280365765094,2023-08-09 00:00:00+00:00,0.0635267496109008,2023-08-12 04:00:00+00:00,0.05574207380414,2023-08-12 10:00:00+00:00,0.0574911162257194,
HBAR-USD,1h,day_trade,OCOI,70,True,True,False,False,True,True,False,True,True,True,2023-09-20 02:00:00+00:00,2023-09-20 19:00:00+00:00,0.049986682832241,2023-09-21 02:00:00+00:00,0.0515618026256561,2023-09-21 13:00:00+00:00,0.0496270060539245,2023-09-24 00:00:00+00:00,0.051972359418869,2023-09-25 00:00:00+00:00,0.0497285686433315,
HBAR-USD,1h,day_trade,OCO,85,True,True,True,True,True,True,True,False,False,True,2023-11-05 22:00:00+00:00,2023-11-07 02:00:00+00:00,0.0620992295444011,2023-11-07 17:00:00+00:00,0.0562862195074558,2023-11-09 06:00:00+00:00,0.0624697767198085,2023-11-09 20:00:00+00:00,0.0566902346909046,2023-11-10 10:00:00+00:00,0.0619225017726421,
HBAR-USD,1h,day_trade,OCO,70,True,True,False,False,True,True,False,True,True,True,2023-11-14 18:00:00+00:00,2023-11-16 07:00:00+00:00,0.0635892674326896,2023-11-16 19:00:00+00:00,0.0603649541735649,2023-11-17 07:00:00+00:00,0.0678719878196716,2023-11-17 16:00:00+00:00,0.0599469505250453,2023-11-18 00:00:00+00:00,0.0652266219258308,
HBAR-USD,1h,day_trade,OCO,95,True,True,True,True,True,True,True,False,True,True,2023-11-23 15:00:00+00:00,2023-11-24 17:00:00+00:00,0.0631852224469184,2023-11-24 23:00:00+00:00,0.0620685182511806,2023-11-26 13:00:00+00:00,0.063876487314701,2023-11-26 16:00:00+00:00,0.0618083924055099,2023-11-27 00:00:00+00:00,0.0630877837538719,
HBAR-USD,1h,day_trade,OCOI,85,True,True,True,False,True,True,True,True,True,True,2023-12-09 19:00:00+00:00,2023-12-10 10:00:00+00:00,0.072133645415306,2023-12-11 00:00:00+00:00,0.0758642703294754,2023-12-11 19:00:00+00:00,0.0686065629124641,2023-12-13 01:00:00+00:00,0.0762118101119995,2023-12-13 04:00:00+00:00,0.0724624171853065,
HBAR-USD,1h,day_trade,OCO,75,True,True,False,False,True,True,True,True,True,True,2024-02-29 22:00:00+00:00,2024-03-01 04:00:00+00:00,0.1176553070545196,2024-03-01 16:00:00+00:00,0.1134767457842826,2024-03-02 09:00:00+00:00,0.1204384639859199,2024-03-02 14:00:00+00:00,0.1125931069254875,2024-03-03 00:00:00+00:00,0.1154507994651794,
HBAR-USD,1h,day_trade,OCO,70,True,True,True,False,True,True,True,False,False,True,2024-03-28 03:00:00+00:00,2024-03-28 18:00:00+00:00,0.1174582466483116,2024-03-29 07:00:00+00:00,0.1126792132854461,2024-03-29 14:00:00+00:00,0.1177272722125053,2024-03-29 21:00:00+00:00,0.1136342287063598,2024-03-30 05:00:00+00:00,0.1164571195840835,
HBAR-USD,1h,day_trade,OCO,80,True,True,True,False,True,True,True,False,True,True,2024-04-13 20:00:00+00:00,2024-04-14 08:00:00+00:00,0.0818776860833168,2024-04-14 17:00:00+00:00,0.0764149278402328,2024-04-15 07:00:00+00:00,0.0878130942583084,2024-04-16 04:00:00+00:00,0.0768730491399765,2024-04-16 07:00:00+00:00,0.0810902118682861,
HBAR-USD,1h,day_trade,OCO,85,True,True,False,True,True,True,False,True,True,True,2024-04-19 23:00:00+00:00,2024-04-21 12:00:00+00:00,0.0913154706358909,2024-04-21 23:00:00+00:00,0.0883692502975463,2024-04-22 06:00:00+00:00,0.0932709500193595,2024-04-22 16:00:00+00:00,0.0889899805188179,2024-04-22 23:00:00+00:00,0.0914991945028305,
HBAR-USD,1h,day_trade,OCOI,70,True,True,False,False,True,True,False,True,True,True,2024-05-11 16:00:00+00:00,2024-05-12 01:00:00+00:00,0.1065683290362358,2024-05-12 16:00:00+00:00,0.1118568256497383,2024-05-13 04:00:00+00:00,0.1025695204734802,2024-05-13 16:00:00+00:00,0.110746830701828,2024-05-15 00:00:00+00:00,0.1046261265873909,
HBAR-USD,1h,day_trade,OCOI,90,True,True,True,True,True,True,True,True,False,True,2024-05-23 06:00:00+00:00,2024-05-23 20:00:00+00:00,0.1051254123449325,2024-05-24 03:00:00+00:00,0.1100703105330467,2024-05-24 08:00:00+00:00,0.1051225662231445,2024-05-25 11:00:00+00:00,0.10931047052145,2024-05-26 21:00:00+00:00,0.1058029010891914,
HBAR-USD,1h,day_trade,OCOI,100,True,True,True,True,True,True,True,True,True,True,2024-07-22 00:00:00+00:00,2024-07-23 17:00:00+00:00,0.0672289133071899,2024-07-24 14:00:00+00:00,0.0702299550175666,2024-07-25 13:00:00+00:00,0.0639143660664558,2024-07-27 13:00:00+00:00,0.070216916501522,2024-07-28 05:00:00+00:00,0.0675282701849937,
HBAR-USD,1h,day_trade,OCOI,85,True,True,False,True,True,True,True,False,True,True,2024-08-11 09:00:00+00:00,2024-08-12 07:00:00+00:00,0.0526158884167671,2024-08-12 15:00:00+00:00,0.0554373525083065,2024-08-13 10:00:00+00:00,0.0518448576331138,2024-08-14 12:00:00+00:00,0.0551857762038707,2024-08-14 20:00:00+00:00,0.0530141368508338,
HBAR-USD,1h,day_trade,OCOI,80,True,True,True,False,True,True,False,True,True,True,2024-08-15 04:00:00+00:00,2024-08-15 21:00:00+00:00,0.0513170659542083,2024-08-16 07:00:00+00:00,0.0526531636714935,2024-08-16 15:00:00+00:00,0.0508108027279377,2024-08-16 21:00:00+00:00,0.0524601489305496,2024-08-17 11:00:00+00:00,0.0512259826064109,
HBAR-USD,1h,day_trade,OCOI,75,True,True,False,False,True,True,True,True,True,True,2024-09-04 16:00:00+00:00,2024-09-05 19:00:00+00:00,0.0476540066301822,2024-09-06 13:00:00+00:00,0.0488335415720939,2024-09-06 21:00:00+00:00,0.0458570756018161,2024-09-07 15:00:00+00:00,0.0489470846951007,2024-09-07 23:00:00+00:00,0.0478693172335624,
HBAR-USD,1h,day_trade,OCOI,70,True,True,True,False,True,True,True,False,False,True,2024-11-06 12:00:00+00:00,2024-11-06 16:00:00+00:00,0.0479462817311286,2024-11-07 01:00:00+00:00,0.0497642084956169,2024-11-07 14:00:00+00:00,0.0478948205709457,2024-11-07 21:00:00+00:00,0.04966327175498,2024-11-08 03:00:00+00:00,0.0483518876135349,
HBAR-USD,1h,day_trade,OCOI,75,True,True,False,False,True,True,True,True,True,True,2024-11-24 22:00:00+00:00,2024-11-25 22:00:00+00:00,0.1319990009069442,2024-11-26 02:00:00+00:00,0.1401631236076355,2024-11-26 11:00:00+00:00,0.1263911724090576,2024-11-26 22:00:00+00:00,0.1399787664413452,2024-11-27 05:00:00+00:00,0.132864236831665,
HBAR-USD,1h,day_trade,OCO,90,True,True,True,True,True,True,True,True,False,True,2024-12-10 18:00:00+00:00,2024-12-11 15:00:00+00:00,0.3100625574588775,2024-12-12 01:00:00+00:00,0.2901834547519684,2024-12-12 08:00:00+00:00,0.3135053813457489,2024-12-12 11:00:00+00:00,0.293597012758255,2024-12-12 19:00:00+00:00,0.3091126680374145,
HBAR-USD,1h,day_trade,OCO,75,True,True,False,False,True,True,True,True,True,True,2024-12-12 11:00:00+00:00,2024-12-12 19:00:00+00:00,0.3091126680374145,2024-12-12 22:00:00+00:00,0.2861849963665008,2024-12-13 12:00:00+00:00,0.3294027745723724,2024-12-15 07:00:00+00:00,0.2833934128284454,2024-12-16 01:00:00+00:00,0.2977528870105743,
HBAR-USD,1h,day_trade,OCOI,70,True,True,False,False,True,True,False,True,True,True,2024-12-19 14:00:00+00:00,2024-12-19 20:00:00+00:00,0.255446046590805,2024-12-20 03:00:00+00:00,0.2857898473739624,2024-12-20 12:00:00+00:00,0.2345694750547409,2024-12-21 07:00:00+00:00,0.2823207378387451,2024-12-22 05:00:00+00:00,0.2445753663778305,
HBAR-USD,1h,day_trade,OCO,75,True,True,False,False,True,True,True,True,True,True,2024-12-29 22:00:00+00:00,2024-12-30 01:00:00+00:00,0.2852228283882141,2024-12-30 15:00:00+00:00,0.2657558023929596,2024-12-30 20:00:00+00:00,0.2891727685928345,2024-12-31 04:00:00+00:00,0.2677654027938843,2024-12-31 13:00:00+00:00,0.2809878885746002,
HBAR-USD,1h,day_trade,OCOI,85,True,True,False,True,True,True,True,False,True,True,2025-01-07 08:00:00+00:00,2025-01-08 17:00:00+00:00,0.2674539983272552,2025-01-08 22:00:00+00:00,0.2878208458423614,2025-01-09 14:00:00+00:00,0.2634795606136322,2025-01-10 08:00:00+00:00,0.2849078476428985,2025-01-10 15:00:00+00:00,0.2676658928394317,
HBAR-USD,1h,day_trade,OCOI,85,True,True,True,True,True,True,False,True,False,True,2025-01-19 01:00:00+00:00,2025-01-19 11:00:00+00:00,0.3274566829204559,2025-01-19 20:00:00+00:00,0.3635861575603485,2025-01-19 23:00:00+00:00,0.3201346099376678,2025-01-20 09:00:00+00:00,0.3724212050437927,2025-01-21 06:00:00+00:00,0.3263576030731201,
HBAR-USD,1h,day_trade,OCOI,75,True,True,True,False,True,True,False,False,True,True,2025-01-20 09:00:00+00:00,2025-01-21 06:00:00+00:00,0.3263576030731201,2025-01-21 18:00:00+00:00,0.3474315106868744,2025-01-23 13:00:00+00:00,0.3125102818012237,2025-01-24 13:00:00+00:00,0.3503880798816681,2025-01-24 23:00:00+00:00,0.3257991671562195,
HBAR-USD,1h,day_trade,OCOI,70,True,True,False,False,True,True,True,False,True,True,2025-02-07 14:00:00+00:00,2025-02-08 07:00:00+00:00,0.2264335006475448,2025-02-09 08:00:00+00:00,0.2427782416343689,2025-02-09 21:00:00+00:00,0.2200872153043747,2025-02-10 13:00:00+00:00,0.2436972707509994,2025-02-10 23:00:00+00:00,0.2306727766990661,
HBAR-USD,1h,day_trade,OCOI,75,True,True,False,False,True,True,True,True,True,True,2025-02-15 04:00:00+00:00,2025-02-17 07:00:00+00:00,0.2155829966068267,2025-02-17 14:00:00+00:00,0.2245525866746902,2025-02-18 17:00:00+00:00,0.195051684975624,2025-02-20 05:00:00+00:00,0.2256743311882019,2025-02-20 16:00:00+00:00,0.2167903780937194,
HBAR-USD,1h,day_trade,OCOI,70,True,True,False,False,True,True,True,False,True,True,2025-03-14 15:00:00+00:00,2025-03-14 20:00:00+00:00,0.1896885931491851,2025-03-16 00:00:00+00:00,0.1947948932647705,2025-03-16 23:00:00+00:00,0.1826444417238235,2025-03-17 04:00:00+00:00,0.1955820322036743,2025-03-17 11:00:00+00:00,0.1897514164447784,
HBAR-USD,1h,day_trade,OCO,85,True,True,True,True,True,True,False,True,False,True,2025-04-09 01:00:00+00:00,2025-04-09 18:00:00+00:00,0.175169289112091,2025-04-10 04:00:00+00:00,0.1636218428611755,2025-04-10 13:00:00+00:00,0.1771238148212433,2025-04-10 15:00:00+00:00,0.1659511476755142,2025-04-11 10:00:00+00:00,0.1759239733219146,
HBAR-USD,1h,day_trade,OCO,75,True,True,False,False,True,True,True,True,True,True,2025-05-09 17:00:00+00:00,2025-05-11 00:00:00+00:00,0.2205008864402771,2025-05-11 16:00:00+00:00,0.2018612027168274,2025-05-12 13:00:00+00:00,0.2275783866643905,2025-05-13 04:00:00+00:00,0.2014078646898269,2025-05-13 19:00:00+00:00,0.2182840406894683,
HBAR-USD,1h,day_trade,OCOI,90,True,True,False,True,True,True,True,True,True,True,2025-05-16 13:00:00+00:00,2025-05-17 16:00:00+00:00,0.1873198002576828,2025-05-18 16:00:00+00:00,0.2003578841686248,2025-05-19 12:00:00+00:00,0.184876412153244,2025-05-20 02:00:00+00:00,0.1981883496046066,2025-05-20 18:00:00+00:00,0.1905237287282943,
BTC-USD,4h,day_trade,OCOI,75,True,True,False,False,True,True,True,True,True,True,2024-01-11 12:00:00+00:00,2024-01-15 00:00:00+00:00,41705.41796875,2024-01-16 20:00:00+00:00,43566.2734375,2024-01-23 12:00:00+00:00,38521.89453125,2024-01-30 12:00:00+00:00,43838.9453125,2024-02-01 00:00:00+00:00,41879.19140625,
BTC-USD,4h,day_trade,OCOI,80,True,True,True,False,True,True,False,True,True,True,2024-03-14 04:00:00+00:00,2024-03-17 04:00:00+00:00,64600.9609375,2024-03-18 04:00:00+00:00,68880.984375,2024-03-20 04:00:00+00:00,60872.67578125,2024-03-21 00:00:00+00:00,68199.9921875,2024-03-22 20:00:00+00:00,62415.49609375,
BTC-USD,4h,day_trade,OCO,75,True,True,True,False,True,True,False,False,True,True,2024-05-29 16:00:00+00:00,2024-05-30 16:00:00+00:00,69494.453125,2024-05-31 16:00:00+00:00,66658.6328125,2024-06-07 12:00:00+00:00,71907.8515625,2024-06-11 12:00:00+00:00,66123.6015625,2024-06-12 12:00:00+00:00,69977.890625,
BTC-USD,4h,day_trade,OCO,85,True,True,True,False,True,True,True,True,True,True,2024-08-12 04:00:00+00:00,2024-08-14 12:00:00+00:00,61679.02734375,2024-08-15 20:00:00+00:00,56231.78515625,2024-08-25 20:00:00+00:00,64959.78125,2024-09-02 00:00:00+00:00,57266.89453125,2024-09-03 00:00:00+00:00,59781.046875,
BTC-USD,4h,day_trade,OCO,70,True,True,False,False,True,True,False,True,True,True,2024-11-26 20:00:00+00:00,2024-11-29 12:00:00+00:00,98631.9453125,2024-12-03 12:00:00+00:00,93645.6328125,2024-12-05 12:00:00+00:00,103565.8828125,2024-12-05 20:00:00+00:00,94035.21875,2024-12-08 20:00:00+00:00,101352.5390625,
BTC-USD,4h,day_trade,OCOI,75,True,True,False,False,True,True,True,True,True,True,2025-03-24 12:00:00+00:00,2025-03-31 00:00:00+00:00,81305.1484375,2025-04-02 20:00:00+00:00,87806.703125,2025-04-07 04:00:00+00:00,74467.703125,2025-04-15 12:00:00+00:00,86411.9296875,2025-04-16 00:00:00+00:00,83145.7109375,
ETH-USD,4h,day_trade,OCOI,85,True,True,True,False,True,True,True,True,True,True,2023-08-29 16:00:00+00:00,2023-09-01 16:00:00+00:00,1603.0341796875,2023-09-07 20:00:00+00:00,1657.3037109375,2023-09-11 20:00:00+00:00,1533.4267578125,2023-09-15 20:00:00+00:00,1652.1131591796875,2023-09-18 00:00:00+00:00,1609.9573974609375,
ETH-USD,4h,day_trade,OCOI,90,True,True,True,True,True,True,False,False,True,True,2023-11-13 16:00:00+00:00,2023-11-14 16:00:00+00:00,1939.2803955078125,2023-11-16 08:00:00+00:00,2088.662353515625,2023-11-17 16:00:00+00:00,1910.4454345703125,2023-11-20 16:00:00+00:00,2066.409912109375,2023-11-22 00:00:00+00:00,1933.1629638671875,
ETH-USD,4h,day_trade,OCOI,70,True,True,True,False,True,True,True,False,False,True,2023-12-09 08:00:00+00:00,2023-12-13 04:00:00+00:00,2150.75439453125,2023-12-14 20:00:00+00:00,2331.6015625,2023-12-18 08:00:00+00:00,2120.12744140625,2023-12-22 16:00:00+00:00,2341.947509765625,2023-12-26 16:00:00+00:00,2180.225341796875,
ETH-USD,4h,day_trade,OCO,85,True,True,True,False,True,True,True,True,True,True,2024-08-05 00:00:00+00:00,2024-08-08 20:00:00+00:00,2721.95458984375,2024-08-12 00:00:00+00:00,2513.39404296875,2024-08-14 12:00:00+00:00,2775.281005859375,2024-08-15 20:00:00+00:00,2528.998779296875,2024-08-20 04:00:00+00:00,2695.06689453125,
ETH-USD,4h,day_trade,OCO,75,True,True,True,False,True,True,True,True,False,True,2025-05-18 20:00:00+00:00,2025-05-23 00:00:00+00:00,2727.05322265625,2025-05-25 08:00:00+00:00,2471.86279296875,2025-05-29 00:00:00+00:00,2773.84619140625,2025-06-01 12:00:00+00:00,2474.08349609375,2025-06-04 12:00:00+00:00,2677.42529296875,
SOL-USD,4h,day_trade,OCOI,85,True,True,True,False,True,True,True,True,True,True,2023-10-03 12:00:00+00:00,2023-10-05 16:00:00+00:00,22.62894821166992,2023-10-07 04:00:00+00:00,24.10172271728516,2023-10-12 16:00:00+00:00,21.068971633911133,2023-10-17 08:00:00+00:00,24.485265731811523,2023-10-19 00:00:00+00:00,23.25644493103028,
SOL-USD,4h,day_trade,OCOI,80,True,True,False,True,True,True,False,False,True,True,2024-06-12 12:00:00+00:00,2024-06-14 16:00:00+00:00,140.11538696289062,2024-06-17 00:00:00+00:00,151.58477783203125,2024-06-24 04:00:00+00:00,123.6693344116211,2024-06-27 12:00:00+00:00,150.7672119140625,2024-06-30 04:00:00+00:00,137.14137268066406,
SOL-USD,4h,day_trade,OCO,80,True,True,True,False,True,True,True,False,True,True,2025-03-18 12:00:00+00:00,2025-03-19 20:00:00+00:00,135.92552185058594,2025-03-21 16:00:00+00:00,124.98175811767578,2025-03-25 12:00:00+00:00,147.05360412597656,2025-03-31 00:00:00+00:00,123.08495330810548,2025-04-02 20:00:00+00:00,135.48837280273438,
SOL-USD,4h,day_trade,OCOI,80,True,True,True,False,True,True,False,True,True,True,2025-04-25 12:00:00+00:00,2025-04-28 00:00:00+00:00,144.9167938232422,2025-04-28 08:00:00+00:00,153.10902404785156,2025-04-30 12:00:00+00:00,141.0130157470703,2025-05-01 12:00:00+00:00,153.78565979003906,2025-05-06 12:00:00+00:00,141.67991638183594,
HBAR-USD,4h,day_trade,OCO,70,True,True,False,False,True,True,False,True,True,True,2023-08-05 12:00:00+00:00,2023-08-09 00:00:00+00:00,0.0635267496109008,2023-08-12 04:00:00+00:00,0.05574207380414,2023-08-15 04:00:00+00:00,0.0751473307609558,2023-08-17 20:00:00+00:00,0.0542350336909294,2023-08-19 16:00:00+00:00,0.0682370588183403,
HBAR-USD,4h,day_trade,OCO,80,True,True,True,True,True,True,False,False,False,True,2023-12-18 08:00:00+00:00,2023-12-22 00:00:00+00:00,0.0939459726214408,2023-12-23 04:00:00+00:00,0.0871794372797012,2023-12-24 00:00:00+00:00,0.0946311205625534,2023-12-26 16:00:00+00:00,0.0862180590629577,2023-12-28 00:00:00+00:00,0.0942232906818389,
HBAR-USD,4h,day_trade,OCOI,90,True,True,False,True,True,True,True,True,True,True,2024-08-24 20:00:00+00:00,2024-09-01 20:00:00+00:00,0.0477252081036567,2024-09-03 00:00:00+00:00,0.0516622811555862,2024-09-06 20:00:00+00:00,0.0458570756018161,2024-09-09 20:00:00+00:00,0.0514856241643428,2024-09-11 12:00:00+00:00,0.0488188862800598,
HBAR-USD,4h,day_trade,OCO,70,True,True,False,False,True,True,False,True,True,True,2024-10-03 12:00:00+00:00,2024-10-07 04:00:00+00:00,0.055493738502264,2024-10-10 16:00:00+00:00,0.0491951629519462,2024-10-16 00:00:00+00:00,0.0578410699963569,2024-10-17 16:00:00+00:00,0.0503961443901062,2024-10-21 00:00:00+00:00,0.0563381016254425,
HBAR-USD,4h,day_trade,OCOI,80,True,True,True,False,True,True,True,False,True,True,2024-10-25 12:00:00+00:00,2024-10-25 20:00:00+00:00,0.0461350940167903,2024-10-29 16:00:00+00:00,0.0505475215613842,2024-11-03 12:00:00+00:00,0.0416753627359867,2024-11-06 12:00:00+00:00,0.05006705224514,2024-11-12 16:00:00+00:00,0.0532255135476589,
BTC-USD,4h,swing_structure,OCOI,75,True,True,False,False,True,True,True,True,True,True,2024-01-11 12:00:00+00:00,2024-01-15 00:00:00+00:00,41705.41796875,2024-01-16 20:00:00+00:00,43566.2734375,2024-01-23 12:00:00+00:00,38521.89453125,2024-01-30 12:00:00+00:00,43838.9453125,2024-02-01 00:00:00+00:00,41879.19140625,
BTC-USD,4h,swing_structure,OCO,100,True,True,True,True,True,True,True,True,True,True,2024-02-23 20:00:00+00:00,2024-03-05 12:00:00+00:00,68991.0078125,2024-03-05 16:00:00+00:00,59986.01953125,2024-03-14 04:00:00+00:00,73749.53125,2024-03-20 04:00:00+00:00,60872.67578125,2024-03-21 00:00:00+00:00,68199.9921875,
BTC-USD,4h,swing_structure,OCO,100,True,True,True,True,True,True,True,True,True,True,2024-12-03 12:00:00+00:00,2024-12-05 12:00:00+00:00,103565.8828125,2024-12-05 20:00:00+00:00,94035.21875,2024-12-17 12:00:00+00:00,108240.0859375,2024-12-20 12:00:00+00:00,92265.328125,2024-12-26 00:00:00+00:00,99800.578125,
ETH-USD,4h,swing_structure,OCOI,70,True,True,True,False,True,True,True,False,False,True,2023-12-09 08:00:00+00:00,2023-12-13 04:00:00+00:00,2150.75439453125,2023-12-14 20:00:00+00:00,2331.6015625,2023-12-18 08:00:00+00:00,2120.12744140625,2023-12-22 16:00:00+00:00,2341.947509765625,2023-12-26 16:00:00+00:00,2180.225341796875,
ETH-USD,4h,swing_structure,OCO,85,True,True,True,False,True,True,True,True,True,True,2024-08-05 00:00:00+00:00,2024-08-08 20:00:00+00:00,2721.95458984375,2024-08-12 00:00:00+00:00,2513.39404296875,2024-08-14 12:00:00+00:00,2775.281005859375,2024-08-15 20:00:00+00:00,2528.998779296875,2024-08-20 04:00:00+00:00,2695.06689453125,
ETH-USD,4h,swing_structure,OCO,75,True,True,True,False,True,True,True,True,False,True,2025-05-18 20:00:00+00:00,2025-05-23 00:00:00+00:00,2727.05322265625,2025-05-25 08:00:00+00:00,2471.86279296875,2025-05-29 00:00:00+00:00,2773.84619140625,2025-06-01 12:00:00+00:00,2474.08349609375,2025-06-04 12:00:00+00:00,2677.42529296875,
SOL-USD,4h,swing_structure,OCOI,80,True,True,True,False,True,True,False,True,True,True,2023-08-24 04:00:00+00:00,2023-09-01 16:00:00+00:00,19.092512130737305,2023-09-05 12:00:00+00:00,20.54744338989257,2023-09-11 12:00:00+00:00,17.461477279663086,2023-09-20 16:00:00+00:00,20.481464385986328,2023-09-27 16:00:00+00:00,18.774215698242188,
SOL-USD,4h,swing_structure,OCOI,85,True,True,True,False,True,True,True,True,True,True,2023-10-03 12:00:00+00:00,2023-10-05 16:00:00+00:00,22.62894821166992,2023-10-07 04:00:00+00:00,24.10172271728516,2023-10-12 16:00:00+00:00,21.068971633911133,2023-10-17 08:00:00+00:00,24.485265731811523,2023-10-19 00:00:00+00:00,23.25644493103028,
SOL-USD,4h,swing_structure,OCOI,85,True,True,True,False,True,True,True,True,True,True,2024-01-11 12:00:00+00:00,2024-01-12 20:00:00+00:00,88.30984497070312,2024-01-18 00:00:00+00:00,102.9231414794922,2024-01-23 12:00:00+00:00,79.06669616699219,2024-01-30 08:00:00+00:00,106.21346282958984,2024-02-06 08:00:00+00:00,93.2807388305664,
SOL-USD,4h,swing_structure,OCOI,80,True,True,False,True,True,True,False,False,True,True,2024-06-05 16:00:00+00:00,2024-06-14 16:00:00+00:00,140.11538696289062,2024-06-17 00:00:00+00:00,151.58477783203125,2024-06-24 04:00:00+00:00,123.6693344116211,2024-06-27 12:00:00+00:00,150.7672119140625,2024-06-30 04:00:00+00:00,137.14137268066406,
SOL-USD,4h,swing_structure,OCO,85,True,True,True,False,True,True,True,True,True,True,2024-12-20 12:00:00+00:00,2024-12-25 00:00:00+00:00,201.63018798828125,2024-12-27 16:00:00+00:00,182.9566192626953,2025-01-06 16:00:00+00:00,222.907958984375,2025-01-09 20:00:00+00:00,182.3480224609375,2025-01-13 00:00:00+00:00,191.7459716796875,
SOL-USD,4h,swing_structure,OCO,80,True,True,True,False,True,True,True,False,True,True,2025-03-18 12:00:00+00:00,2025-03-19 20:00:00+00:00,135.92552185058594,2025-03-21 16:00:00+00:00,124.98175811767578,2025-03-25 12:00:00+00:00,147.05360412597656,2025-03-31 00:00:00+00:00,123.08495330810548,2025-04-02 20:00:00+00:00,135.48837280273438,
SOL-USD,4h,swing_structure,OCOI,75,True,True,False,False,True,True,True,True,True,True,2025-03-25 12:00:00+00:00,2025-03-31 00:00:00+00:00,123.08495330810548,2025-04-02 20:00:00+00:00,135.48837280273438,2025-04-07 04:00:00+00:00,96.58806610107422,2025-04-14 00:00:00+00:00,135.1309356689453,2025-04-16 08:00:00+00:00,123.75035095214844,
SOL-USD,4h,swing_structure,OCOI,80,True,True,True,False,True,True,False,True,True,True,2025-04-25 12:00:00+00:00,2025-04-28 00:00:00+00:00,144.9167938232422,2025-04-28 08:00:00+00:00,153.10902404785156,2025-04-30 12:00:00+00:00,141.0130157470703,2025-05-01 12:00:00+00:00,153.78565979003906,2025-05-06 12:00:00+00:00,141.67991638183594,
HBAR-USD,4h,swing_structure,OCO,70,True,True,False,False,True,True,False,True,True,True,2023-08-05 12:00:00+00:00,2023-08-09 00:00:00+00:00,0.0635267496109008,2023-08-12 04:00:00+00:00,0.05574207380414,2023-08-15 04:00:00+00:00,0.0751473307609558,2023-08-17 20:00:00+00:00,0.0542350336909294,2023-08-19 16:00:00+00:00,0.0682370588183403,
HBAR-USD,4h,swing_structure,OCO,70,True,True,False,False,True,True,False,True,True,True,2024-07-08 00:00:00+00:00,2024-07-10 04:00:00+00:00,0.0692748725414276,2024-07-12 08:00:00+00:00,0.064819611608982,2024-07-15 20:00:00+00:00,0.079241082072258,2024-07-25 12:00:00+00:00,0.0639143660664558,2024-07-27 12:00:00+00:00,0.070216916501522,
HBAR-USD,4h,swing_structure,OCOI,90,True,True,False,True,True,True,True,True,True,True,2024-08-24 20:00:00+00:00,2024-09-01 20:00:00+00:00,0.0477252081036567,2024-09-03 00:00:00+00:00,0.0516622811555862,2024-09-06 20:00:00+00:00,0.0458570756018161,2024-09-09 20:00:00+00:00,0.0514856241643428,2024-09-11 12:00:00+00:00,0.0488188862800598,
HBAR-USD,4h,swing_structure,OCO,70,True,True,False,False,True,True,False,True,True,True,2024-10-03 12:00:00+00:00,2024-10-07 04:00:00+00:00,0.055493738502264,2024-10-10 16:00:00+00:00,0.0491951629519462,2024-10-16 00:00:00+00:00,0.0578410699963569,2024-10-17 16:00:00+00:00,0.0503961443901062,2024-10-21 00:00:00+00:00,0.0563381016254425,
HBAR-USD,4h,swing_structure,OCOI,70,True,True,False,False,True,True,False,True,True,True,2025-03-25 12:00:00+00:00,2025-03-31 08:00:00+00:00,0.1565352231264114,2025-04-02 20:00:00+00:00,0.1800194531679153,2025-04-07 04:00:00+00:00,0.1262955367565155,2025-04-12 20:00:00+00:00,0.1776790916919708,2025-04-16 16:00:00+00:00,0.1545691788196563,
BTC-USD,1d,swing_structure,OCO,85,True,True,True,False,True,True,True,True,True,True,2023-05-12 00:00:00,2023-05-29 00:00:00,28432.0390625,2023-06-15 00:00:00,24797.16796875,2023-07-13 00:00:00,31814.515625,2023-08-17 00:00:00,25409.111328125,2023-08-29 00:00:00,28089.337890625,
BTC-USD,1d,swing_structure,OCO,75,True,True,False,False,True,True,True,True,True,True,2024-12-30 00:00:00,2025-01-07 00:00:00,102712.484375,2025-01-13 00:00:00,89260.1015625,2025-01-20 00:00:00,109114.8828125,2025-02-03 00:00:00,91242.890625,2025-02-21 00:00:00,99497.96875,
ETH-USD,1d,swing_structure,OCO,70,True,True,False,False,True,True,False,True,True,True,2024-04-13 00:00:00,2024-04-28 00:00:00,3351.176513671875,2024-05-01 00:00:00,2815.92333984375,2024-05-27 00:00:00,3973.556396484375,2024-07-05 00:00:00,2826.014404296875,2024-07-22 00:00:00,3560.075439453125,
HBAR-USD,1d,swing_structure,OCOI,90,True,True,False,True,True,True,True,True,True,True,2020-08-11 00:00:00,2020-10-02 00:00:00,0.0292179994285106,2020-10-10 00:00:00,0.0353749990463256,2020-11-04 00:00:00,0.0277820006012916,2020-11-11 00:00:00,0.0349770002067089,2020-11-19 00:00:00,0.0296739991754293,
HBAR-USD,1d,swing_structure,OCO,70,True,True,True,False,True,True,True,False,False,True,2024-08-05 00:00:00,2024-08-24 00:00:00,0.0620100013911724,2024-09-06 00:00:00,0.0458480007946491,2024-09-28 00:00:00,0.0637649968266487,2024-10-10 00:00:00,0.049159999936819,2024-10-16 00:00:00,0.0578420013189315,
HBAR-USD,1d,swing_structure,OCOI,80,True,True,True,False,True,True,False,True,True,True,2025-03-03 00:00:00,2025-03-11 00:00:00,0.1807260066270828,2025-03-26 00:00:00,0.2009570002555847,2025-04-07 00:00:00,0.1262719929218292,2025-04-25 00:00:00,0.2016970068216323,2025-05-06 00:00:00,0.1696009933948516,
ETH-USD,1d,macro_trend,OCO,70,True,True,False,False,True,True,False,True,True,True,2024-04-13 00:00:00,2024-04-28 00:00:00,3351.176513671875,2024-05-01 00:00:00,2815.92333984375,2024-05-27 00:00:00,3973.556396484375,2024-07-05 00:00:00,2826.014404296875,2024-07-22 00:00:00,3560.075439453125,
ETH-USD,1d,macro_trend,OCOI,90,True,True,True,True,True,True,False,False,True,True,2025-01-06 00:00:00,2025-02-03 00:00:00,2159.280517578125,2025-02-23 00:00:00,2850.6103515625,2025-04-09 00:00:00,1386.79931640625,2025-06-11 00:00:00,2877.62939453125,2025-06-22 00:00:00,2116.681396484375,
ETH-USD,1wk,macro_trend,OCO,95,True,True,True,True,True,True,True,False,True,True,2020-08-31 00:00:00,2021-05-10 00:00:00,4362.3505859375,2021-06-21 00:00:00,1707.6005859375,2021-11-15 00:00:00,4891.70458984375,2022-01-24 00:00:00,2172.30126953125,2022-03-28 00:00:00,3573.960205078125,
BTC-USD,4h,major_structure,OCO,95,True,True,True,True,True,True,False,True,True,True,2024-01-23 12:00:00+00:00,2024-03-05 12:00:00+00:00,68991.0078125,2024-03-05 16:00:00+00:00,59986.01953125,2024-03-14 04:00:00+00:00,73749.53125,2024-03-20 04:00:00+00:00,60872.67578125,2024-03-27 12:00:00+00:00,71650.46875,
BTC-USD,4h,major_structure,OCO,100,True,True,True,True,True,True,True,True,True,True,2024-11-26 20:00:00+00:00,2024-12-05 12:00:00+00:00,103565.8828125,2024-12-10 16:00:00+00:00,94383.078125,2024-12-17 12:00:00+00:00,108240.0859375,2024-12-20 12:00:00+00:00,92265.328125,2024-12-26 00:00:00+00:00,99800.578125,
ETH-USD,4h,major_structure,OCOI,70,True,True,False,False,True,True,False,True,True,True,2024-06-16 20:00:00+00:00,2024-06-24 16:00:00+00:00,3244.241455078125,2024-07-01 00:00:00+00:00,3513.310791015625,2024-07-05 08:00:00+00:00,2826.014404296875,2024-07-22 00:00:00+00:00,3558.994140625,2024-07-25 20:00:00+00:00,3091.99462890625,
SOL-USD,4h,major_structure,OCOI,85,True,True,True,False,True,True,True,True,True,True,2024-01-11 12:00:00+00:00,2024-01-12 20:00:00+00:00,88.30984497070312,2024-01-18 00:00:00+00:00,102.9231414794922,2024-01-23 12:00:00+00:00,79.06669616699219,2024-01-30 08:00:00+00:00,106.21346282958984,2024-02-06 08:00:00+00:00,93.2807388305664,
SOL-USD,4h,major_structure,OCOI,80,True,True,False,True,True,True,False,False,True,True,2024-06-05 16:00:00+00:00,2024-06-14 16:00:00+00:00,140.11538696289062,2024-06-17 00:00:00+00:00,151.58477783203125,2024-06-24 04:00:00+00:00,123.6693344116211,2024-06-27 12:00:00+00:00,150.7672119140625,2024-06-30 04:00:00+00:00,137.14137268066406,
SOL-USD,4h,major_structure,OCO,80,True,True,True,False,True,True,True,False,True,True,2025-03-18 12:00:00+00:00,2025-03-19 20:00:00+00:00,135.92552185058594,2025-03-21 16:00:00+00:00,124.98175811767578,2025-03-25 12:00:00+00:00,147.05360412597656,2025-03-31 00:00:00+00:00,123.08495330810548,2025-04-02 20:00:00+00:00,135.48837280273438,
SOL-USD,4h,major_structure,OCOI,75,True,True,False,False,True,True,True,True,True,True,2025-03-25 12:00:00+00:00,2025-03-31 00:00:00+00:00,123.08495330810548,2025-04-02 20:00:00+00:00,135.48837280273438,2025-04-07 04:00:00+00:00,96.58806610107422,2025-04-14 00:00:00+00:00,135.1309356689453,2025-04-16 08:00:00+00:00,123.75035095214844,
SOL-USD,4h,major_structure,OCOI,95,True,True,True,True,True,True,True,False,True,True,2025-06-11 12:00:00+00:00,2025-06-13 00:00:00+00:00,141.46420288085938,2025-06-16 16:00:00+00:00,158.5836181640625,2025-06-22 20:00:00+00:00,126.82667541503906,2025-06-30 12:00:00+00:00,159.4008026123047,2025-07-01 20:00:00+00:00,145.22157287597656,
HBAR-USD,4h,major_structure,OCO,85,True,True,True,False,True,True,True,True,True,True,2024-07-05 04:00:00+00:00,2024-07-06 20:00:00+00:00,0.0709398314356803,2024-07-08 00:00:00+00:00,0.062751829624176,2024-07-15 20:00:00+00:00,0.079241082072258,2024-07-25 12:00:00+00:00,0.0639143660664558,2024-07-27 12:00:00+00:00,0.070216916501522,
HBAR-USD,4h,major_structure,OCO,70,True,True,False,False,True,True,False,True,True,True,2024-10-03 12:00:00+00:00,2024-10-07 04:00:00+00:00,0.055493738502264,2024-10-10 16:00:00+00:00,0.0491951629519462,2024-10-16 00:00:00+00:00,0.0578410699963569,2024-10-17 16:00:00+00:00,0.0503961443901062,2024-10-21 00:00:00+00:00,0.0563381016254425,
HBAR-USD,4h,major_structure,OCOI,100,True,True,True,True,True,True,True,True,True,True,2024-12-06 20:00:00+00:00,2024-12-09 20:00:00+00:00,0.2520383298397064,2024-12-13 12:00:00+00:00,0.3294027745723724,2024-12-20 12:00:00+00:00,0.2345694750547409,2024-12-24 20:00:00+00:00,0.3369508385658264,2025-01-01 08:00:00+00:00,0.2639975547790527,
HBAR-USD,4h,major_structure,OCOI,70,True,True,False,False,True,True,False,True,True,True,2025-03-25 12:00:00+00:00,2025-03-31 08:00:00+00:00,0.1565352231264114,2025-04-02 20:00:00+00:00,0.1800194531679153,2025-04-07 04:00:00+00:00,0.1262955367565155,2025-04-12 20:00:00+00:00,0.1776790916919708,2025-04-16 16:00:00+00:00,0.1545691788196563,
BTC-USD,1d,major_structure,OCOI,70,True,True,False,False,True,True,True,False,True,True,2024-12-17 00:00:00,2025-01-13 00:00:00,89260.1015625,2025-01-20 00:00:00,109114.8828125,2025-04-07 00:00:00,74436.6796875,2025-05-22 00:00:00,111970.171875,2025-06-22 00:00:00,98286.203125,
HBAR-USD,1d,major_structure,OCOI,75,True,True,True,False,True,True,False,False,True,True,2023-02-12 00:00:00,2023-03-10 00:00:00,0.0545840002596378,2023-04-02 00:00:00,0.0775839984416961,2023-06-10 00:00:00,0.0410889983177185,2023-08-15 00:00:00,0.0751470029354095,2023-10-12 00:00:00,0.0450810007750988,
