ticker,timeframe,padrao_tipo,score_total,valid_base_tendencia,valid_contexto_cabeca,valid_divergencia_macd,valid_divergencia_rsi,valid_extremo_cabeca,valid_neckline_plana,valid_ombro_direito_fraco,valid_perfil_volume,valid_proeminencia_cabeca,valid_simetria_ombros,p0_idx,ombro1_idx,ombro1_preco,neckline1_idx,neckline1_preco,cabeca_idx,cabeca_preco,neckline2_idx,neckline2_preco,ombro2_idx,ombro2_preco
BTC-USD,1d,OCOI,70,True,True,False,False,True,True,True,False,True,True,2024-12-17 00:00:00,2025-01-13 00:00:00,89260.1015625,2025-01-20 00:00:00,109114.8828125,2025-04-07 00:00:00,74436.6796875,2025-05-22 00:00:00,111970.171875,2025-06-22 00:00:00,98286.203125
ETH-USD,1h,OCOI,85,True,True,False,True,True,True,False,True,True,True,2023-08-29 16:00:00+00:00,2023-09-01 17:00:00+00:00,1603.0341796875,2023-09-07 21:00:00+00:00,1657.3037109375,2023-09-11 20:00:00+00:00,1533.4267578125,2023-09-18 12:00:00+00:00,1669.015380859375,2023-09-25 12:00:00+00:00,1565.0255126953125
ETH-USD,1h,OCOI,70,True,True,True,False,True,True,True,False,False,True,2023-10-24 12:00:00+00:00,2023-10-24 18:00:00+00:00,1758.6900634765625,2023-10-26 08:00:00+00:00,1865.09521484375,2023-10-27 18:00:00+00:00,1751.4400634765625,2023-11-02 03:00:00+00:00,1873.885009765625,2023-11-03 01:00:00+00:00,1779.635498046875
ETH-USD,1h,OCO,85,True,True,False,True,True,True,False,True,True,True,2024-02-20 09:00:00+00:00,2024-02-20 14:00:00+00:00,3001.59716796875,2024-02-20 17:00:00+00:00,2889.008056640625,2024-02-20 23:00:00+00:00,3031.5244140625,2024-02-21 14:00:00+00:00,2875.41845703125,2024-02-22 09:00:00+00:00,3029.888916015625
ETH-USD,1h,OCOI,65,True,True,False,False,True,True,True,True,False,True,2024-02-20 14:00:00+00:00,2024-02-20 17:00:00+00:00,2889.008056640625,2024-02-20 23:00:00+00:00,3031.5244140625,2024-02-21 14:00:00+00:00,2875.41845703125,2024-02-22 09:00:00+00:00,3029.888916015625,2024-02-22 13:00:00+00:00,2930.704833984375
ETH-USD,1h,OCOI,95,True,True,True,True,True,True,False,True,True,True,2024-03-15 00:00:00+00:00,2024-03-15 03:00:00+00:00,3641.0107421875,2024-03-15 07:00:00+00:00,3767.845458984375,2024-03-15 09:00:00+00:00,3599.736328125,2024-03-15 19:00:00+00:00,3798.46044921875,2024-03-15 20:00:00+00:00,3619.42333984375
ETH-USD,1h,OCO,60,True,True,False,False,True,True,False,True,False,True,2024-03-15 03:00:00+00:00,2024-03-15 07:00:00+00:00,3767.845458984375,2024-03-15 09:00:00+00:00,3599.736328125,2024-03-15 19:00:00+00:00,3798.46044921875,2024-03-15 20:00:00+00:00,3619.42333984375,2024-03-16 01:00:00+00:00,3775.804443359375
ETH-USD,1h,OCOI,90,True,True,True,True,True,True,False,False,True,True,2024-04-30 00:00:00+00:00,2024-04-30 19:00:00+00:00,2918.228759765625,2024-04-30 22:00:00+00:00,3024.170654296875,2024-05-01 08:00:00+00:00,2822.109619140625,2024-05-01 18:00:00+00:00,3010.533447265625,2024-05-02 01:00:00+00:00,2894.95751953125
ETH-USD,1h,OCO,65,True,True,False,False,True,True,False,False,True,True,2024-05-21 19:00:00+00:00,2024-05-21 22:00:00+00:00,3817.907470703125,2024-05-22 12:00:00+00:00,3655.600341796875,2024-05-23 12:00:00+00:00,3939.265380859375,2024-05-23 20:00:00+00:00,3642.81689453125,2024-05-23 21:00:00+00:00,3878.069091796875
ETH-USD,1h,OCOI,80,True,True,False,True,True,True,False,False,True,True,2024-06-05 20:00:00+00:00,2024-06-11 17:00:00+00:00,3434.7490234375,2024-06-12 13:00:00+00:00,3652.4921875,2024-06-14 18:00:00+00:00,3366.223876953125,2024-06-16 22:00:00+00:00,3648.093017578125,2024-06-18 01:00:00+00:00,3371.59033203125
ETH-USD,1h,OCO,90,True,True,True,True,True,True,True,True,False,True,2024-07-12 10:00:00+00:00,2024-07-16 00:00:00+00:00,3498.218994140625,2024-07-16 08:00:00+00:00,3351.77978515625,2024-07-17 01:00:00+00:00,3516.104248046875,2024-07-17 16:00:00+00:00,3379.099609375,2024-07-18 13:00:00+00:00,3488.715576171875
ETH-USD,1h,OCO,90,True,True,True,True,True,True,True,True,False,True,2024-07-18 16:00:00+00:00,2024-07-19 19:00:00+00:00,3540.001220703125,2024-07-21 18:00:00+00:00,3420.897705078125,2024-07-22 00:00:00+00:00,3558.994140625,2024-07-22 23:00:00+00:00,3426.753662109375,2024-07-23 09:00:00+00:00,3537.8857421875
ETH-USD,1h,OCO,70,True,True,True,False,True,True,True,False,False,True,2024-08-05 19:00:00+00:00,2024-08-06 01:00:00+00:00,2546.82666015625,2024-08-06 13:00:00+00:00,2420.02734375,2024-08-06 14:00:00+00:00,2552.306396484375,2024-08-07 01:00:00+00:00,2432.802001953125,2024-08-07 10:00:00+00:00,2544.0400390625
ETH-USD,1h,OCOI,65,True,True,False,False,True,True,False,False,True,True,2024-08-06 14:00:00+00:00,2024-08-07 01:00:00+00:00,2432.802001953125,2024-08-07 10:00:00+00:00,2544.0400390625,2024-08-07 20:00:00+00:00,2312.620849609375,2024-08-08 12:00:00+00:00,2523.594970703125,2024-08-08 13:00:00+00:00,2420.720947265625
ETH-USD,1h,OCOI,85,True,True,True,False,True,True,True,True,True,True,2024-08-08 22:00:00+00:00,2024-08-09 16:00:00+00:00,2559.845458984375,2024-08-11 09:00:00+00:00,2716.13623046875,2024-08-12 00:00:00+00:00,2513.39404296875,2024-08-12 23:00:00+00:00,2749.135009765625,2024-08-13 10:00:00+00:00,2614.67822265625
ETH-USD,1h,OCOI,70,True,True,False,False,True,True,False,True,True,True,2024-08-14 12:00:00+00:00,2024-08-15 07:00:00+00:00,2593.59228515625,2024-08-15 15:00:00+00:00,2674.32568359375,2024-08-15 20:00:00+00:00,2528.998779296875,2024-08-18 13:00:00+00:00,2682.20947265625,2024-08-19 14:00:00+00:00,2569.21435546875
ETH-USD,1h,OCO,80,True,True,True,False,True,True,True,False,True,True,2024-08-27 22:00:00+00:00,2024-08-28 09:00:00+00:00,2543.945068359375,2024-08-28 16:00:00+00:00,2458.588134765625,2024-08-29 15:00:00+00:00,2595.081298828125,2024-08-30 15:00:00+00:00,2438.00146484375,2024-08-30 18:00:00+00:00,2539.373291015625
ETH-USD,1h,OCOI,70,True,True,False,False,True,True,False,True,True,True,2024-09-04 16:00:00+00:00,2024-09-06 07:00:00+00:00,2323.862060546875,2024-09-06 12:00:00+00:00,2403.593017578125,2024-09-06 21:00:00+00:00,2152.053955078125,2024-09-10 23:00:00+00:00,2398.087158203125,2024-09-11 14:00:00+00:00,2281.949951171875
ETH-USD,1h,OCO,65,True,True,False,False,True,True,False,False,True,True,2024-11-15 04:00:00+00:00,2024-11-15 12:00:00+00:00,3129.234375,2024-11-15 15:00:00+00:00,3016.408935546875,2024-11-16 12:00:00+00:00,3215.554443359375,2024-11-17 02:00:00+00:00,3040.54052734375,2024-11-17 09:00:00+00:00,3160.046142578125
ETH-USD,1h,OCOI,60,True,True,False,False,True,True,True,False,False,True,2024-12-27 09:00:00+00:00,2024-12-27 15:00:00+00:00,3303.736572265625,2024-12-30 01:00:00+00:00,3425.318359375,2024-12-30 15:00:00+00:00,3301.4052734375,2024-12-30 20:00:00+00:00,3412.396240234375,2024-12-30 21:00:00+00:00,3309.311279296875
ETH-USD,1h,OCOI,80,True,True,False,True,True,True,False,False,True,True,2025-01-09 01:00:00+00:00,2025-01-09 14:00:00+00:00,3212.232666015625,2025-01-09 15:00:00+00:00,3332.154296875,2025-01-09 20:00:00+00:00,3163.791259765625,2025-01-10 10:00:00+00:00,3320.388916015625,2025-01-10 15:00:00+00:00,3196.1103515625
ETH-USD,1h,OCO,70,True,True,False,False,True,True,False,True,True,True,2025-01-18 10:00:00+00:00,2025-01-19 02:00:00+00:00,3373.392822265625,2025-01-19 11:00:00+00:00,3130.1787109375,2025-01-19 18:00:00+00:00,3443.90869140625,2025-01-20 00:00:00+00:00,3147.656005859375,2025-01-20 06:00:00+00:00,3443.3564453125
ETH-USD,1h,OCO,70,True,True,False,False,True,True,False,True,True,True,2025-01-27 07:00:00+00:00,2025-01-27 15:00:00+00:00,3149.902587890625,2025-01-27 18:00:00+00:00,3052.06298828125,2025-01-27 21:00:00+00:00,3230.340087890625,2025-01-28 22:00:00+00:00,3045.9716796875,2025-01-29 08:00:00+00:00,3161.49267578125
ETH-USD,1h,OCO,70,True,True,False,False,True,True,False,True,True,True,2025-02-09 22:00:00+00:00,2025-02-10 00:00:00+00:00,2656.81689453125,2025-02-10 01:00:00+00:00,2564.3056640625,2025-02-11 06:00:00+00:00,2724.15234375,2025-02-11 22:00:00+00:00,2574.262451171875,2025-02-12 13:00:00+00:00,2663.2939453125
ETH-USD,1h,OCO,65,True,True,False,False,True,True,False,False,True,True,2025-02-17 19:00:00+00:00,2025-02-17 22:00:00+00:00,2776.6142578125,2025-02-18 17:00:00+00:00,2608.884521484375,2025-02-21 13:00:00+00:00,2841.222900390625,2025-02-21 21:00:00+00:00,2617.484375,2025-02-23 23:00:00+00:00,2838.651123046875
ETH-USD,1h,OCO,70,True,True,False,False,True,True,False,True,True,True,2025-02-25 07:00:00+00:00,2025-02-25 12:00:00+00:00,2444.4248046875,2025-02-25 15:00:00+00:00,2363.445556640625,2025-02-25 22:00:00+00:00,2529.016357421875,2025-02-26 14:00:00+00:00,2370.431396484375,2025-02-26 15:00:00+00:00,2457.0185546875
ETH-USD,1h,OCO,55,True,True,False,False,True,True,False,False,False,True,2025-03-11 00:00:00+00:00,2025-03-11 13:00:00+00:00,1944.1060791015625,2025-03-11 14:00:00+00:00,1842.5186767578125,2025-03-11 18:00:00+00:00,1960.05224609375,2025-03-12 04:00:00+00:00,1855.04443359375,2025-03-12 09:00:00+00:00,1951.6920166015625
ETH-USD,1h,OCOI,90,True,True,True,True,True,True,False,False,True,True,2025-03-24 11:00:00+00:00,2025-03-26 19:00:00+00:00,1982.412353515625,2025-03-28 11:00:00+00:00,1920.730224609375,2025-03-30 22:00:00+00:00,1773.1949462890625,2025-04-01 15:00:00+00:00,1926.302978515625,2025-04-02 06:00:00+00:00,1852.231689453125
ETH-USD,1h,OCOI,80,True,True,True,False,True,True,False,True,True,True,2025-04-02 20:00:00+00:00,2025-04-02 23:00:00+00:00,1783.89794921875,2025-04-03 04:00:00+00:00,1843.0086669921875,2025-04-03 12:00:00+00:00,1754.186767578125,2025-04-04 08:00:00+00:00,1832.9935302734375,2025-04-04 11:00:00+00:00,1762.1531982421875
ETH-USD,1h,OCO,75,True,True,False,False,True,True,True,True,True,True,2025-04-13 13:00:00+00:00,2025-04-13 17:00:00+00:00,1645.2012939453125,2025-04-13 21:00:00+00:00,1575.274169921875,2025-04-14 11:00:00+00:00,1687.0758056640625,2025-04-16 08:00:00+00:00,1558.712646484375,2025-04-16 17:00:00+00:00,1609.202392578125
ETH-USD,1h,OCO,65,True,True,False,False,True,True,False,False,True,True,2025-04-28 16:00:00+00:00,2025-04-29 10:00:00+00:00,1840.959716796875,2025-04-30 14:00:00+00:00,1741.3355712890625,2025-05-01 16:00:00+00:00,1869.87939453125,2025-05-06 13:00:00+00:00,1754.2523193359375,2025-05-07 01:00:00+00:00,1849.658447265625
ETH-USD,1h,OCO,70,True,True,False,False,True,True,True,False,True,True,2025-05-11 07:00:00+00:00,2025-05-11 11:00:00+00:00,2533.396484375,2025-05-11 16:00:00+00:00,2446.3701171875,2025-05-12 07:00:00+00:00,2615.694580078125,2025-05-12 18:00:00+00:00,2424.354736328125,2025-05-12 23:00:00+00:00,2499.12939453125
ETH-USD,1h,OCOI,95,True,True,True,True,True,True,True,False,True,True,2025-05-23 03:00:00+00:00,2025-05-23 12:00:00+00:00,2512.118896484375,2025-05-23 14:00:00+00:00,2590.557373046875,2025-05-25 08:00:00+00:00,2471.86279296875,2025-05-26 07:00:00+00:00,2596.673583984375,2025-05-27 01:00:00+00:00,2514.556396484375
ETH-USD,1h,OCOI,95,True,True,True,True,True,True,False,True,True,True,2025-06-21 09:00:00+00:00,2025-06-21 23:00:00+00:00,2228.645751953125,2025-06-22 00:00:00+00:00,2313.613525390625,2025-06-22 20:00:00+00:00,2128.142578125,2025-06-23 14:00:00+00:00,2307.1064453125,2025-06-23 16:00:00+00:00,2192.191650390625
ETH-USD,1h,OCO,85,True,True,False,True,True,True,False,True,True,True,2025-07-07 17:00:00+00:00,2025-07-11 09:00:00+00:00,3038.072265625,2025-07-12 15:00:00+00:00,2908.10498046875,2025-07-14 11:00:00+00:00,3079.44091796875,2025-07-15 03:00:00+00:00,2936.135009765625,2025-07-15 13:00:00+00:00,3065.412353515625
ETH-USD,4h,OCOI,60,True,True,False,False,True,True,True,False,False,True,2023-10-24 12:00:00+00:00,2023-10-24 16:00:00+00:00,1758.6900634765625,2023-10-26 08:00:00+00:00,1865.09521484375,2023-10-27 16:00:00+00:00,1751.4400634765625,2023-11-02 00:00:00+00:00,1873.885009765625,2023-11-03 00:00:00+00:00,1779.635498046875
ETH-USD,4h,OCOI,90,True,True,True,True,True,True,False,False,True,True,2023-11-10 04:00:00+00:00,2023-11-14 16:00:00+00:00,1939.2803955078125,2023-11-16 08:00:00+00:00,2088.662353515625,2023-11-17 16:00:00+00:00,1910.4454345703125,2023-11-20 16:00:00+00:00,2066.409912109375,2023-11-22 00:00:00+00:00,1933.1629638671875
ETH-USD,4h,OCOI,90,True,True,True,True,True,True,False,False,True,True,2024-05-27 12:00:00+00:00,2024-06-11 16:00:00+00:00,3434.7490234375,2024-06-12 12:00:00+00:00,3652.4921875,2024-06-14 16:00:00+00:00,3366.223876953125,2024-06-16 20:00:00+00:00,3648.093017578125,2024-06-18 00:00:00+00:00,3371.59033203125
ETH-USD,4h,OCO,85,True,True,True,False,True,True,True,True,True,True,2024-08-09 16:00:00+00:00,2024-08-11 08:00:00+00:00,2716.13623046875,2024-08-12 00:00:00+00:00,2513.39404296875,2024-08-14 12:00:00+00:00,2775.281005859375,2024-08-15 20:00:00+00:00,2528.998779296875,2024-08-20 04:00:00+00:00,2695.06689453125
ETH-USD,4h,OCOI,70,True,True,False,False,True,True,False,True,True,True,2024-09-02 20:00:00+00:00,2024-09-04 00:00:00+00:00,2313.500732421875,2024-09-04 16:00:00+00:00,2488.829833984375,2024-09-06 20:00:00+00:00,2152.053955078125,2024-09-13 20:00:00+00:00,2460.339599609375,2024-09-16 00:00:00+00:00,2255.83935546875
ETH-USD,4h,OCO,80,True,True,True,False,True,True,False,True,True,True,2025-02-13 16:00:00+00:00,2025-02-14 16:00:00+00:00,2789.793701171875,2025-02-17 04:00:00+00:00,2645.817138671875,2025-02-17 12:00:00+00:00,2848.487548828125,2025-02-18 16:00:00+00:00,2608.884521484375,2025-02-21 12:00:00+00:00,2841.222900390625
ETH-USD,4h,OCOI,55,True,True,False,False,True,True,False,False,False,True,2025-02-14 16:00:00+00:00,2025-02-17 04:00:00+00:00,2645.817138671875,2025-02-17 12:00:00+00:00,2848.487548828125,2025-02-18 16:00:00+00:00,2608.884521484375,2025-02-21 12:00:00+00:00,2841.222900390625,2025-02-21 20:00:00+00:00,2617.484375
ETH-USD,4h,OCOI,90,True,True,True,True,True,True,True,True,False,True,2025-04-01 12:00:00+00:00,2025-04-07 04:00:00+00:00,1417.9798583984375,2025-04-07 12:00:00+00:00,1632.3798828125,2025-04-09 00:00:00+00:00,1387.6109619140625,2025-04-09 20:00:00+00:00,1684.998779296875,2025-04-10 16:00:00+00:00,1482.08740234375
ETH-USD,4h,OCO,90,True,True,True,True,True,True,True,True,False,True,2025-04-10 16:00:00+00:00,2025-04-12 12:00:00+00:00,1665.8194580078125,2025-04-13 12:00:00+00:00,1566.594482421875,2025-04-14 08:00:00+00:00,1687.0758056640625,2025-04-16 16:00:00+00:00,1546.394775390625,2025-04-21 04:00:00+00:00,1655.6551513671875
ETH-USD,4h,OCOI,80,True,True,True,False,True,True,False,True,True,True,2025-05-16 08:00:00+00:00,2025-05-17 16:00:00+00:00,2451.594482421875,2025-05-18 12:00:00+00:00,2584.906494140625,2025-05-18 20:00:00+00:00,2349.853759765625,2025-05-20 00:00:00+00:00,2585.337890625,2025-05-20 16:00:00+00:00,2449.399169921875
ETH-USD,4h,OCO,75,True,True,True,False,True,True,True,True,False,True,2025-05-21 16:00:00+00:00,2025-05-23 00:00:00+00:00,2727.05322265625,2025-05-25 08:00:00+00:00,2471.86279296875,2025-05-29 00:00:00+00:00,2773.84619140625,2025-06-01 12:00:00+00:00,2474.08349609375,2025-06-04 12:00:00+00:00,2677.42529296875
ETH-USD,4h,OCO,65,True,True,False,False,True,True,False,False,True,True,2025-06-01 12:00:00+00:00,2025-06-04 12:00:00+00:00,2677.42529296875,2025-06-06 00:00:00+00:00,2395.123046875,2025-06-11 12:00:00+00:00,2876.94677734375,2025-06-13 00:00:00+00:00,2449.043212890625,2025-06-16 20:00:00+00:00,2679.37255859375
ETH-USD,4h,OCO,90,True,True,True,True,True,True,False,False,True,True,2025-07-04 16:00:00+00:00,2025-07-18 04:00:00+00:00,3674.60595703125,2025-07-18 20:00:00+00:00,3486.19140625,2025-07-21 12:00:00+00:00,3856.7509765625,2025-07-24 04:00:00+00:00,3523.214111328125,2025-07-24 12:00:00+00:00,3771.141357421875
ETH-USD,1d,OCOI,90,True,True,False,True,True,True,True,True,True,True,2022-08-14 00:00:00,2022-10-13 00:00:00,1209.2781982421875,2022-11-04 00:00:00,1661.334716796875,2022-11-22 00:00:00,1081.13818359375,2023-02-16 00:00:00,1732.8011474609375,2023-03-10 00:00:00,1378.525390625
SOL-USD,1h,OCOI,55,True,True,False,False,True,True,False,False,False,True,2023-08-02 01:00:00+00:00,2023-08-04 02:00:00+00:00,22.522666931152344,2023-08-04 13:00:00+00:00,23.521780014038086,2023-08-05 16:00:00+00:00,22.3279972076416,2023-08-07 01:00:00+00:00,23.503938674926758,2023-08-07 16:00:00+00:00,22.48735237121582
SOL-USD,1h,OCO,70,True,True,False,False,True,True,False,True,True,True,2023-09-01 17:00:00+00:00,2023-09-04 03:00:00+00:00,19.949865341186523,2023-09-05 03:00:00+00:00,19.094310760498047,2023-09-05 15:00:00+00:00,20.547443389892578,2023-09-06 17:00:00+00:00,19.215927124023438,2023-09-08 00:00:00+00:00,20.214828491210938
SOL-USD,1h,OCOI,95,True,True,True,True,True,True,False,True,True,True,2023-09-08 00:00:00+00:00,2023-09-10 17:00:00+00:00,17.87034034729004,2023-09-10 22:00:00+00:00,18.553171157836914,2023-09-11 14:00:00+00:00,17.461477279663086,2023-09-12 10:00:00+00:00,18.655071258544922,2023-09-13 05:00:00+00:00,17.739513397216797
SOL-USD,1h,OCOI,60,True,True,False,False,True,True,True,False,False,True,2023-09-14 01:00:00+00:00,2023-09-14 09:00:00+00:00,18.597557067871094,2023-09-15 05:00:00+00:00,19.264326095581055,2023-09-15 18:00:00+00:00,18.590330123901367,2023-09-16 02:00:00+00:00,19.41681480407715,2023-09-18 00:00:00+00:00,18.65157127380371
SOL-USD,1h,OCO,90,True,True,True,True,True,True,False,False,True,True,2023-10-01 17:00:00+00:00,2023-10-01 23:00:00+00:00,24.386581420898438,2023-10-02 01:00:00+00:00,23.637279510498047,2023-10-02 06:00:00+00:00,24.603424072265625,2023-10-02 14:00:00+00:00,23.674718856811523,2023-10-02 15:00:00+00:00,24.441619873046875
SOL-USD,1h,OCOI,75,True,True,False,False,True,True,True,True,True,True,2023-10-24 02:00:00+00:00,2023-10-24 06:00:00+00:00,30.765806198120117,2023-10-24 12:00:00+00:00,32.27586364746094,2023-10-24 21:00:00+00:00,29.70209312438965,2023-10-25 01:00:00+00:00,32.11006164550781,2023-10-25 08:00:00+00:00,30.856653213500977
SOL-USD,1h,OCOI,65,True,True,False,False,True,True,False,False,True,True,2023-10-25 12:00:00+00:00,2023-10-26 00:00:00+00:00,31.980955123901367,2023-10-26 07:00:00+00:00,33.22134017944336,2023-10-26 16:00:00+00:00,30.797067642211914,2023-10-26 23:00:00+00:00,33.188499450683594,2023-10-27 02:00:00+00:00,31.907711029052734
SOL-USD,1h,OCOI,65,True,True,False,False,True,True,True,True,False,True,2023-12-21 17:00:00+00:00,2023-12-21 21:00:00+00:00,91.48074340820312,2023-12-22 02:00:00+00:00,99.12442779541016,2023-12-22 09:00:00+00:00,90.79840087890625,2023-12-22 23:00:00+00:00,98.38594055175781,2023-12-23 04:00:00+00:00,93.10676574707031
SOL-USD,1h,OCO,100,True,True,True,True,True,True,True,True,True,True,2023-12-24 06:00:00+00:00,2023-12-24 08:00:00+00:00,114.65406036376953,2023-12-24 10:00:00+00:00,108.24185943603516,2023-12-24 19:00:00+00:00,116.71576690673828,2023-12-25 00:00:00+00:00,108.90338134765625,2023-12-25 06:00:00+00:00,114.35283660888672
SOL-USD,1h,OCOI,75,True,True,True,False,True,True,False,False,True,True,2023-12-30 01:00:00+00:00,2023-12-30 09:00:00+00:00,101.06812286376953,2023-12-30 16:00:00+00:00,104.56819915771484,2023-12-31 03:00:00+00:00,99.88642883300781,2023-12-31 12:00:00+00:00,105.133544921875,2023-12-31 23:00:00+00:00,100.26902770996094
SOL-USD,1h,OCO,75,True,True,False,False,True,True,True,True,True,True,2024-01-03 18:00:00+00:00,2024-01-04 03:00:00+00:00,101.81007385253906,2024-01-04 10:00:00+00:00,97.10832977294922,2024-01-04 20:00:00+00:00,107.98246765136719,2024-01-05 17:00:00+00:00,95.9427261352539,2024-01-05 23:00:00+00:00,100.45758056640625
SOL-USD,1h,OCOI,70,True,True,False,False,True,True,False,True,True,True,2024-01-18 00:00:00+00:00,2024-01-19 03:00:00+00:00,91.70323944091797,2024-01-19 07:00:00+00:00,95.16473388671875,2024-01-19 16:00:00+00:00,87.48365783691406,2024-01-19 20:00:00+00:00,94.77047729492188,2024-01-20 15:00:00+00:00,90.4937515258789
SOL-USD,1h,OCOI,75,True,True,False,False,True,True,True,True,True,True,2024-01-30 11:00:00+00:00,2024-01-31 11:00:00+00:00,97.63325500488281,2024-01-31 18:00:00+00:00,102.54806518554688,2024-02-01 04:00:00+00:00,93.37919616699219,2024-02-02 12:00:00+00:00,102.37647247314453,2024-02-02 13:00:00+00:00,98.4892807006836
SOL-USD,1h,OCOI,100,True,True,True,True,True,True,True,True,True,True,2024-02-02 16:00:00+00:00,2024-02-05 01:00:00+00:00,94.42140197753906,2024-02-05 13:00:00+00:00,98.5440444946289,2024-02-06 11:00:00+00:00,93.2807388305664,2024-02-06 20:00:00+00:00,97.79078674316406,2024-02-07 10:00:00+00:00,94.72022247314453
SOL-USD,1h,OCO,65,True,True,False,False,True,True,False,False,True,True,2024-03-03 08:00:00+00:00,2024-03-04 00:00:00+00:00,132.85968017578125,2024-03-04 03:00:00+00:00,128.60269165039062,2024-03-04 09:00:00+00:00,134.87417602539062,2024-03-04 18:00:00+00:00,127.79814147949219,2024-03-05 00:00:00+00:00,133.3185577392578
SOL-USD,1h,OCO,75,True,True,True,False,True,True,False,False,True,True,2024-03-07 06:00:00+00:00,2024-03-07 19:00:00+00:00,149.2247314453125,2024-03-08 05:00:00+00:00,142.41061401367188,2024-03-08 14:00:00+00:00,152.4042510986328,2024-03-08 16:00:00+00:00,142.53614807128906,2024-03-09 07:00:00+00:00,149.33905029296875
SOL-USD,1h,OCO,90,True,True,True,True,True,True,False,False,True,True,2024-03-17 07:00:00+00:00,2024-03-17 22:00:00+00:00,203.64012145996094,2024-03-18 01:00:00+00:00,195.2404022216797,2024-03-18 10:00:00+00:00,209.21632385253906,2024-03-18 17:00:00+00:00,196.51441955566406,2024-03-18 21:00:00+00:00,204.26239013671875
SOL-USD,1h,OCOI,100,True,True,True,True,True,True,True,True,True,True,2024-03-19 17:00:00+00:00,2024-03-19 22:00:00+00:00,166.4344482421875,2024-03-20 03:00:00+00:00,176.42294311523438,2024-03-20 05:00:00+00:00,163.3963623046875,2024-03-20 12:00:00+00:00,176.32618713378906,2024-03-20 16:00:00+00:00,166.5008544921875
SOL-USD,1h,OCO,100,True,True,True,True,True,True,True,True,True,True,2024-03-24 04:00:00+00:00,2024-03-25 17:00:00+00:00,194.41204833984375,2024-03-26 00:00:00+00:00,188.29400634765625,2024-03-26 07:00:00+00:00,196.2465362548828,2024-03-26 17:00:00+00:00,186.77386474609375,2024-03-27 01:00:00+00:00,192.48045349121094
SOL-USD,1h,OCOI,100,True,True,True,True,True,True,True,True,True,True,2024-04-08 09:00:00+00:00,2024-04-09 15:00:00+00:00,169.47166442871094,2024-04-09 17:00:00+00:00,177.18067932128906,2024-04-10 12:00:00+00:00,163.85829162597656,2024-04-11 07:00:00+00:00,175.87158203125,2024-04-11 11:00:00+00:00,170.4033660888672
SOL-USD,1h,OCO,70,True,True,False,False,True,True,True,False,True,True,2024-04-16 04:00:00+00:00,2024-04-16 07:00:00+00:00,138.60055541992188,2024-04-16 16:00:00+00:00,126.87716674804688,2024-04-17 04:00:00+00:00,142.54388427734375,2024-04-17 16:00:00+00:00,127.65727233886719,2024-04-17 18:00:00+00:00,137.4325714111328
SOL-USD,1h,OCOI,85,True,True,True,True,True,True,True,False,False,True,2024-05-23 21:00:00+00:00,2024-05-24 08:00:00+00:00,162.93650817871094,2024-05-25 11:00:00+00:00,170.3109588623047,2024-05-26 18:00:00+00:00,161.30604553222656,2024-05-27 17:00:00+00:00,171.98854064941406,2024-05-28 04:00:00+00:00,165.08213806152344
SOL-USD,1h,OCOI,70,True,True,False,False,True,True,False,True,True,True,2024-05-28 13:00:00+00:00,2024-05-28 16:00:00+00:00,166.21783447265625,2024-05-29 06:00:00+00:00,173.56561279296875,2024-05-30 08:00:00+00:00,163.69383239746094,2024-05-30 17:00:00+00:00,172.29551696777344,2024-05-31 05:00:00+00:00,165.22952270507812
SOL-USD,1h,OCO,95,True,True,True,True,True,True,False,True,True,True,2024-07-08 14:00:00+00:00,2024-07-09 08:00:00+00:00,143.8629150390625,2024-07-10 01:00:00+00:00,138.85633850097656,2024-07-10 05:00:00+00:00,145.76292419433594,2024-07-11 03:00:00+00:00,139.56651306152344,2024-07-11 12:00:00+00:00,145.32443237304688
SOL-USD,1h,OCO,75,True,True,False,False,True,True,True,True,True,True,2024-07-25 20:00:00+00:00,2024-07-27 13:00:00+00:00,188.1167755126953,2024-07-27 20:00:00+00:00,178.5989227294922,2024-07-29 05:00:00+00:00,193.69888305664062,2024-07-30 20:00:00+00:00,176.05812072753906,2024-07-31 09:00:00+00:00,184.1658935546875
SOL-USD,1h,OCO,75,True,True,False,False,True,True,True,True,True,True,2024-08-06 13:00:00+00:00,2024-08-06 22:00:00+00:00,149.31472778320312,2024-08-07 01:00:00+00:00,143.1689453125,2024-08-07 05:00:00+00:00,154.98745727539062,2024-08-07 19:00:00+00:00,142.77554321289062,2024-08-07 21:00:00+00:00,147.4387969970703
SOL-USD,1h,OCOI,75,True,True,False,False,True,True,True,True,True,True,2024-08-12 11:00:00+00:00,2024-08-12 14:00:00+00:00,143.87025451660156,2024-08-12 15:00:00+00:00,149.94424438476562,2024-08-12 21:00:00+00:00,142.08921813964844,2024-08-13 17:00:00+00:00,149.55557250976562,2024-08-14 01:00:00+00:00,143.93565368652344
SOL-USD,1h,OCOI,75,True,True,False,False,True,True,True,True,True,True,2024-09-01 20:00:00+00:00,2024-09-02 07:00:00+00:00,127.28709411621094,2024-09-03 02:00:00+00:00,137.1351318359375,2024-09-04 01:00:00+00:00,123.73797607421875,2024-09-05 14:00:00+00:00,135.04415893554688,2024-09-06 07:00:00+00:00,127.6518325805664
SOL-USD,1h,OCOI,75,True,True,True,False,True,True,False,False,True,True,2024-09-20 06:00:00+00:00,2024-09-21 04:00:00+00:00,144.80392456054688,2024-09-22 00:00:00+00:00,149.86099243164062,2024-09-22 22:00:00+00:00,141.39559936523438,2024-09-23 03:00:00+00:00,148.95449829101562,2024-09-23 21:00:00+00:00,142.67391967773438
SOL-USD,1h,OCO,85,True,True,True,True,True,True,False,True,False,True,2024-10-10 18:00:00+00:00,2024-10-15 00:00:00+00:00,157.95852661132812,2024-10-15 11:00:00+00:00,152.17588806152344,2024-10-15 14:00:00+00:00,158.7029266357422,2024-10-15 15:00:00+00:00,151.0033721923828,2024-10-16 11:00:00+00:00,158.0610809326172
SOL-USD,1h,OCO,90,True,True,True,True,True,True,True,True,False,True,2024-12-05 01:00:00+00:00,2024-12-05 12:00:00+00:00,244.67587280273438,2024-12-05 22:00:00+00:00,229.2353515625,2024-12-06 01:00:00+00:00,246.41836547851562,2024-12-06 13:00:00+00:00,231.52500915527344,2024-12-07 21:00:00+00:00,243.0997772216797
SOL-USD,1h,OCOI,90,True,True,True,True,True,True,True,True,False,True,2024-12-07 21:00:00+00:00,2024-12-09 21:00:00+00:00,209.74290466308594,2024-12-10 00:00:00+00:00,220.6219482421875,2024-12-10 03:00:00+00:00,208.13282775878906,2024-12-10 06:00:00+00:00,218.6165771484375,2024-12-10 12:00:00+00:00,211.02432250976562
SOL-USD,1h,OCOI,75,True,True,False,True,True,True,True,False,False,True,2024-12-21 07:00:00+00:00,2024-12-22 05:00:00+00:00,178.56631469726562,2024-12-22 12:00:00+00:00,187.52427673339844,2024-12-23 01:00:00+00:00,176.87440490722656,2024-12-23 04:00:00+00:00,187.1083526611328,2024-12-23 07:00:00+00:00,180.03945922851562
SOL-USD,1h,OCO,75,True,True,True,False,True,True,False,False,True,True,2024-12-23 07:00:00+00:00,2024-12-23 21:00:00+00:00,193.042724609375,2024-12-24 02:00:00+00:00,186.20919799804688,2024-12-25 02:00:00+00:00,201.63018798828125,2024-12-27 07:00:00+00:00,186.4268341064453,2024-12-27 09:00:00+00:00,193.74954223632812
SOL-USD,1h,OCOI,95,True,True,True,True,True,True,False,True,True,True,2024-12-29 14:00:00+00:00,2024-12-29 23:00:00+00:00,188.38336181640625,2024-12-30 12:00:00+00:00,194.3759765625,2024-12-30 15:00:00+00:00,185.9597625732422,2024-12-30 20:00:00+00:00,196.07424926757812,2024-12-31 05:00:00+00:00,188.05079650878906
SOL-USD,1h,OCOI,95,True,True,True,True,True,True,False,True,True,True,2025-01-09 01:00:00+00:00,2025-01-09 14:00:00+00:00,185.43507385253906,2025-01-09 15:00:00+00:00,192.7816925048828,2025-01-09 20:00:00+00:00,182.3480224609375,2025-01-10 07:00:00+00:00,192.72320556640625,2025-01-10 15:00:00+00:00,183.8921356201172
SOL-USD,1h,OCO,70,True,True,False,False,True,True,False,True,True,True,2025-01-23 21:00:00+00:00,2025-01-24 00:00:00+00:00,256.2585144042969,2025-01-24 02:00:00+00:00,247.69818115234375,2025-01-24 14:00:00+00:00,269.611572265625,2025-01-25 10:00:00+00:00,246.6832733154297,2025-01-25 18:00:00+00:00,260.57696533203125
SOL-USD,1h,OCO,75,True,True,False,False,True,True,True,True,True,True,2025-01-27 10:00:00+00:00,2025-01-27 14:00:00+00:00,237.14036560058594,2025-01-27 18:00:00+00:00,224.51132202148438,2025-01-28 05:00:00+00:00,243.79446411132812,2025-01-28 23:00:00+00:00,225.2866973876953,2025-01-29 08:00:00+00:00,235.3924560546875
SOL-USD,1h,OCOI,90,True,True,True,True,True,True,True,True,False,True,2025-01-28 05:00:00+00:00,2025-01-28 23:00:00+00:00,225.2866973876953,2025-01-29 08:00:00+00:00,235.3924560546875,2025-01-29 19:00:00+00:00,223.2271270751953,2025-01-29 21:00:00+00:00,237.4115447998047,2025-01-30 00:00:00+00:00,227.21578979492188
SOL-USD,1h,OCOI,100,True,True,True,True,True,True,True,True,True,True,2025-02-17 22:00:00+00:00,2025-02-18 09:00:00+00:00,163.80747985839844,2025-02-18 12:00:00+00:00,171.10939025878906,2025-02-18 17:00:00+00:00,161.32679748535156,2025-02-19 00:00:00+00:00,170.50686645507812,2025-02-19 05:00:00+00:00,164.1070098876953
SOL-USD,1h,OCO,80,True,True,True,False,True,True,False,True,True,True,2025-02-19 05:00:00+00:00,2025-02-19 11:00:00+00:00,174.054443359375,2025-02-19 21:00:00+00:00,166.71368408203125,2025-02-21 13:00:00+00:00,180.24514770507812,2025-02-21 21:00:00+00:00,167.35621643066406,2025-02-22 13:00:00+00:00,174.46231079101562
SOL-USD,1h,OCO,70,True,True,False,False,True,True,True,False,True,True,2025-02-25 10:00:00+00:00,2025-02-25 12:00:00+00:00,141.394775390625,2025-02-25 15:00:00+00:00,135.2651824951172,2025-02-25 22:00:00+00:00,146.7364959716797,2025-02-26 14:00:00+00:00,134.89793395996094,2025-02-26 15:00:00+00:00,140.07113647460938
SOL-USD,1h,OCOI,85,True,True,True,False,True,True,True,True,True,True,2025-04-14 02:00:00+00:00,2025-04-15 00:00:00+00:00,128.04652404785156,2025-04-15 13:00:00+00:00,134.1931915283203,2025-04-16 08:00:00+00:00,123.75035095214844,2025-04-17 07:00:00+00:00,135.18934631347656,2025-04-17 14:00:00+00:00,130.81065368652344
SOL-USD,1h,OCO,75,True,True,False,False,True,True,True,True,True,True,2025-04-28 01:00:00+00:00,2025-04-29 19:00:00+00:00,150.03787231445312,2025-04-30 14:00:00+00:00,141.0130157470703,2025-05-01 15:00:00+00:00,153.78565979003906,2025-05-05 02:00:00+00:00,142.89988708496094,2025-05-05 22:00:00+00:00,147.61419677734375
SOL-USD,1h,OCO,75,True,True,False,False,True,True,True,True,True,True,2025-05-12 18:00:00+00:00,2025-05-12 23:00:00+00:00,174.6895751953125,2025-05-13 04:00:00+00:00,166.85574340820312,2025-05-13 23:00:00+00:00,184.67396545410156,2025-05-15 14:00:00+00:00,167.44114685058594,2025-05-15 17:00:00+00:00,174.27867126464844
SOL-USD,1h,OCOI,70,True,True,False,False,True,True,False,True,True,True,2025-05-18 15:00:00+00:00,2025-05-18 20:00:00+00:00,165.52999877929688,2025-05-18 23:00:00+00:00,174.07440185546875,2025-05-19 07:00:00+00:00,159.74765014648438,2025-05-20 02:00:00+00:00,172.82200622558594,2025-05-20 14:00:00+00:00,164.7952423095703
SOL-USD,1h,OCOI,75,True,True,True,False,True,True,False,False,True,True,2025-05-23 14:00:00+00:00,2025-05-24 01:00:00+00:00,172.93133544921875,2025-05-24 11:00:00+00:00,178.13662719726562,2025-05-25 16:00:00+00:00,169.38299560546875,2025-05-26 07:00:00+00:00,178.962158203125,2025-05-27 01:00:00+00:00,171.69058227539062
SOL-USD,1h,OCOI,90,True,True,True,True,True,True,False,False,True,True,2025-05-29 03:00:00+00:00,2025-05-31 03:00:00+00:00,152.44351196289062,2025-05-31 21:00:00+00:00,157.92530822753906,2025-06-01 10:00:00+00:00,150.85458374023438,2025-06-02 01:00:00+00:00,158.88626098632812,2025-06-02 19:00:00+00:00,152.00218200683594
SOL-USD,1h,OCO,95,True,True,True,True,True,True,False,True,True,True,2025-06-14 20:00:00+00:00,2025-06-15 19:00:00+00:00,153.18092346191406,2025-06-15 21:00:00+00:00,148.5477752685547,2025-06-16 19:00:00+00:00,158.5836181640625,2025-06-17 00:00:00+00:00,148.4330596923828,2025-06-17 06:00:00+00:00,154.14190673828125
SOL-USD,4h,OCOI,70,True,True,False,False,True,True,False,True,True,True,2023-09-05 12:00:00+00:00,2023-09-06 16:00:00+00:00,19.215927124023438,2023-09-08 00:00:00+00:00,20.214828491210938,2023-09-11 12:00:00+00:00,17.461477279663086,2023-09-20 16:00:00+00:00,20.481464385986328,2023-09-27 16:00:00+00:00,18.774215698242188
SOL-USD,4h,OCO,90,True,True,True,True,True,True,True,True,False,True,2023-09-27 16:00:00+00:00,2023-10-02 04:00:00+00:00,24.603424072265625,2023-10-02 20:00:00+00:00,22.979110717773438,2023-10-03 12:00:00+00:00,24.662073135375977,2023-10-05 16:00:00+00:00,22.628948211669922,2023-10-07 04:00:00+00:00,24.101722717285156
SOL-USD,4h,OCOI,85,True,True,True,False,True,True,True,True,True,True,2023-10-03 12:00:00+00:00,2023-10-05 16:00:00+00:00,22.628948211669922,2023-10-07 04:00:00+00:00,24.101722717285156,2023-10-12 16:00:00+00:00,21.068971633911133,2023-10-17 08:00:00+00:00,24.485265731811523,2023-10-19 00:00:00+00:00,23.256444931030273
SOL-USD,4h,OCOI,75,True,True,False,False,True,True,True,True,True,True,2023-12-15 08:00:00+00:00,2023-12-16 00:00:00+00:00,71.56934356689453,2023-12-16 12:00:00+00:00,77.0765609741211,2023-12-18 08:00:00+00:00,67.33440399169922,2023-12-19 04:00:00+00:00,76.27140808105469,2023-12-19 16:00:00+00:00,72.01061248779297
SOL-USD,4h,OCO,95,True,True,True,True,True,True,False,True,True,True,2024-01-23 12:00:00+00:00,2024-01-28 08:00:00+00:00,99.37737274169922,2024-01-28 20:00:00+00:00,93.5482406616211,2024-01-30 08:00:00+00:00,106.21346282958984,2024-02-01 04:00:00+00:00,93.37919616699219,2024-02-02 12:00:00+00:00,102.37647247314453
SOL-USD,4h,OCO,80,True,True,True,False,True,True,True,False,True,True,2024-03-22 12:00:00+00:00,2024-03-26 04:00:00+00:00,196.2465362548828,2024-03-27 16:00:00+00:00,180.44529724121094,2024-04-01 00:00:00+00:00,204.1765594482422,2024-04-02 12:00:00+00:00,176.25340270996094,2024-04-03 04:00:00+00:00,191.65380859375
SOL-USD,4h,OCO,80,True,True,True,False,True,True,True,False,True,True,2024-08-05 12:00:00+00:00,2024-08-07 04:00:00+00:00,154.98745727539062,2024-08-08 00:00:00+00:00,142.03895568847656,2024-08-09 00:00:00+00:00,163.16131591796875,2024-08-11 20:00:00+00:00,141.3487548828125,2024-08-12 08:00:00+00:00,150.74807739257812
SOL-USD,4h,OCO,80,True,True,True,False,True,True,True,False,True,True,2025-03-18 12:00:00+00:00,2025-03-19 20:00:00+00:00,135.92552185058594,2025-03-21 16:00:00+00:00,124.98175811767578,2025-03-25 12:00:00+00:00,147.05360412597656,2025-03-31 00:00:00+00:00,123.08495330810547,2025-04-02 20:00:00+00:00,135.48837280273438
SOL-USD,4h,OCO,95,True,True,True,True,True,True,True,False,True,True,2025-04-21 16:00:00+00:00,2025-04-23 12:00:00+00:00,153.8248748779297,2025-04-24 08:00:00+00:00,145.66134643554688,2025-04-25 12:00:00+00:00,155.9680938720703,2025-04-28 00:00:00+00:00,144.9167938232422,2025-04-28 08:00:00+00:00,153.10902404785156
SOL-USD,4h,OCOI,80,True,True,True,False,True,True,False,True,True,True,2025-04-25 12:00:00+00:00,2025-04-28 00:00:00+00:00,144.9167938232422,2025-04-28 08:00:00+00:00,153.10902404785156,2025-04-30 12:00:00+00:00,141.0130157470703,2025-05-01 12:00:00+00:00,153.78565979003906,2025-05-06 12:00:00+00:00,141.67991638183594
SOL-USD,4h,OCO,90,True,True,False,True,True,True,True,True,True,True,2025-05-11 16:00:00+00:00,2025-05-12 12:00:00+00:00,180.91561889648438,2025-05-13 04:00:00+00:00,166.85574340820312,2025-05-13 20:00:00+00:00,184.67396545410156,2025-05-17 00:00:00+00:00,164.22781372070312,2025-05-18 12:00:00+00:00,176.45462036132812
HBAR-USD,1h,OCOI,80,True,True,True,False,True,True,False,True,True,True,2023-09-21 02:00:00+00:00,2023-09-21 13:00:00+00:00,0.04962700605392456,2023-09-24 00:00:00+00:00,0.05197235941886902,2023-09-27 06:00:00+00:00,0.04885195940732956,2023-10-02 12:00:00+00:00,0.051856935024261475,2023-10-02 19:00:00+00:00,0.04958922788500786
HBAR-USD,1h,OCOI,75,True,True,True,False,True,True,True,True,False,True,2023-10-24 02:00:00+00:00,2023-10-24 07:00:00+00:00,0.050616439431905746,2023-10-24 12:00:00+00:00,0.0534067302942276,2023-10-24 16:00:00+00:00,0.050613924860954285,2023-10-26 09:00:00+00:00,0.054159462451934814,2023-10-26 15:00:00+00:00,0.05135178938508034
HBAR-USD,1h,OCO,70,True,True,False,False,True,True,True,False,True,True,2023-10-26 15:00:00+00:00,2023-10-27 00:00:00+00:00,0.05308171361684799,2023-10-27 17:00:00+00:00,0.05051463842391968,2023-10-31 00:00:00+00:00,0.05388137325644493,2023-10-31 15:00:00+00:00,0.05064597725868225,2023-11-01 00:00:00+00:00,0.0525972880423069
HBAR-USD,1h,OCO,85,True,True,True,True,True,True,True,False,False,True,2023-11-03 10:00:00+00:00,2023-11-07 02:00:00+00:00,0.06209922954440117,2023-11-07 17:00:00+00:00,0.056286219507455826,2023-11-09 06:00:00+00:00,0.06246977671980858,2023-11-09 20:00:00+00:00,0.05669023469090462,2023-11-10 10:00:00+00:00,0.061922501772642136
HBAR-USD,1h,OCO,70,True,True,False,False,True,True,False,True,True,True,2023-11-16 15:00:00+00:00,2023-11-16 17:00:00+00:00,0.06336928904056549,2023-11-16 19:00:00+00:00,0.06036495417356491,2023-11-17 07:00:00+00:00,0.06787198781967163,2023-11-17 16:00:00+00:00,0.059946950525045395,2023-11-18 00:00:00+00:00,0.06522662192583084
HBAR-USD,1h,OCO,75,True,True,False,False,True,True,True,True,True,True,2024-01-03 12:00:00+00:00,2024-01-03 16:00:00+00:00,0.08947547525167465,2024-01-03 20:00:00+00:00,0.08632827550172806,2024-01-03 21:00:00+00:00,0.09084038436412811,2024-01-04 10:00:00+00:00,0.08561313897371292,2024-01-04 22:00:00+00:00,0.08933365345001221
HBAR-USD,1h,OCO,100,True,True,True,True,True,True,True,True,True,True,2024-01-10 12:00:00+00:00,2024-01-10 23:00:00+00:00,0.08527283370494843,2024-01-11 06:00:00+00:00,0.08180602639913559,2024-01-11 14:00:00+00:00,0.0873429924249649,2024-01-12 09:00:00+00:00,0.08252580463886261,2024-01-12 14:00:00+00:00,0.08514801412820816
HBAR-USD,1h,OCOI,80,True,True,True,False,True,True,True,False,True,True,2024-02-20 07:00:00+00:00,2024-02-20 09:00:00+00:00,0.10401789844036102,2024-02-20 13:00:00+00:00,0.10974650084972382,2024-02-20 15:00:00+00:00,0.10165021568536758,2024-02-20 21:00:00+00:00,0.11015094071626663,2024-02-21 01:00:00+00:00,0.10481297969818115
HBAR-USD,1h,OCOI,80,True,True,True,False,True,True,True,False,True,True,2024-03-01 04:00:00+00:00,2024-03-01 16:00:00+00:00,0.11347674578428268,2024-03-02 09:00:00+00:00,0.12043846398591995,2024-03-03 07:00:00+00:00,0.10941941291093826,2024-03-04 16:00:00+00:00,0.11959715187549591,2024-03-04 18:00:00+00:00,0.11406797170639038
HBAR-USD,1h,OCOI,80,True,True,True,False,True,True,True,False,True,True,2024-03-07 07:00:00+00:00,2024-03-08 16:00:00+00:00,0.12498104572296143,2024-03-10 03:00:00+00:00,0.13299058377742767,2024-03-11 00:00:00+00:00,0.12165965884923935,2024-03-11 11:00:00+00:00,0.13159991800785065,2024-03-11 16:00:00+00:00,0.12676674127578735
HBAR-USD,1h,OCO,90,True,True,True,True,True,True,False,False,True,True,2024-03-11 00:00:00+00:00,2024-03-11 11:00:00+00:00,0.13159991800785065,2024-03-11 16:00:00+00:00,0.12676674127578735,2024-03-12 02:00:00+00:00,0.1334245502948761,2024-03-12 12:00:00+00:00,0.1268150359392166,2024-03-12 14:00:00+00:00,0.13226281106472015
HBAR-USD,1h,OCO,90,True,True,True,True,True,True,True,True,False,True,2024-03-20 16:00:00+00:00,2024-03-21 03:00:00+00:00,0.11292125284671783,2024-03-21 05:00:00+00:00,0.10873644053936005,2024-03-21 10:00:00+00:00,0.11302501708269119,2024-03-22 02:00:00+00:00,0.10773272067308426,2024-03-22 06:00:00+00:00,0.11194108426570892
HBAR-USD,1h,OCOI,90,True,True,True,True,True,True,False,False,True,True,2024-03-26 10:00:00+00:00,2024-03-27 09:00:00+00:00,0.11294983327388763,2024-03-27 13:00:00+00:00,0.1182573214173317,2024-03-28 03:00:00+00:00,0.11136240512132645,2024-03-28 18:00:00+00:00,0.11745824664831161,2024-03-29 07:00:00+00:00,0.11267921328544617
HBAR-USD,1h,OCO,75,True,True,False,False,True,True,True,True,True,True,2024-04-02 13:00:00+00:00,2024-04-02 15:00:00+00:00,0.10577157139778137,2024-04-03 00:00:00+00:00,0.10081362724304199,2024-04-03 09:00:00+00:00,0.10686487704515457,2024-04-03 21:00:00+00:00,0.10124870389699936,2024-04-04 01:00:00+00:00,0.10462344437837601
HBAR-USD,1h,OCOI,70,True,True,False,False,True,True,True,False,True,True,2024-04-04 01:00:00+00:00,2024-04-04 04:00:00+00:00,0.1014196053147316,2024-04-04 18:00:00+00:00,0.10727892816066742,2024-04-05 12:00:00+00:00,0.10021335631608963,2024-04-07 16:00:00+00:00,0.10748408734798431,2024-04-08 04:00:00+00:00,0.1025138795375824
HBAR-USD,1h,OCO,70,True,True,False,False,True,True,False,True,True,True,2024-04-15 19:00:00+00:00,2024-04-15 23:00:00+00:00,0.08024778217077255,2024-04-16 04:00:00+00:00,0.0768730491399765,2024-04-16 07:00:00+00:00,0.08109021186828613,2024-04-16 15:00:00+00:00,0.07661940157413483,2024-04-16 21:00:00+00:00,0.08073829859495163
HBAR-USD,1h,OCOI,60,True,True,False,False,True,True,True,False,False,True,2024-04-16 07:00:00+00:00,2024-04-16 15:00:00+00:00,0.07661940157413483,2024-04-16 21:00:00+00:00,0.08073829859495163,2024-04-17 16:00:00+00:00,0.07594048231840134,2024-04-17 18:00:00+00:00,0.08023867756128311,2024-04-18 00:00:00+00:00,0.07663774490356445
HBAR-USD,1h,OCOI,65,True,True,False,False,True,True,True,True,False,True,2024-04-18 03:00:00+00:00,2024-04-18 08:00:00+00:00,0.0774577185511589,2024-04-18 21:00:00+00:00,0.08279561996459961,2024-04-19 02:00:00+00:00,0.0766427144408226,2024-04-19 13:00:00+00:00,0.08412852138280869,2024-04-19 23:00:00+00:00,0.07947877794504166
HBAR-USD,1h,OCOI,85,True,True,True,True,True,True,True,False,False,True,2024-05-07 00:00:00+00:00,2024-05-08 06:00:00+00:00,0.10556475818157196,2024-05-08 19:00:00+00:00,0.10991138964891434,2024-05-08 23:00:00+00:00,0.10518934577703476,2024-05-09 07:00:00+00:00,0.11049287766218185,2024-05-09 11:00:00+00:00,0.10603467375040054
HBAR-USD,1h,OCO,80,True,True,True,False,True,True,False,True,True,True,2024-05-08 23:00:00+00:00,2024-05-09 07:00:00+00:00,0.11049287766218185,2024-05-09 11:00:00+00:00,0.10603467375040054,2024-05-10 12:00:00+00:00,0.11245347559452057,2024-05-10 20:00:00+00:00,0.10505778342485428,2024-05-12 16:00:00+00:00,0.11185682564973831
HBAR-USD,1h,OCOI,75,True,True,False,False,True,True,True,True,True,True,2024-05-10 12:00:00+00:00,2024-05-10 20:00:00+00:00,0.10505778342485428,2024-05-12 16:00:00+00:00,0.11185682564973831,2024-05-13 04:00:00+00:00,0.10256952047348022,2024-05-13 16:00:00+00:00,0.110746830701828,2024-05-14 06:00:00+00:00,0.10637275874614716
HBAR-USD,1h,OCOI,90,True,True,True,True,True,True,True,True,False,True,2024-05-21 00:00:00+00:00,2024-05-23 20:00:00+00:00,0.10512541234493256,2024-05-24 03:00:00+00:00,0.11007031053304672,2024-05-24 08:00:00+00:00,0.10512256622314453,2024-05-25 11:00:00+00:00,0.10931047052145004,2024-05-26 21:00:00+00:00,0.10580290108919144
HBAR-USD,1h,OCOI,95,True,True,True,True,True,True,True,False,True,True,2024-06-05 21:00:00+00:00,2024-06-07 18:00:00+00:00,0.08627580106258392,2024-06-07 22:00:00+00:00,0.09473904967308044,2024-06-11 15:00:00+00:00,0.08452990651130676,2024-06-12 15:00:00+00:00,0.09379276633262634,2024-06-13 21:00:00+00:00,0.08732859045267105
HBAR-USD,1h,OCOI,80,True,True,True,False,True,True,True,False,True,True,2024-08-12 15:00:00+00:00,2024-08-13 10:00:00+00:00,0.05184485763311386,2024-08-14 12:00:00+00:00,0.05518577620387077,2024-08-16 15:00:00+00:00,0.0508108027279377,2024-08-18 13:00:00+00:00,0.05494065582752228,2024-08-19 10:00:00+00:00,0.05239378660917282
HBAR-USD,1h,OCO,60,True,True,False,False,True,True,True,False,False,True,2024-08-30 16:00:00+00:00,2024-08-30 21:00:00+00:00,0.05163577198982239,2024-09-01 23:00:00+00:00,0.04772520810365677,2024-09-03 02:00:00+00:00,0.05166228115558624,2024-09-04 01:00:00+00:00,0.04741794243454933,2024-09-04 16:00:00+00:00,0.05067022889852524
HBAR-USD,1h,OCO,95,True,True,True,True,True,True,True,False,True,True,2024-09-06 21:00:00+00:00,2024-09-09 21:00:00+00:00,0.05148562416434288,2024-09-11 14:00:00+00:00,0.048818886280059814,2024-09-14 00:00:00+00:00,0.05287830904126167,2024-09-17 01:00:00+00:00,0.04896804690361023,2024-09-17 16:00:00+00:00,0.05076964944601059
HBAR-USD,1h,OCOI,100,True,True,True,True,True,True,True,True,True,True,2024-10-01 07:00:00+00:00,2024-10-01 20:00:00+00:00,0.05214888975024223,2024-10-02 07:00:00+00:00,0.05471038818359375,2024-10-03 15:00:00+00:00,0.05013403668999672,2024-10-05 00:00:00+00:00,0.054979488253593445,2024-10-06 04:00:00+00:00,0.05235670879483223
HBAR-USD,1h,OCO,95,True,True,True,True,True,True,False,True,True,True,2024-11-07 14:00:00+00:00,2024-11-08 12:00:00+00:00,0.052048809826374054,2024-11-08 17:00:00+00:00,0.05042076110839844,2024-11-08 19:00:00+00:00,0.052749164402484894,2024-11-08 21:00:00+00:00,0.050691843032836914,2024-11-08 23:00:00+00:00,0.05226515233516693
HBAR-USD,1h,OCO,70,True,True,False,False,True,True,False,True,True,True,2024-11-23 10:00:00+00:00,2024-11-23 12:00:00+00:00,0.15448413789272308,2024-11-23 14:00:00+00:00,0.14913955330848694,2024-11-23 16:00:00+00:00,0.1616412252187729,2024-11-23 17:00:00+00:00,0.14946863055229187,2024-11-23 19:00:00+00:00,0.15774977207183838
HBAR-USD,1h,OCO,85,True,True,True,False,True,True,True,True,True,True,2024-11-23 17:00:00+00:00,2024-11-23 19:00:00+00:00,0.15774977207183838,2024-11-23 20:00:00+00:00,0.14948312938213348,2024-11-24 00:00:00+00:00,0.16566726565361023,2024-11-24 05:00:00+00:00,0.14758574962615967,2024-11-24 07:00:00+00:00,0.1528618484735489
HBAR-USD,1h,OCOI,75,True,True,False,False,True,True,True,True,True,True,2024-11-25 09:00:00+00:00,2024-11-25 22:00:00+00:00,0.13199900090694427,2024-11-26 02:00:00+00:00,0.1401631236076355,2024-11-26 11:00:00+00:00,0.12639117240905762,2024-11-26 17:00:00+00:00,0.13981743156909943,2024-11-26 19:00:00+00:00,0.1341658979654312
HBAR-USD,1h,OCOI,70,True,True,False,False,True,True,False,True,True,True,2024-12-19 14:00:00+00:00,2024-12-19 20:00:00+00:00,0.25544604659080505,2024-12-20 03:00:00+00:00,0.2857898473739624,2024-12-20 12:00:00+00:00,0.2345694750547409,2024-12-21 07:00:00+00:00,0.2823207378387451,2024-12-22 05:00:00+00:00,0.2445753663778305
HBAR-USD,1h,OCO,75,True,True,False,False,True,True,True,True,True,True,2024-12-27 05:00:00+00:00,2024-12-27 09:00:00+00:00,0.29350781440734863,2024-12-28 01:00:00+00:00,0.2723272740840912,2024-12-29 00:00:00+00:00,0.30175384879112244,2024-12-29 22:00:00+00:00,0.27491822838783264,2024-12-30 01:00:00+00:00,0.2852228283882141
HBAR-USD,1h,OCO,75,True,True,False,False,True,True,True,True,True,True,2024-12-29 22:00:00+00:00,2024-12-30 01:00:00+00:00,0.2852228283882141,2024-12-30 15:00:00+00:00,0.2657558023929596,2024-12-30 20:00:00+00:00,0.2891727685928345,2024-12-31 04:00:00+00:00,0.2677654027938843,2024-12-31 13:00:00+00:00,0.2809878885746002
HBAR-USD,1h,OCOI,75,True,True,True,False,True,True,False,False,True,True,2025-01-04 14:00:00+00:00,2025-01-04 15:00:00+00:00,0.30253636837005615,2025-01-05 01:00:00+00:00,0.3122203052043915,2025-01-05 14:00:00+00:00,0.29657578468322754,2025-01-06 12:00:00+00:00,0.3126000463962555,2025-01-06 13:00:00+00:00,0.3011173605918884
HBAR-USD,1h,OCO,70,True,True,False,False,True,True,False,True,True,True,2025-01-10 15:00:00+00:00,2025-01-10 19:00:00+00:00,0.2850792109966278,2025-01-11 04:00:00+00:00,0.2756761312484741,2025-01-11 22:00:00+00:00,0.2956300675868988,2025-01-12 22:00:00+00:00,0.27381178736686707,2025-01-13 00:00:00+00:00,0.28830644488334656
HBAR-USD,1h,OCO,100,True,True,True,True,True,True,True,True,True,True,2025-01-16 00:00:00+00:00,2025-01-16 20:00:00+00:00,0.38462984561920166,2025-01-16 23:00:00+00:00,0.3605741262435913,2025-01-17 02:00:00+00:00,0.3993901014328003,2025-01-17 16:00:00+00:00,0.36285677552223206,2025-01-18 00:00:00+00:00,0.38357654213905334
HBAR-USD,1h,OCOI,85,True,True,True,True,True,True,False,True,False,True,2025-01-19 06:00:00+00:00,2025-01-19 11:00:00+00:00,0.32745668292045593,2025-01-19 20:00:00+00:00,0.3635861575603485,2025-01-19 23:00:00+00:00,0.32013460993766785,2025-01-20 09:00:00+00:00,0.3724212050437927,2025-01-21 06:00:00+00:00,0.3263576030731201
HBAR-USD,1h,OCO,65,True,True,False,False,True,True,True,True,False,True,2025-01-22 08:00:00+00:00,2025-01-22 12:00:00+00:00,0.3322737216949463,2025-01-23 13:00:00+00:00,0.31251028180122375,2025-01-23 16:00:00+00:00,0.3340216875076294,2025-01-23 19:00:00+00:00,0.31306666135787964,2025-01-24 00:00:00+00:00,0.3287850320339203
HBAR-USD,1h,OCOI,65,True,True,False,False,True,True,False,False,True,True,2025-02-09 08:00:00+00:00,2025-02-09 13:00:00+00:00,0.22869990766048431,2025-02-09 17:00:00+00:00,0.23579448461532593,2025-02-09 21:00:00+00:00,0.2200872153043747,2025-02-10 00:00:00+00:00,0.2355463206768036,2025-02-10 02:00:00+00:00,0.22406601905822754
HBAR-USD,1h,OCO,85,True,True,True,True,True,True,False,True,False,True,2025-02-13 18:00:00+00:00,2025-02-14 14:00:00+00:00,0.23811672627925873,2025-02-14 16:00:00+00:00,0.22876155376434326,2025-02-14 19:00:00+00:00,0.23940260708332062,2025-02-14 22:00:00+00:00,0.22786882519721985,2025-02-15 04:00:00+00:00,0.23863746225833893
HBAR-USD,1h,OCOI,60,True,True,False,False,True,True,True,False,False,True,2025-02-14 14:00:00+00:00,2025-02-14 16:00:00+00:00,0.22876155376434326,2025-02-14 19:00:00+00:00,0.23940260708332062,2025-02-14 22:00:00+00:00,0.22786882519721985,2025-02-15 04:00:00+00:00,0.23863746225833893,2025-02-15 07:00:00+00:00,0.23086033761501312
HBAR-USD,1h,OCO,65,True,True,True,False,True,True,False,False,False,True,2025-02-25 15:00:00+00:00,2025-02-25 22:00:00+00:00,0.20059210062026978,2025-02-26 01:00:00+00:00,0.19354650378227234,2025-02-26 03:00:00+00:00,0.20123235881328583,2025-02-26 07:00:00+00:00,0.19380483031272888,2025-02-26 11:00:00+00:00,0.20102815330028534
HBAR-USD,1h,OCO,85,True,True,True,False,True,True,True,True,True,True,2025-03-04 21:00:00+00:00,2025-03-05 02:00:00+00:00,0.25649160146713257,2025-03-05 06:00:00+00:00,0.24562333524227142,2025-03-05 10:00:00+00:00,0.2644437849521637,2025-03-05 16:00:00+00:00,0.24314336478710175,2025-03-05 22:00:00+00:00,0.2515898644924164
HBAR-USD,1h,OCOI,75,True,True,True,False,True,True,False,False,True,True,2025-04-02 20:00:00+00:00,2025-04-02 23:00:00+00:00,0.15837827324867249,2025-04-03 03:00:00+00:00,0.16664725542068481,2025-04-03 15:00:00+00:00,0.15381436049938202,2025-04-04 08:00:00+00:00,0.16587701439857483,2025-04-04 11:00:00+00:00,0.15743817389011383
HBAR-USD,1h,OCO,85,True,True,True,True,True,True,False,True,False,True,2025-04-09 12:00:00+00:00,2025-04-09 18:00:00+00:00,0.17516928911209106,2025-04-10 04:00:00+00:00,0.16362184286117554,2025-04-10 13:00:00+00:00,0.1771238148212433,2025-04-10 15:00:00+00:00,0.16595114767551422,2025-04-11 10:00:00+00:00,0.17592397332191467
HBAR-USD,1h,OCOI,75,True,True,False,False,True,True,True,True,True,True,2025-05-18 16:00:00+00:00,2025-05-18 20:00:00+00:00,0.18811334669589996,2025-05-19 00:00:00+00:00,0.1974136233329773,2025-05-19 12:00:00+00:00,0.18487641215324402,2025-05-20 02:00:00+00:00,0.19818834960460663,2025-05-20 18:00:00+00:00,0.19052372872829437
HBAR-USD,1h,OCO,95,True,True,True,True,True,True,True,False,True,True,2025-05-20 18:00:00+00:00,2025-05-21 16:00:00+00:00,0.2020023912191391,2025-05-21 17:00:00+00:00,0.1928286999464035,2025-05-23 02:00:00+00:00,0.20867839455604553,2025-05-23 12:00:00+00:00,0.19481194019317627,2025-05-23 14:00:00+00:00,0.2016800493001938
HBAR-USD,1h,OCO,70,True,True,False,False,True,True,True,False,True,True,2025-06-13 02:00:00+00:00,2025-06-14 11:00:00+00:00,0.15979745984077454,2025-06-15 20:00:00+00:00,0.15087871253490448,2025-06-16 16:00:00+00:00,0.16331282258033752,2025-06-17 00:00:00+00:00,0.15075479447841644,2025-06-17 03:00:00+00:00,0.1570296734571457
HBAR-USD,1h,OCOI,95,True,True,True,True,True,True,False,True,True,True,2025-06-21 10:00:00+00:00,2025-06-21 21:00:00+00:00,0.1349487006664276,2025-06-22 01:00:00+00:00,0.13962945342063904,2025-06-22 20:00:00+00:00,0.126382976770401,2025-06-23 14:00:00+00:00,0.13994665443897247,2025-06-23 16:00:00+00:00,0.13352462649345398
HBAR-USD,4h,OCOI,70,True,True,False,False,True,True,False,True,True,True,2023-08-15 04:00:00+00:00,2023-08-16 08:00:00+00:00,0.06139824166893959,2023-08-16 12:00:00+00:00,0.06893756240606308,2023-08-17 20:00:00+00:00,0.05423503369092941,2023-08-19 16:00:00+00:00,0.0682370588183403,2023-08-21 04:00:00+00:00,0.06040487065911293
HBAR-USD,4h,OCO,95,True,True,True,True,True,True,False,True,True,True,2023-10-19 20:00:00+00:00,2023-10-24 12:00:00+00:00,0.0534067302942276,2023-10-24 16:00:00+00:00,0.050613924860954285,2023-10-26 08:00:00+00:00,0.054159462451934814,2023-10-27 16:00:00+00:00,0.05051463842391968,2023-10-31 00:00:00+00:00,0.05388137325644493
HBAR-USD,4h,OCOI,65,True,True,False,False,True,True,True,True,False,True,2023-10-24 12:00:00+00:00,2023-10-24 16:00:00+00:00,0.050613924860954285,2023-10-26 08:00:00+00:00,0.054159462451934814,2023-10-27 16:00:00+00:00,0.05051463842391968,2023-10-31 00:00:00+00:00,0.05388137325644493,2023-10-31 12:00:00+00:00,0.05064597725868225
HBAR-USD,4h,OCOI,70,True,True,False,False,True,True,True,False,True,True,2023-11-11 16:00:00+00:00,2023-11-12 00:00:00+00:00,0.06031738594174385,2023-11-12 08:00:00+00:00,0.06340257823467255,2023-11-14 16:00:00+00:00,0.05696677416563034,2023-11-16 04:00:00+00:00,0.06358926743268967,2023-11-16 16:00:00+00:00,0.06036495417356491
HBAR-USD,4h,OCO,80,True,True,True,False,True,True,False,True,True,True,2023-11-14 16:00:00+00:00,2023-11-16 04:00:00+00:00,0.06358926743268967,2023-11-16 16:00:00+00:00,0.06036495417356491,2023-11-17 04:00:00+00:00,0.06787198781967163,2023-11-17 16:00:00+00:00,0.059946950525045395,2023-11-18 00:00:00+00:00,0.06522662192583084
HBAR-USD,4h,OCO,85,True,True,True,True,True,True,True,False,False,True,2023-12-21 04:00:00+00:00,2023-12-22 00:00:00+00:00,0.09394597262144089,2023-12-23 04:00:00+00:00,0.08717943727970123,2023-12-24 00:00:00+00:00,0.0946311205625534,2023-12-24 20:00:00+00:00,0.0885813981294632,2023-12-25 20:00:00+00:00,0.09325133264064789
HBAR-USD,4h,OCO,75,True,True,False,False,True,True,True,True,True,True,2023-12-26 16:00:00+00:00,2023-12-28 00:00:00+00:00,0.09422329068183899,2024-01-01 04:00:00+00:00,0.08413653820753098,2024-01-02 08:00:00+00:00,0.10087863355875015,2024-01-03 12:00:00+00:00,0.08282351493835449,2024-01-04 20:00:00+00:00,0.08933365345001221
HBAR-USD,4h,OCOI,65,True,True,False,False,True,True,False,False,True,True,2024-03-07 04:00:00+00:00,2024-03-08 16:00:00+00:00,0.12498104572296143,2024-03-10 00:00:00+00:00,0.13299058377742767,2024-03-11 00:00:00+00:00,0.12165965884923935,2024-03-12 00:00:00+00:00,0.1334245502948761,2024-03-12 16:00:00+00:00,0.12349554896354675
HBAR-USD,4h,OCO,85,True,True,True,False,True,True,True,True,True,True,2024-05-01 08:00:00+00:00,2024-05-03 20:00:00+00:00,0.1153348758816719,2024-05-05 00:00:00+00:00,0.10602904856204987,2024-05-06 04:00:00+00:00,0.12278300523757935,2024-05-08 20:00:00+00:00,0.10518934577703476,2024-05-10 12:00:00+00:00,0.11245347559452057
HBAR-USD,4h,OCOI,80,True,True,True,False,True,True,False,True,True,True,2024-05-10 12:00:00+00:00,2024-05-10 20:00:00+00:00,0.10505778342485428,2024-05-12 16:00:00+00:00,0.11185682564973831,2024-05-13 04:00:00+00:00,0.10256952047348022,2024-05-13 16:00:00+00:00,0.110746830701828,2024-05-15 00:00:00+00:00,0.1046261265873909
HBAR-USD,4h,OCOI,100,True,True,True,True,True,True,True,True,True,True,2024-08-12 12:00:00+00:00,2024-08-13 08:00:00+00:00,0.05184485763311386,2024-08-14 12:00:00+00:00,0.05518577620387077,2024-08-16 12:00:00+00:00,0.0508108027279377,2024-08-20 04:00:00+00:00,0.055453620851039886,2024-08-21 12:00:00+00:00,0.0524374283850193
HBAR-USD,4h,OCOI,75,True,True,False,False,True,True,True,True,True,True,2024-09-03 00:00:00+00:00,2024-09-04 00:00:00+00:00,0.04741794243454933,2024-09-04 16:00:00+00:00,0.05067022889852524,2024-09-06 20:00:00+00:00,0.04585707560181618,2024-09-09 20:00:00+00:00,0.05148562416434288,2024-09-11 12:00:00+00:00,0.048818886280059814
HBAR-USD,4h,OCO,70,True,True,False,False,True,True,False,True,True,True,2024-10-03 12:00:00+00:00,2024-10-07 04:00:00+00:00,0.05549373850226402,2024-10-10 16:00:00+00:00,0.04919516295194626,2024-10-16 00:00:00+00:00,0.057841069996356964,2024-10-17 16:00:00+00:00,0.0503961443901062,2024-10-21 00:00:00+00:00,0.056338101625442505
HBAR-USD,4h,OCOI,70,True,True,False,False,True,True,False,True,True,True,2025-01-17 00:00:00+00:00,2025-01-18 08:00:00+00:00,0.341474711894989,2025-01-19 00:00:00+00:00,0.3690050542354584,2025-01-19 20:00:00+00:00,0.32013460993766785,2025-01-20 08:00:00+00:00,0.3724212050437927,2025-01-21 04:00:00+00:00,0.3263576030731201
HBAR-USD,4h,OCOI,75,True,True,True,False,True,True,False,False,True,True,2025-01-20 08:00:00+00:00,2025-01-21 04:00:00+00:00,0.3263576030731201,2025-01-21 16:00:00+00:00,0.3474315106868744,2025-01-23 12:00:00+00:00,0.31251028180122375,2025-01-24 12:00:00+00:00,0.3503880798816681,2025-01-24 20:00:00+00:00,0.3257991671562195
HBAR-USD,4h,OCOI,85,True,True,True,False,True,True,True,True,True,True,2025-02-07 12:00:00+00:00,2025-02-08 04:00:00+00:00,0.22643350064754486,2025-02-09 08:00:00+00:00,0.2427782416343689,2025-02-09 20:00:00+00:00,0.2200872153043747,2025-02-10 12:00:00+00:00,0.24369727075099945,2025-02-10 20:00:00+00:00,0.23067277669906616
HBAR-USD,4h,OCOI,70,True,True,False,False,True,True,False,True,True,True,2025-04-01 16:00:00+00:00,2025-04-03 12:00:00+00:00,0.15381436049938202,2025-04-04 16:00:00+00:00,0.16710616648197174,2025-04-07 04:00:00+00:00,0.1262955367565155,2025-04-08 12:00:00+00:00,0.16567665338516235,2025-04-09 00:00:00+00:00,0.1425439864397049
HBAR-USD,4h,OCO,100,True,True,True,True,True,True,True,True,True,True,2025-05-06 12:00:00+00:00,2025-05-11 00:00:00+00:00,0.2205008864402771,2025-05-11 16:00:00+00:00,0.2018612027168274,2025-05-12 12:00:00+00:00,0.22757838666439056,2025-05-13 04:00:00+00:00,0.20140786468982697,2025-05-13 16:00:00+00:00,0.21828404068946838
HBAR-USD,4h,OCO,75,True,True,False,False,True,True,True,True,True,True,2025-05-17 16:00:00+00:00,2025-05-18 16:00:00+00:00,0.20035788416862488,2025-05-19 12:00:00+00:00,0.18487641215324402,2025-05-23 00:00:00+00:00,0.20867839455604553,2025-05-25 12:00:00+00:00,0.18096591532230377,2025-05-26 08:00:00+00:00,0.19303235411643982
HBAR-USD,1d,OCOI,75,True,True,True,False,True,True,False,False,True,True,2023-02-12 00:00:00,2023-03-10 00:00:00,0.05458400025963783,2023-04-02 00:00:00,0.07758399844169617,2023-06-10 00:00:00,0.041088998317718506,2023-08-15 00:00:00,0.07514700293540955,2023-10-12 00:00:00,0.0450810007750988
