ticker,intervalo,tipo_padrao,data_inicio,data_fim,duracao_em_velas,intervalo_em_minutos,data_cabeca,preco_cabeca,data_ombro1,data_ombro2,label_humano
ADA-USD,1d,OCO,2024-12-27 00:00:00,2025-01-13 00:00:00,17,1440,2025-01-06 00:00:00,1.09,2024-12-28 00:00:00,2025-01-12 00:00:00,1.0
ADA-USD,1d,OCOI,2024-10-15 00:00:00,2024-11-06 00:00:00,22,1440,2024-10-26 00:00:00,0.33,2024-10-18 00:00:00,2024-11-05 00:00:00,1.0
ADA-USD,1d,OCO,2023-02-06 00:00:00,2023-03-16 00:00:00,38,1440,2023-02-18 00:00:00,0.41,2023-02-08 00:00:00,2023-03-14 00:00:00,0.0
ADA-USD,1d,OCO,2021-08-26 00:00:00,2021-09-13 00:00:00,18,1440,2021-09-03 00:00:00,2.97,2021-08-28 00:00:00,2021-09-09 00:00:00,1.0
ADA-USD,1d,OCO,2020-11-03 00:00:00,2020-12-24 00:00:00,51,1440,2020-11-30 00:00:00,0.17,2020-11-25 00:00:00,2020-12-17 00:00:00,0.0
ADA-USD,1h,OCO,2025-05-28 07:00:00,2025-05-30 17:00:00,58,60,2025-05-29 03:00:00,0.76,2025-05-28 12:00:00,2025-05-30 12:00:00,0.0
ADA-USD,1h,OCOI,2025-05-18 16:00:00,2025-05-21 06:00:00,62,60,2025-05-19 06:00:00,0.72,2025-05-18 20:00:00,2025-05-20 13:00:00,1.0
ADA-USD,1h,OCOI,2025-05-13 20:00:00,2025-05-16 06:00:00,58,60,2025-05-15 14:00:00,0.76,2025-05-14 03:00:00,2025-05-15 23:00:00,0.0
ADA-USD,1h,OCOI,2025-05-12 16:00:00,2025-05-14 06:00:00,38,60,2025-05-13 03:00:00,0.78,2025-05-12 19:00:00,2025-05-14 03:00:00,1.0
ADA-USD,1h,OCO,2025-04-27 16:00:00,2025-04-29 22:00:00,54,60,2025-04-28 08:00:00,0.72,2025-04-27 21:00:00,2025-04-29 17:00:00,1.0
ADA-USD,1h,OCO,2025-03-04 20:00:00,2025-03-06 01:00:00,29,60,2025-03-05 11:00:00,0.99,2025-03-05 02:00:00,2025-03-05 20:00:00,-1.0
ADA-USD,1h,OCO,2025-02-14 07:00:00,2025-02-15 06:00:00,23,60,2025-02-14 18:00:00,0.82,2025-02-14 10:00:00,2025-02-15 03:00:00,1.0
ADA-USD,1h,OCO,2025-02-04 08:00:00,2025-02-06 16:00:00,56,60,2025-02-05 14:00:00,0.77,2025-02-04 15:00:00,2025-02-06 07:00:00,1.0
ADA-USD,1h,OCO,2025-01-27 11:00:00,2025-01-29 14:00:00,51,60,2025-01-28 11:00:00,0.96,2025-01-27 15:00:00,2025-01-29 07:00:00,1.0
ADA-USD,1h,OCOI,2025-01-04 07:00:00,2025-01-05 14:00:00,31,60,2025-01-05 03:00:00,1.06,2025-01-04 11:00:00,2025-01-05 12:00:00,1.0
ADA-USD,1h,OCO,2024-12-07 10:00:00,2024-12-08 09:00:00,23,60,2024-12-08 00:00:00,1.21,2024-12-07 15:00:00,2024-12-08 07:00:00,0.0
ADA-USD,1h,OCOI,2024-11-10 18:00:00,2024-11-11 21:00:00,27,60,2024-11-11 06:00:00,0.57,2024-11-10 21:00:00,2024-11-11 14:00:00,1.0
ADA-USD,1h,OCOI,2024-03-27 06:00:00,2024-03-28 08:00:00,26,60,2024-03-27 16:00:00,0.64,2024-03-27 08:00:00,2024-03-28 03:00:00,1.0
ADA-USD,1h,OCO,2024-03-15 09:00:00,2024-03-17 07:00:00,46,60,2024-03-16 08:00:00,0.73,2024-03-15 19:00:00,2024-03-17 03:00:00,0.0
ADA-USD,1h,OCO,2024-02-21 19:00:00,2024-02-22 23:00:00,28,60,2024-02-22 09:00:00,0.61,2024-02-21 23:00:00,2024-02-23 21:00:00,1.0
ADA-USD,1h,OCOI,2024-01-30 02:00:00,2024-02-03 10:00:00,104,60,2024-02-01 13:00:00,0.49,2024-01-31 11:00:00,2024-02-02 14:00:00,0.0
ADA-USD,1h,OCO,2024-01-11 00:00:00,2024-01-12 16:00:00,40,60,2024-01-11 13:00:00,0.61,2024-01-11 04:00:00,2024-01-13 06:00:00,1.0
ADA-USD,1h,OCOI,2023-12-10 05:00:00,2023-12-12 19:00:00,62,60,2023-12-11 19:00:00,0.53,2023-12-10 09:00:00,2023-12-12 17:00:00,1.0
ADA-USD,1h,OCO,2023-11-10 19:00:00,2023-11-12 19:00:00,48,60,2023-11-11 17:00:00,0.39,2023-11-11 00:00:00,2023-11-12 08:00:00,1.0
ADA-USD,1wk,OCO,2022-05-23 00:00:00,2022-10-17 00:00:00,21,10080,2022-08-08 00:00:00,0.55,2022-06-06 00:00:00,2022-09-05 00:00:00,1.0
ADA-USD,1wk,OCO,2021-03-08 00:00:00,2021-06-21 00:00:00,15,10080,2021-05-10 00:00:00,2.04,2021-04-12 00:00:00,2021-05-31 00:00:00,1.0
ADA-USD,4h,OCO,2025-06-01 08:00:00,2025-06-05 16:00:00,26,240,2025-06-04 04:00:00,0.7,2025-06-01 20:00:00,2025-06-05 08:00:00,1.0
ADA-USD,4h,OCO,2025-05-09 00:00:00,2025-05-13 04:00:00,25,240,2025-05-11 00:00:00,0.83,2025-05-09 08:00:00,2025-05-12 08:00:00,1.0
ADA-USD,4h,OCOI,2025-04-28 08:00:00,2025-05-03 16:00:00,32,240,2025-04-30 16:00:00,0.68,2025-04-28 16:00:00,2025-05-02 20:00:00,1.0
ADA-USD,4h,OCOI,2025-01-30 16:00:00,2025-02-04 16:00:00,30,240,2025-02-03 04:00:00,0.69,2025-01-31 04:00:00,2025-02-04 08:00:00,0.0
ADA-USD,4h,OCO,2024-12-26 20:00:00,2024-12-31 04:00:00,26,240,2024-12-29 08:00:00,0.89,2024-12-27 12:00:00,2024-12-30 20:00:00,0.0
ADA-USD,4h,OCOI,2024-11-29 12:00:00,2024-12-03 04:00:00,22,240,2024-12-01 04:00:00,1.05,2024-11-29 20:00:00,2024-12-02 08:00:00,0.0
ADA-USD,4h,OCO,2024-07-13 12:00:00,2024-07-19 08:00:00,35,240,2024-07-16 00:00:00,0.45,2024-07-13 20:00:00,2024-07-17 08:00:00,1.0
ADA-USD,4h,OCOI,2024-05-04 16:00:00,2024-05-10 04:00:00,33,240,2024-05-08 08:00:00,0.44,2024-05-05 04:00:00,2024-05-09 08:00:00,1.0
ADA-USD,4h,OCOI,2024-01-03 12:00:00,2024-01-11 12:00:00,48,240,2024-01-08 04:00:00,0.48,2024-01-03 20:00:00,2024-01-09 16:00:00,0.0
ADA-USD,4h,OCO,2023-12-25 00:00:00,2024-01-03 08:00:00,56,240,2023-12-28 04:00:00,0.66,2023-12-25 20:00:00,2024-01-02 04:00:00,1.0
AVAX-USD,1d,OCOI,2025-05-11 00:00:00,2025-05-28 00:00:00,17,1440,2025-05-20 00:00:00,22.43,2025-05-12 00:00:00,2025-05-24 00:00:00,1.0
AVAX-USD,1d,OCO,2024-12-22 00:00:00,2025-01-20 00:00:00,29,1440,2025-01-06 00:00:00,43.59,2024-12-25 00:00:00,2025-01-17 00:00:00,1.0
AVAX-USD,1d,OCO,2024-11-25 00:00:00,2024-12-31 00:00:00,36,1440,2024-12-13 00:00:00,52.91,2024-12-08 00:00:00,2024-12-25 00:00:00,1.0
AVAX-USD,1d,OCO,2022-11-21 00:00:00,2022-12-17 00:00:00,26,1440,2022-12-05 00:00:00,13.76,2022-11-24 00:00:00,2022-12-14 00:00:00,1.0
AVAX-USD,1d,OCO,2022-07-26 00:00:00,2022-08-27 00:00:00,32,1440,2022-08-13 00:00:00,29.23,2022-07-29 00:00:00,2022-08-24 00:00:00,1.0
AVAX-USD,1d,OCOI,2022-05-17 00:00:00,2022-06-07 00:00:00,21,1440,2022-05-27 00:00:00,22.98,2022-05-21 00:00:00,2022-06-04 00:00:00,1.0
AVAX-USD,1h,OCOI,2025-04-27 14:00:00,2025-04-28 20:00:00,30,60,2025-04-28 02:00:00,21.31,2025-04-26 13:00:00,2025-04-28 16:00:00,1.0
AVAX-USD,1h,OCOI,2025-04-13 00:00:00,2025-04-14 18:00:00,42,60,2025-04-13 22:00:00,19.47,2025-04-13 14:00:00,2025-04-14 16:00:00,1.0
AVAX-USD,1h,OCO,2025-04-10 16:00:00,2025-04-13 22:00:00,78,60,2025-04-13 00:00:00,20.52,2025-04-11 17:00:00,2025-04-13 18:00:00,0.0
AVAX-USD,1h,OCOI,2025-01-20 14:00:00,2025-01-21 18:00:00,28,60,2025-01-21 05:00:00,34.89,2025-01-20 13:00:00,2025-01-21 15:00:00,1.0
AVAX-USD,1h,OCOI,2025-01-06 16:00:00,2025-01-10 10:00:00,90,60,2025-01-09 14:00:00,36.0,2025-01-08 07:00:00,2025-01-09 21:00:00,0.0
AVAX-USD,1h,OCOI,2025-01-04 22:00:00,2025-01-06 02:00:00,28,60,2025-01-05 10:00:00,41.65,2025-01-05 02:00:00,2025-01-06 01:00:00,1.0
AVAX-USD,1h,OCO,2024-12-22 15:00:00,2024-12-23 15:00:00,24,60,2024-12-23 04:00:00,37.6,2024-12-22 17:00:00,2024-12-23 10:00:00,1.0
AVAX-USD,1h,OCO,2024-12-15 07:00:00,2024-12-17 00:00:00,41,60,2024-12-16 01:00:00,51.36,2024-12-15 14:00:00,2024-12-16 19:00:00,1.0
AVAX-USD,1h,OCO,2024-12-07 17:00:00,2024-12-09 16:00:00,47,60,2024-12-08 23:00:00,54.03,2024-12-07 19:00:00,2024-12-09 14:00:00,0.0
AVAX-USD,1h,OCOI,2024-11-27 15:00:00,2024-11-29 11:00:00,44,60,2024-11-28 16:00:00,41.84,2024-11-27 17:00:00,2024-11-30 01:00:00,1.0
AVAX-USD,1h,OCO,2024-11-27 00:00:00,2024-11-27 17:00:00,17,60,2024-11-27 10:00:00,43.82,2024-11-27 02:00:00,2024-11-27 15:00:00,1.0
AVAX-USD,1h,OCOI,2024-11-20 15:00:00,2024-11-21 13:00:00,22,60,2024-11-21 03:00:00,32.98,2024-11-20 19:00:00,2024-11-21 10:00:00,1.0
AVAX-USD,1h,OCO,2024-11-16 16:00:00,2024-11-18 14:00:00,46,60,2024-11-17 10:00:00,36.78,2024-11-17 00:00:00,2024-11-18 07:00:00,1.0
AVAX-USD,1h,OCOI,2024-04-30 14:00:00,2024-05-01 19:00:00,29,60,2024-05-01 08:00:00,31.06,2024-04-30 19:00:00,2024-05-01 17:00:00,1.0
AVAX-USD,1h,OCOI,2024-04-17 19:00:00,2024-04-18 15:00:00,20,60,2024-04-18 07:00:00,33.46,2024-04-18 00:00:00,2024-04-18 13:00:00,1.0
AVAX-USD,1h,OCO,2024-04-14 21:00:00,2024-04-16 16:00:00,43,60,2024-04-15 10:00:00,38.06,2024-04-14 23:00:00,2024-04-16 08:00:00,0.0
AVAX-USD,1h,OCOI,2024-03-28 08:00:00,2024-03-30 12:00:00,52,60,2024-03-29 21:00:00,52.84,2024-03-28 13:00:00,2024-03-30 08:00:00,0.0
AVAX-USD,1h,OCO,2024-03-21 19:00:00,2024-03-22 17:00:00,22,60,2024-03-22 05:00:00,55.93,2024-03-22 00:00:00,2024-03-22 12:00:00,0.0
AVAX-USD,1h,OCOI,2024-03-19 04:00:00,2024-03-19 16:00:00,12,60,2024-03-19 09:00:00,56.86,2024-03-19 06:00:00,2024-03-19 14:00:00,1.0
AVAX-USD,1h,OCO,2024-03-12 18:00:00,2024-03-14 14:00:00,44,60,2024-03-14 02:00:00,58.22,2024-03-13 18:00:00,2024-03-14 10:00:00,1.0
AVAX-USD,1h,OCO,2024-03-03 08:00:00,2024-03-05 03:00:00,43,60,2024-03-04 12:00:00,43.66,2024-03-04 01:00:00,2024-03-04 23:00:00,1.0
AVAX-USD,1h,OCOI,2024-02-29 15:00:00,2024-03-01 10:00:00,19,60,2024-02-29 23:00:00,40.57,2024-02-29 12:00:00,2024-03-01 08:00:00,1.0
AVAX-USD,1h,OCOI,2024-02-17 06:00:00,2024-02-18 23:00:00,41,60,2024-02-17 14:00:00,38.84,2024-02-17 02:00:00,2024-02-18 02:00:00,1.0
AVAX-USD,1h,OCO,2024-02-14 19:00:00,2024-02-16 06:00:00,35,60,2024-02-15 10:00:00,43.14,2024-02-15 01:00:00,2024-02-16 03:00:00,1.0
AVAX-USD,1h,OCOI,2024-01-24 17:00:00,2024-01-26 03:00:00,34,60,2024-01-25 13:00:00,29.81,2024-01-24 21:00:00,2024-01-26 22:00:00,1.0
AVAX-USD,1h,OCOI,2024-01-16 22:00:00,2024-01-17 21:00:00,23,60,2024-01-17 08:00:00,35.47,2024-01-17 00:00:00,2024-01-17 17:00:00,1.0
AVAX-USD,1h,OCOI,2024-01-07 06:00:00,2024-01-09 05:00:00,47,60,2024-01-08 03:00:00,32.04,2024-01-07 10:00:00,2024-01-09 02:00:00,0.0
AVAX-USD,1h,OCO,2024-01-04 01:00:00,2024-01-05 12:00:00,35,60,2024-01-04 19:00:00,38.92,2024-01-04 06:00:00,2024-01-05 09:00:00,1.0
AVAX-USD,1h,OCO,2023-12-30 09:00:00,2024-01-01 05:00:00,44,60,2023-12-31 10:00:00,40.32,2023-12-30 19:00:00,2024-01-01 02:00:00,1.0
AVAX-USD,1h,OCOI,2023-12-03 01:00:00,2023-12-05 19:00:00,66,60,2023-12-04 15:00:00,21.46,2023-12-03 18:00:00,2023-12-05 14:00:00,1.0
AVAX-USD,1h,OCO,2023-10-19 02:00:00,2023-10-27 18:00:00,208,60,2023-10-26 08:00:00,11.36,2023-10-24 13:00:00,2023-10-26 23:00:00,0.0
AVAX-USD,4h,OCO,2025-05-17 20:00:00,2025-05-26 20:00:00,54,240,2025-05-23 00:00:00,25.49,2025-05-18 12:00:00,2025-05-26 08:00:00,1.0
AVAX-USD,4h,OCO,2025-05-11 16:00:00,2025-05-19 08:00:00,46,240,2025-05-14 04:00:00,26.06,2025-05-12 04:00:00,2025-05-18 12:00:00,0.0
AVAX-USD,4h,OCOI,2025-04-13 00:00:00,2025-04-21 08:00:00,50,240,2025-04-16 08:00:00,18.78,2025-04-13 20:00:00,2025-04-20 12:00:00,1.0
AVAX-USD,4h,OCOI,2025-02-13 00:00:00,2025-02-22 20:00:00,59,240,2025-02-18 16:00:00,23.32,2025-02-13 20:00:00,2025-02-21 20:00:00,0.0
AVAX-USD,4h,OCO,2025-01-09 08:00:00,2025-01-12 20:00:00,21,240,2025-01-10 08:00:00,37.59,2025-01-09 12:00:00,2025-01-12 16:00:00,1.0
AVAX-USD,4h,OCO,2024-11-23 20:00:00,2024-11-28 12:00:00,28,240,2024-11-25 08:00:00,45.25,2024-11-24 04:00:00,2024-11-27 12:00:00,1.0
AVAX-USD,4h,OCOI,2024-10-01 16:00:00,2024-10-06 08:00:00,28,240,2024-10-03 12:00:00,24.55,2024-10-01 20:00:00,2024-10-05 20:00:00,1.0
AVAX-USD,4h,OCOI,2024-08-12 12:00:00,2024-08-20 00:00:00,45,240,2024-08-16 12:00:00,20.11,2024-08-13 08:00:00,2024-08-19 12:00:00,1.0
AVAX-USD,4h,OCOI,2024-06-21 20:00:00,2024-06-27 12:00:00,34,240,2024-06-24 16:00:00,23.83,2024-06-22 08:00:00,2024-06-27 00:00:00,1.0
AVAX-USD,4h,OCO,2024-03-12 12:00:00,2024-03-15 08:00:00,17,240,2024-03-14 04:00:00,56.76,2024-03-12 20:00:00,2024-03-15 00:00:00,1.0
AVAX-USD,4h,OCO,2023-11-18 08:00:00,2023-11-21 16:00:00,20,240,2023-11-20 00:00:00,22.7,2023-11-18 16:00:00,2023-11-21 12:00:00,1.0
BCH-USD,1d,OCO,2025-03-01 00:00:00,2025-03-14 00:00:00,13,1440,2025-03-06 00:00:00,393.82,2025-03-03 00:00:00,2025-03-12 00:00:00,1.0
BCH-USD,1d,OCOI,2025-02-20 00:00:00,2025-03-04 00:00:00,12,1440,2025-02-25 00:00:00,291.61,2025-02-22 00:00:00,2025-03-04 00:00:00,1.0
BCH-USD,1d,OCOI,2024-06-22 00:00:00,2024-07-21 00:00:00,29,1440,2024-07-08 00:00:00,323.05,2024-06-24 00:00:00,2024-07-18 00:00:00,1.0
BCH-USD,1d,OCO,2024-03-30 00:00:00,2024-04-18 00:00:00,19,1440,2024-04-07 00:00:00,690.03,2024-04-01 00:00:00,2024-04-15 00:00:00,0.0
BCH-USD,1d,OCO,2021-07-29 00:00:00,2021-08-27 00:00:00,29,1440,2021-08-15 00:00:00,696.15,2021-07-31 00:00:00,2021-08-21 00:00:00,0.0
BCH-USD,1d,OCOI,2021-06-30 00:00:00,2021-08-08 00:00:00,39,1440,2021-07-20 00:00:00,407.63,2021-07-02 00:00:00,2021-08-02 00:00:00,1.0
BCH-USD,1d,OCO,2020-03-23 00:00:00,2020-04-21 00:00:00,29,1440,2020-04-09 00:00:00,261.86,2020-03-25 00:00:00,2020-04-18 00:00:00,1.0
BCH-USD,1d,OCOI,2019-01-09 00:00:00,2019-02-19 00:00:00,41,1440,2019-01-29 00:00:00,111.79,2019-01-21 00:00:00,2019-02-15 00:00:00,1.0
BCH-USD,1h,OCO,2025-06-17 16:00:00,2025-06-19 01:00:00,33,60,2025-06-18 05:00:00,476.84,2025-06-17 20:00:00,2025-06-18 21:00:00,1.0
BCH-USD,1h,OCOI,2025-06-01 21:00:00,2025-06-03 15:00:00,42,60,2025-06-02 19:00:00,398.81,2025-06-02 04:00:00,2025-06-04 00:00:00,1.0
BCH-USD,1h,OCOI,2025-05-09 08:00:00,2025-05-10 15:00:00,31,60,2025-05-09 16:00:00,406.25,2025-05-09 10:00:00,2025-05-10 12:00:00,1.0
BCH-USD,1h,OCOI,2025-05-02 15:00:00,2025-05-07 04:00:00,109,60,2025-05-05 15:00:00,351.47,2025-05-05 02:00:00,2025-05-06 13:00:00,0.0
BCH-USD,1h,OCO,2025-01-27 11:00:00,2025-01-29 16:00:00,53,60,2025-01-28 05:00:00,428.95,2025-01-27 15:00:00,2025-01-29 07:00:00,1.0
BCH-USD,1h,OCO,2025-01-16 14:00:00,2025-01-18 17:00:00,51,60,2025-01-17 20:00:00,497.53,2025-01-16 17:00:00,2025-01-19 02:00:00,1.0
BCH-USD,1h,OCO,2024-12-22 15:00:00,2024-12-23 15:00:00,24,60,2024-12-23 04:00:00,453.71,2024-12-22 18:00:00,2024-12-23 10:00:00,1.0
BCH-USD,1h,OCOI,2024-12-03 05:00:00,2024-12-04 08:00:00,27,60,2024-12-03 15:00:00,529.92,2024-12-03 10:00:00,2024-12-04 03:00:00,0.0
BCH-USD,1h,OCO,2024-11-26 13:00:00,2024-11-29 08:00:00,67,60,2024-11-27 23:00:00,519.53,2024-11-26 17:00:00,2024-11-29 03:00:00,0.0
BCH-USD,1h,OCOI,2024-11-25 21:00:00,2024-11-26 23:00:00,26,60,2024-11-26 13:00:00,482.31,2024-11-26 00:00:00,2024-11-26 19:00:00,1.0
BCH-USD,1h,OCO,2024-11-24 15:00:00,2024-11-26 09:00:00,42,60,2024-11-25 11:00:00,524.22,2024-11-24 23:00:00,2024-11-26 02:00:00,1.0
BCH-USD,1h,OCO,2024-11-06 14:00:00,2024-11-09 04:00:00,62,60,2024-11-07 21:00:00,384.5,2024-11-07 02:00:00,2024-11-08 23:00:00,0.0
BCH-USD,1h,OCOI,2024-10-15 01:00:00,2024-10-17 01:00:00,48,60,2024-10-15 21:00:00,351.64,2024-10-15 12:00:00,2024-10-16 08:00:00,0.0
BCH-USD,1h,OCO,2024-10-06 22:00:00,2024-10-09 08:00:00,58,60,2024-10-07 17:00:00,331.19,2024-10-07 02:00:00,2024-10-08 16:00:00,1.0
BCH-USD,1h,OCOI,2024-09-05 13:00:00,2024-09-08 06:00:00,65,60,2024-09-06 21:00:00,292.58,2024-09-05 20:00:00,2024-09-07 22:00:00,1.0
BCH-USD,1h,OCO,2024-08-11 23:00:00,2024-08-14 09:00:00,58,60,2024-08-13 01:00:00,359.77,2024-08-12 15:00:00,2024-08-13 17:00:00,1.0
BCH-USD,1h,OCO,2024-08-05 12:00:00,2024-08-07 00:00:00,36,60,2024-08-06 01:00:00,324.5,2024-08-05 16:00:00,2024-08-06 16:00:00,0.0
BCH-USD,1h,OCO,2024-04-25 14:00:00,2024-04-27 11:00:00,45,60,2024-04-26 19:00:00,490.27,2024-04-25 18:00:00,2024-04-27 04:00:00,0.0
BCH-USD,1h,OCOI,2024-04-18 15:00:00,2024-04-19 20:00:00,29,60,2024-04-19 02:00:00,456.86,2024-04-18 17:00:00,2024-04-19 15:00:00,1.0
BCH-USD,1h,OCOI,2024-03-15 02:00:00,2024-03-16 00:00:00,22,60,2024-03-15 09:00:00,402.63,2024-03-15 05:00:00,2024-03-15 21:00:00,1.0
BCH-USD,1h,OCO,2024-03-04 04:00:00,2024-03-05 16:00:00,36,60,2024-03-04 23:00:00,468.68,2024-03-04 06:00:00,2024-03-05 13:00:00,1.0
BCH-USD,1h,OCOI,2024-02-27 06:00:00,2024-02-29 04:00:00,46,60,2024-02-28 03:00:00,291.82,2024-02-27 08:00:00,2024-02-28 22:00:00,1.0
BCH-USD,1h,OCOI,2024-01-13 06:00:00,2024-01-16 22:00:00,88,60,2024-01-15 00:00:00,248.03,2024-01-13 17:00:00,2024-01-15 15:00:00,0.0
BCH-USD,1h,OCOI,2023-06-30 22:00:00,2023-07-03 03:00:00,53,60,2023-07-02 04:00:00,271.77,2023-07-01 05:00:00,2023-07-02 18:00:00,-1.0
BCH-USD,1wk,OCO,2021-04-05 00:00:00,2021-06-21 00:00:00,11,10080,2021-05-10 00:00:00,1298.63,2021-03-15 00:00:00,2021-05-31 00:00:00,1.0
BCH-USD,4h,OCO,2025-04-20 12:00:00,2025-04-28 16:00:00,49,240,2025-04-25 12:00:00,377.6,2025-04-23 00:00:00,2025-04-28 08:00:00,0.0
BCH-USD,4h,OCOI,2025-04-02 16:00:00,2025-04-09 20:00:00,43,240,2025-04-07 08:00:00,255.95,2025-04-03 16:00:00,2025-04-09 00:00:00,0.0
BCH-USD,4h,OCO,2024-12-26 20:00:00,2024-12-30 12:00:00,22,240,2024-12-29 04:00:00,450.95,2024-12-27 12:00:00,2024-12-30 08:00:00,0.0
BCH-USD,4h,OCO,2024-12-22 16:00:00,2024-12-28 08:00:00,34,240,2024-12-24 16:00:00,472.41,2024-12-23 00:00:00,2024-12-27 12:00:00,1.0
BCH-USD,4h,OCOI,2024-12-12 04:00:00,2024-12-16 16:00:00,27,240,2024-12-14 16:00:00,527.86,2024-12-13 12:00:00,2024-12-16 12:00:00,0.0
BCH-USD,4h,OCOI,2024-11-30 16:00:00,2024-12-04 00:00:00,20,240,2024-12-02 08:00:00,512.66,2024-12-01 04:00:00,2024-12-03 16:00:00,1.0
BCH-USD,4h,OCOI,2024-10-18 04:00:00,2024-10-28 20:00:00,64,240,2024-10-23 16:00:00,346.85,2024-10-20 04:00:00,2024-10-26 16:00:00,1.0
BCH-USD,4h,OCOI,2024-09-29 20:00:00,2024-10-12 12:00:00,76,240,2024-10-03 08:00:00,315.41,2024-09-30 20:00:00,2024-10-10 00:00:00,0.0
BCH-USD,4h,OCO,2024-08-19 04:00:00,2024-09-02 04:00:00,84,240,2024-08-24 20:00:00,365.37,2024-08-20 04:00:00,2024-08-29 12:00:00,0.0
BCH-USD,4h,OCOI,2024-08-09 00:00:00,2024-08-17 12:00:00,51,240,2024-08-12 00:00:00,332.12,2024-08-09 12:00:00,2024-08-15 20:00:00,1.0
BCH-USD,4h,OCO,2024-07-13 00:00:00,2024-07-17 20:00:00,29,240,2024-07-16 00:00:00,399.8,2024-07-14 04:00:00,2024-07-16 16:00:00,1.0
BCH-USD,4h,OCOI,2024-06-28 08:00:00,2024-07-10 08:00:00,72,240,2024-07-05 04:00:00,301.16,2024-06-30 00:00:00,2024-07-08 00:00:00,0.0
BCH-USD,4h,OCOI,2024-04-28 04:00:00,2024-05-07 12:00:00,56,240,2024-05-01 12:00:00,405.23,2024-04-29 08:00:00,2024-05-05 04:00:00,1.0
BCH-USD,4h,OCOI,2024-04-16 04:00:00,2024-04-19 12:00:00,20,240,2024-04-17 12:00:00,459.28,2024-04-16 16:00:00,2024-04-19 04:00:00,1.0
BCH-USD,4h,OCOI,2024-04-01 20:00:00,2024-04-05 00:00:00,19,240,2024-04-03 16:00:00,581.98,2024-04-02 08:00:00,2024-04-04 16:00:00,1.0
BCH-USD,4h,OCOI,2024-01-28 00:00:00,2024-02-08 04:00:00,67,240,2024-02-01 04:00:00,233.17,2024-01-29 08:00:00,2024-02-07 04:00:00,1.0
BCH-USD,4h,OCO,2023-12-27 16:00:00,2024-01-02 16:00:00,36,240,2023-12-30 08:00:00,281.67,2023-12-29 16:00:00,2024-01-02 04:00:00,1.0
BNB-USD,1d,OCO,2024-12-27 00:00:00,2025-01-20 00:00:00,24,1440,2025-01-06 00:00:00,719.33,2024-12-29 00:00:00,2025-01-11 00:00:00,1.0
BNB-USD,1d,OCOI,2024-03-30 00:00:00,2024-05-06 00:00:00,37,1440,2024-04-17 00:00:00,536.12,2024-04-03 00:00:00,2024-05-02 00:00:00,1.0
BNB-USD,1d,OCOI,2023-09-19 00:00:00,2023-10-22 00:00:00,33,1440,2023-10-13 00:00:00,205.63,2023-09-25 00:00:00,2023-10-26 00:00:00,1.0
BNB-USD,1d,OCOI,2023-06-14 00:00:00,2023-07-11 00:00:00,27,1440,2023-06-29 00:00:00,231.94,2023-06-15 00:00:00,2023-07-07 00:00:00,1.0
BNB-USD,1d,OCOI,2022-03-02 00:00:00,2022-03-23 00:00:00,21,1440,2022-03-13 00:00:00,367.29,2022-03-07 00:00:00,2022-03-21 00:00:00,0.0
BNB-USD,1h,OCOI,2025-05-18 16:00:00,2025-05-21 01:00:00,57,60,2025-05-19 06:00:00,636.57,2025-05-18 20:00:00,2025-05-20 13:00:00,1.0
BNB-USD,1h,OCO,2025-03-17 04:00:00,2025-03-19 01:00:00,45,60,2025-03-18 09:00:00,640.72,2025-03-17 10:00:00,2025-03-18 19:00:00,1.0
BNB-USD,1h,OCO,2025-02-08 15:00:00,2025-02-10 02:00:00,35,60,2025-02-09 08:00:00,642.44,2025-02-08 20:00:00,2025-02-10 00:00:00,0.0
BNB-USD,1h,OCO,2024-12-06 15:00:00,2024-12-09 01:00:00,58,60,2024-12-07 19:00:00,759.31,2024-12-06 17:00:00,2024-12-08 23:00:00,1.0
BNB-USD,1h,OCOI,2024-11-03 05:00:00,2024-11-06 00:00:00,67,60,2024-11-04 21:00:00,547.22,2024-11-03 15:00:00,2024-11-05 20:00:00,1.0
BNB-USD,1h,OCO,2024-08-28 02:00:00,2024-08-30 16:00:00,62,60,2024-08-29 13:00:00,544.52,2024-08-28 10:00:00,2024-08-30 13:00:00,0.0
BNB-USD,1h,OCOI,2024-06-16 23:00:00,2024-06-20 07:00:00,80,60,2024-06-18 13:00:00,579.13,2024-06-17 10:00:00,2024-06-19 15:00:00,1.0
BNB-USD,1h,OCO,2024-03-15 09:00:00,2024-03-17 07:00:00,46,60,2024-03-16 00:00:00,626.37,2024-03-15 18:00:00,2024-03-17 03:00:00,1.0
BNB-USD,4h,OCO,2025-05-17 20:00:00,2025-05-25 08:00:00,45,240,2025-05-23 00:00:00,687.26,2025-05-18 12:00:00,2025-05-24 16:00:00,0.0
BNB-USD,4h,OCO,2025-02-26 20:00:00,2025-03-09 20:00:00,66,240,2025-03-02 20:00:00,623.91,2025-02-27 04:00:00,2025-03-06 08:00:00,0.0
BNB-USD,4h,OCO,2024-12-05 04:00:00,2024-12-10 16:00:00,33,240,2024-12-07 16:00:00,758.8,2024-12-05 08:00:00,2024-12-10 08:00:00,0.0
BNB-USD,4h,OCOI,2024-11-24 04:00:00,2024-12-01 16:00:00,45,240,2024-11-26 20:00:00,611.64,2024-11-24 16:00:00,2024-12-01 04:00:00,1.0
BNB-USD,4h,OCO,2024-09-18 12:00:00,2024-10-03 12:00:00,90,240,2024-09-28 00:00:00,610.18,2024-09-23 20:00:00,2024-10-01 08:00:00,0.0
BNB-USD,4h,OCO,2024-09-06 20:00:00,2024-09-18 12:00:00,70,240,2024-09-15 16:00:00,559.21,2024-09-08 08:00:00,2024-09-17 16:00:00,0.0
BNB-USD,4h,OCOI,2024-05-10 08:00:00,2024-05-17 16:00:00,44,240,2024-05-14 20:00:00,567.6,2024-05-11 00:00:00,2024-05-16 16:00:00,1.0
BNB-USD,4h,OCOI,2024-03-19 00:00:00,2024-03-20 20:00:00,11,240,2024-03-20 00:00:00,510.13,2024-03-19 08:00:00,2024-03-20 12:00:00,1.0
BTC-USD,1d,OCO,2024-05-24 00:00:00,2024-06-29 00:00:00,36,1440,2024-06-06 00:00:00,70919.99,2024-05-27 00:00:00,2024-06-17 00:00:00,0.0
BTC-USD,1d,OCOI,2024-03-18 00:00:00,2024-04-01 00:00:00,14,1440,2024-03-23 00:00:00,63920.48,2024-03-19 00:00:00,2024-03-30 00:00:00,0.0
BTC-USD,1d,OCO,2023-11-17 00:00:00,2023-12-17 00:00:00,30,1440,2023-12-09 00:00:00,43946.29,2023-11-20 00:00:00,2023-12-14 00:00:00,0.0
BTC-USD,1d,OCOI,2023-05-06 00:00:00,2023-07-13 00:00:00,68,1440,2023-06-15 00:00:00,25350.54,2023-05-25 00:00:00,2023-07-07 00:00:00,0.0
BTC-USD,1d,OCOI,2023-02-02 00:00:00,2023-04-01 00:00:00,58,1440,2023-03-10 00:00:00,20275.13,2023-02-10 00:00:00,2023-03-28 00:00:00,0.0
BTC-USD,1d,OCOI,2021-10-21 00:00:00,2021-11-03 00:00:00,13,1440,2021-10-27 00:00:00,59423.09,2021-10-23 00:00:00,2021-11-01 00:00:00,1.0
BTC-USD,1d,OCOI,2021-08-10 00:00:00,2021-08-28 00:00:00,18,1440,2021-08-18 00:00:00,44748.27,2021-08-12 00:00:00,2021-08-26 00:00:00,0.0
BTC-USD,1d,OCO,2019-12-17 00:00:00,2020-03-17 00:00:00,91,1440,2020-02-13 00:00:00,10270.22,2020-01-18 00:00:00,2020-03-06 00:00:00,-1.0
BTC-USD,1d,OCO,2018-02-13 00:00:00,2018-03-15 00:00:00,30,1440,2018-03-05 00:00:00,11542.95,2018-02-20 00:00:00,2018-03-21 00:00:00,1.0
BTC-USD,1h,OCOI,2025-05-18 17:00:00,2025-05-20 20:00:00,51,60,2025-05-19 06:00:00,102645.18,2025-05-18 20:00:00,2025-05-20 14:00:00,1.0
BTC-USD,1h,OCOI,2025-03-29 08:00:00,2025-04-01 08:00:00,72,60,2025-03-31 04:00:00,81661.31,2025-03-29 17:00:00,2025-03-31 23:00:00,1.0
BTC-USD,1h,OCO,2025-03-05 09:00:00,2025-03-07 01:00:00,40,60,2025-03-06 05:00:00,92544.41,2025-03-05 12:00:00,2025-03-06 23:00:00,1.0
BTC-USD,1h,OCO,2025-01-09 20:00:00,2025-01-13 12:00:00,88,60,2025-01-10 18:00:00,95342.02,2025-01-10 11:00:00,2025-01-12 17:00:00,0.0
BTC-USD,1h,OCOI,2025-01-08 23:00:00,2025-01-10 18:00:00,43,60,2025-01-09 20:00:00,92092.33,2025-01-09 14:00:00,2025-01-10 16:00:00,0.0
BTC-USD,1h,OCOI,2024-12-22 18:00:00,2024-12-24 14:00:00,44,60,2024-12-23 19:00:00,92791.62,2024-12-23 01:00:00,2024-12-24 20:00:00,1.0
BTC-USD,1h,OCOI,2024-12-02 03:00:00,2024-12-04 19:00:00,64,60,2024-12-03 13:00:00,94299.11,2024-12-02 11:00:00,2024-12-04 17:00:00,1.0
BTC-USD,1h,OCO,2024-11-07 05:00:00,2024-11-13 06:00:00,145,60,2024-11-12 07:00:00,89372.35,2024-11-10 18:00:00,2024-11-12 20:00:00,0.0
BTC-USD,1h,OCOI,2024-04-15 10:00:00,2024-04-19 13:00:00,99,60,2024-04-17 16:00:00,60319.82,2024-04-16 15:00:00,2024-04-19 02:00:00,0.0
BTC-USD,1h,OCOI,2024-03-21 16:00:00,2024-03-24 13:00:00,69,60,2024-03-22 14:00:00,62789.24,2024-03-21 19:00:00,2024-03-24 04:00:00,1.0
BTC-USD,1h,OCO,2024-03-15 09:00:00,2024-03-17 07:00:00,46,60,2024-03-16 00:00:00,69625.42,2024-03-15 19:00:00,2024-03-17 04:00:00,0.0
BTC-USD,1wk,OCOI,2018-07-23 00:00:00,2019-07-01 00:00:00,49,10080,2018-12-10 00:00:00,3433.54,2018-08-13 00:00:00,2019-06-03 00:00:00,0.0
BTC-USD,4h,OCO,2025-02-26 20:00:00,2025-03-07 04:00:00,50,240,2025-03-02 20:00:00,93811.82,2025-02-27 08:00:00,2025-03-06 04:00:00,1.0
BTC-USD,4h,OCO,2025-01-19 00:00:00,2025-01-22 16:00:00,22,240,2025-01-20 08:00:00,107560.61,2025-01-19 16:00:00,2025-01-21 20:00:00,1.0
BTC-USD,4h,OCOI,2025-01-06 20:00:00,2025-01-17 20:00:00,66,240,2025-01-13 12:00:00,91569.87,2025-01-09 20:00:00,2025-01-16 12:00:00,0.0
BTC-USD,4h,OCO,2024-12-11 12:00:00,2024-12-19 16:00:00,49,240,2024-12-17 08:00:00,106838.46,2024-12-11 20:00:00,2024-12-19 08:00:00,1.0
BTC-USD,4h,OCOI,2024-03-16 08:00:00,2024-03-25 00:00:00,52,240,2024-03-20 00:00:00,61814.55,2024-03-17 00:00:00,2024-03-23 00:00:00,1.0
DOT-USD,1d,OCO,2024-12-22 00:00:00,2025-01-20 00:00:00,29,1440,2025-01-06 00:00:00,7.72,2024-12-25 00:00:00,2025-01-17 00:00:00,1.0
DOT-USD,1d,OCO,2024-11-23 00:00:00,2024-12-18 00:00:00,25,1440,2024-12-07 00:00:00,10.67,2024-11-24 00:00:00,2024-12-13 00:00:00,1.0
DOT-USD,1d,OCOI,2022-11-24 00:00:00,2023-01-21 00:00:00,58,1440,2022-12-29 00:00:00,4.3,2022-11-28 00:00:00,2023-01-19 00:00:00,1.0
DOT-USD,1d,OCOI,2022-02-10 00:00:00,2022-03-12 00:00:00,30,1440,2022-02-24 00:00:00,16.09,2022-02-14 00:00:00,2022-03-08 00:00:00,1.0
DOT-USD,1d,OCOI,2021-06-20 00:00:00,2021-07-07 00:00:00,17,1440,2021-06-26 00:00:00,14.48,2021-06-22 00:00:00,2021-07-02 00:00:00,1.0
DOT-USD,1h,OCOI,2025-01-04 02:00:00,2025-01-06 16:00:00,62,60,2025-01-05 10:00:00,7.55,2025-01-04 10:00:00,2025-01-06 10:00:00,0.0
DOT-USD,1h,OCOI,2024-12-28 23:00:00,2024-12-31 15:00:00,64,60,2024-12-30 16:00:00,6.58,2024-12-29 23:00:00,2024-12-31 05:00:00,-1.0
DOT-USD,1h,OCO,2024-12-27 16:00:00,2024-12-30 11:00:00,67,60,2024-12-28 23:00:00,7.12,2024-12-27 18:00:00,2024-12-30 02:00:00,1.0
DOT-USD,1h,OCOI,2024-12-15 15:00:00,2024-12-17 10:00:00,43,60,2024-12-16 12:00:00,8.63,2024-12-15 22:00:00,2024-12-17 07:00:00,0.0
DOT-USD,1h,OCO,2024-07-16 13:00:00,2024-07-18 08:00:00,43,60,2024-07-17 14:00:00,6.49,2024-07-16 16:00:00,2024-07-18 01:00:00,1.0
DOT-USD,1h,OCO,2024-07-12 11:00:00,2024-07-16 08:00:00,93,60,2024-07-15 03:00:00,6.51,2024-07-13 19:00:00,2024-07-16 00:00:00,0.0
DOT-USD,1h,OCOI,2024-06-17 19:00:00,2024-06-20 08:00:00,61,60,2024-06-18 19:00:00,5.64,2024-06-18 02:00:00,2024-06-20 00:00:00,0.0
DOT-USD,1h,OCOI,2024-06-08 10:00:00,2024-06-10 10:00:00,48,60,2024-06-08 23:00:00,6.39,2024-06-07 19:00:00,2024-06-10 07:00:00,1.0
DOT-USD,1h,OCOI,2024-05-23 04:00:00,2024-05-26 15:00:00,83,60,2024-05-24 06:00:00,7.09,2024-05-23 19:00:00,2024-05-26 06:00:00,0.0
DOT-USD,1h,OCOI,2024-04-18 03:00:00,2024-04-20 06:00:00,51,60,2024-04-19 02:00:00,6.44,2024-04-18 07:00:00,2024-04-20 00:00:00,1.0
DOT-USD,1h,OCO,2024-03-29 04:00:00,2024-03-30 09:00:00,29,60,2024-03-29 14:00:00,9.71,2024-03-29 06:00:00,2024-03-30 05:00:00,1.0
DOT-USD,1h,OCO,2024-03-24 04:00:00,2024-03-27 08:00:00,76,60,2024-03-26 10:00:00,10.02,2024-03-25 05:00:00,2024-03-27 02:00:00,0.0
DOT-USD,1h,OCO,2024-03-17 14:00:00,2024-03-19 01:00:00,35,60,2024-03-18 08:00:00,10.35,2024-03-17 19:00:00,2024-03-18 23:00:00,1.0
DOT-USD,1h,OCO,2024-03-14 15:00:00,2024-03-15 09:00:00,18,60,2024-03-15 00:00:00,11.52,2024-03-14 17:00:00,2024-03-15 07:00:00,1.0
DOT-USD,1h,OCOI,2024-02-22 09:00:00,2024-02-24 03:00:00,42,60,2024-02-23 09:00:00,7.31,2024-02-22 13:00:00,2024-02-24 02:00:00,1.0
DOT-USD,1h,OCOI,2024-01-13 22:00:00,2024-01-15 19:00:00,45,60,2024-01-15 00:00:00,7.38,2024-01-14 04:00:00,2024-01-15 15:00:00,1.0
DOT-USD,1h,OCOI,2023-12-10 05:00:00,2023-12-12 19:00:00,62,60,2023-12-11 19:00:00,6.5,2023-12-10 10:00:00,2023-12-12 17:00:00,1.0
DOT-USD,1h,OCOI,2023-06-29 15:00:00,2023-07-03 03:00:00,84,60,2023-06-30 14:00:00,4.93,2023-06-30 01:00:00,2023-07-02 09:00:00,-1.0
DOT-USD,1wk,OCO,2021-08-23 00:00:00,2022-01-10 00:00:00,20,10080,2021-11-08 00:00:00,49.34,2021-09-06 00:00:00,2021-12-27 00:00:00,1.0
DOT-USD,4h,OCO,2025-04-22 20:00:00,2025-04-30 20:00:00,48,240,2025-04-25 08:00:00,4.32,2025-04-23 08:00:00,2025-04-29 04:00:00,1.0
DOT-USD,4h,OCOI,2025-04-04 16:00:00,2025-04-14 12:00:00,59,240,2025-04-09 00:00:00,3.36,2025-04-07 08:00:00,2025-04-10 16:00:00,0.0
DOT-USD,4h,OCOI,2025-02-12 20:00:00,2025-02-22 04:00:00,56,240,2025-02-18 16:00:00,4.67,2025-02-13 20:00:00,2025-02-21 20:00:00,0.0
DOT-USD,4h,OCOI,2025-01-31 12:00:00,2025-02-05 12:00:00,30,240,2025-02-03 04:00:00,4.52,2025-01-31 20:00:00,2025-02-04 08:00:00,0.0
DOT-USD,4h,OCOI,2025-01-08 12:00:00,2025-01-12 00:00:00,21,240,2025-01-09 20:00:00,6.56,2025-01-09 08:00:00,2025-01-11 16:00:00,1.0
DOT-USD,4h,OCO,2024-11-10 08:00:00,2024-11-14 00:00:00,22,240,2024-11-12 00:00:00,5.64,2024-11-10 20:00:00,2024-11-13 12:00:00,1.0
DOT-USD,4h,OCOI,2024-05-22 04:00:00,2024-05-27 16:00:00,33,240,2024-05-23 20:00:00,7.16,2024-05-22 20:00:00,2024-05-27 08:00:00,1.0
DOT-USD,4h,OCO,2024-05-03 08:00:00,2024-05-08 00:00:00,28,240,2024-05-06 08:00:00,7.34,2024-05-03 16:00:00,2024-05-08 16:00:00,1.0
DOT-USD,4h,OCOI,2024-04-24 08:00:00,2024-05-03 16:00:00,56,240,2024-04-30 16:00:00,6.13,2024-04-27 12:00:00,2024-05-03 08:00:00,0.0
DOT-USD,4h,OCOI,2024-04-16 04:00:00,2024-04-19 12:00:00,20,240,2024-04-17 12:00:00,6.48,2024-04-16 16:00:00,2024-04-19 04:00:00,1.0
DOT-USD,4h,OCO,2024-03-12 20:00:00,2024-03-15 04:00:00,14,240,2024-03-14 08:00:00,11.48,2024-03-13 08:00:00,2024-03-14 20:00:00,1.0
DOT-USD,4h,OCOI,2024-03-07 00:00:00,2024-03-13 08:00:00,38,240,2024-03-10 16:00:00,10.24,2024-03-08 12:00:00,2024-03-12 12:00:00,1.0
DOT-USD,4h,OCO,2023-12-24 04:00:00,2023-12-28 16:00:00,27,240,2023-12-26 00:00:00,9.27,2023-12-24 12:00:00,2023-12-27 12:00:00,1.0
ETH-USD,1d,OCO,2025-05-18 00:00:00,2025-06-06 00:00:00,19,1440,2025-05-28 00:00:00,2672.64,2025-05-22 00:00:00,2025-06-04 00:00:00,1.0
ETH-USD,1d,OCOI,2024-06-28 00:00:00,2024-07-21 00:00:00,23,1440,2024-07-08 00:00:00,2974.06,2024-06-29 00:00:00,2024-07-18 00:00:00,1.0
ETH-USD,1d,OCO,2024-05-21 00:00:00,2024-06-08 00:00:00,18,1440,2024-05-28 00:00:00,3866.13,2024-05-22 00:00:00,2024-06-02 00:00:00,1.0
ETH-USD,1d,OCOI,2024-03-12 00:00:00,2024-03-31 00:00:00,19,1440,2024-03-23 00:00:00,3335.14,2024-03-20 00:00:00,2024-03-30 00:00:00,0.0
ETH-USD,1d,OCOI,2023-12-10 00:00:00,2023-12-28 00:00:00,18,1440,2023-12-20 00:00:00,2189.89,2023-12-12 00:00:00,2023-12-26 00:00:00,1.0
ETH-USD,1d,OCOI,2023-02-23 00:00:00,2023-03-18 00:00:00,23,1440,2023-03-10 00:00:00,1433.91,2023-02-25 00:00:00,2023-03-16 00:00:00,1.0
ETH-USD,1d,OCO,2022-09-21 00:00:00,2022-10-20 00:00:00,29,1440,2022-10-05 00:00:00,1357.48,2022-09-29 00:00:00,2022-10-18 00:00:00,1.0
ETH-USD,1d,OCO,2022-07-27 00:00:00,2022-08-27 00:00:00,31,1440,2022-08-13 00:00:00,1969.29,2022-07-29 00:00:00,2022-08-25 00:00:00,1.0
ETH-USD,1d,OCO,2021-04-04 00:00:00,2021-04-25 00:00:00,21,1440,2021-04-15 00:00:00,2477.11,2021-04-06 00:00:00,2021-04-22 00:00:00,1.0
ETH-USD,1d,OCOI,2020-09-02 00:00:00,2020-11-24 00:00:00,83,1440,2020-09-23 00:00:00,332.81,2020-09-06 00:00:00,2020-10-31 00:00:00,0.0
ETH-USD,1d,OCO,2018-04-21 00:00:00,2018-05-18 00:00:00,27,1440,2018-05-06 00:00:00,804.22,2018-04-24 00:00:00,2018-05-14 00:00:00,1.0
ETH-USD,1h,OCO,2025-06-14 17:00:00,2025-06-17 17:00:00,72,60,2025-06-16 20:00:00,2662.04,2025-06-15 17:00:00,2025-06-17 03:00:00,0.0
ETH-USD,1h,OCO,2025-01-27 11:00:00,2025-01-29 16:00:00,53,60,2025-01-28 05:00:00,3211.86,2025-01-27 15:00:00,2025-01-29 08:00:00,1.0
ETH-USD,1h,OCO,2025-01-18 18:00:00,2025-01-20 13:00:00,43,60,2025-01-19 18:00:00,3432.84,2025-01-19 02:00:00,2025-01-20 07:00:00,1.0
ETH-USD,1h,OCOI,2025-01-10 11:00:00,2025-01-12 17:00:00,54,60,2025-01-11 08:00:00,3228.64,2025-01-10 16:00:00,2025-01-12 09:00:00,1.0
ETH-USD,1h,OCOI,2025-01-09 09:00:00,2025-01-10 18:00:00,33,60,2025-01-09 21:00:00,3204.29,2025-01-09 14:00:00,2025-01-10 16:00:00,1.0
ETH-USD,1h,OCOI,2024-10-14 23:00:00,2024-10-20 23:00:00,144,60,2024-10-15 15:00:00,2568.79,2024-10-15 12:00:00,2024-10-17 19:00:00,0.0
ETH-USD,1h,OCO,2024-07-19 09:00:00,2024-07-23 06:00:00,93,60,2024-07-22 00:00:00,3540.03,2024-07-20 18:00:00,2024-07-22 20:00:00,-1.0
ETH-USD,1h,OCOI,2024-06-18 00:00:00,2024-06-18 20:00:00,20,60,2024-06-18 13:00:00,3398.16,2024-06-17 13:00:00,2024-06-19 15:00:00,1.0
ETH-USD,1h,OCO,2024-04-14 21:00:00,2024-04-16 04:00:00,31,60,2024-04-15 10:00:00,3260.92,2024-04-15 07:00:00,2024-04-15 22:00:00,1.0
ETH-USD,1h,OCO,2024-03-25 15:00:00,2024-03-27 08:00:00,41,60,2024-03-26 09:00:00,3659.17,2024-03-25 19:00:00,2024-03-27 02:00:00,1.0
ETH-USD,1h,OCO,2024-03-15 10:00:00,2024-03-17 07:00:00,45,60,2024-03-16 01:00:00,3754.37,2024-03-15 18:00:00,2024-03-17 03:00:00,0.0
ETH-USD,1h,OCO,2024-02-20 09:00:00,2024-02-22 02:00:00,41,60,2024-02-21 00:00:00,3009.98,2024-02-20 14:00:00,2024-02-22 00:00:00,1.0
ETH-USD,1wk,OCO,2024-04-15 00:00:00,2024-08-05 00:00:00,16,10080,2024-05-27 00:00:00,3803.4,2024-04-22 00:00:00,2024-07-22 00:00:00,1.0
ETH-USD,1wk,OCO,2021-08-23 00:00:00,2022-05-02 00:00:00,36,10080,2021-11-08 00:00:00,4623.46,2021-09-06 00:00:00,2022-02-07 00:00:00,1.0
ETH-USD,4h,OCO,2025-06-13 04:00:00,2025-06-20 16:00:00,45,240,2025-06-16 16:00:00,2642.76,2025-06-14 00:00:00,2025-06-20 08:00:00,1.0
ETH-USD,4h,OCO,2025-04-12 00:00:00,2025-04-20 12:00:00,51,240,2025-04-14 08:00:00,1654.75,2025-04-12 16:00:00,2025-04-19 20:00:00,1.0
ETH-USD,4h,OCOI,2025-01-15 20:00:00,2025-01-20 08:00:00,27,240,2025-01-19 08:00:00,3208.64,2025-01-16 20:00:00,2025-01-20 00:00:00,0.0
ETH-USD,4h,OCOI,2024-11-13 12:00:00,2024-11-19 00:00:00,33,240,2024-11-15 16:00:00,3032.0,2024-11-13 20:00:00,2024-11-17 20:00:00,1.0
ETH-USD,4h,OCOI,2023-11-14 04:00:00,2023-11-22 20:00:00,52,240,2023-11-17 16:00:00,1927.69,2023-11-15 00:00:00,2023-11-22 00:00:00,1.0
LINK-USD,1d,OCO,2025-03-17 00:00:00,2025-04-03 00:00:00,17,1440,2025-03-27 00:00:00,15.38,2025-03-20 00:00:00,2025-04-01 00:00:00,1.0
LINK-USD,1d,OCO,2024-12-05 00:00:00,2024-12-28 00:00:00,23,1440,2024-12-15 00:00:00,29.17,2024-12-08 00:00:00,2024-12-24 00:00:00,1.0
LINK-USD,1d,OCO,2024-07-12 00:00:00,2024-08-01 00:00:00,20,1440,2024-07-21 00:00:00,14.54,2024-07-16 00:00:00,2024-07-27 00:00:00,1.0
LINK-USD,1d,OCO,2023-01-19 00:00:00,2023-02-06 00:00:00,18,1440,2023-01-29 00:00:00,7.3,2023-01-23 00:00:00,2023-02-04 00:00:00,1.0
LINK-USD,1d,OCOI,2022-10-05 00:00:00,2022-11-04 00:00:00,30,1440,2022-10-20 00:00:00,6.72,2022-10-15 00:00:00,2022-11-02 00:00:00,1.0
LINK-USD,1d,OCO,2022-08-28 00:00:00,2022-09-21 00:00:00,24,1440,2022-09-11 00:00:00,7.96,2022-09-05 00:00:00,2022-09-17 00:00:00,0.0
LINK-USD,1d,OCO,2022-01-28 00:00:00,2022-02-19 00:00:00,22,1440,2022-02-08 00:00:00,18.65,2022-01-31 00:00:00,2022-02-16 00:00:00,1.0
LINK-USD,1d,OCOI,2021-06-20 00:00:00,2021-07-07 00:00:00,17,1440,2021-06-26 00:00:00,16.94,2021-06-22 00:00:00,2021-07-02 00:00:00,0.0
LINK-USD,1d,OCO,2020-08-08 00:00:00,2020-09-02 00:00:00,25,1440,2020-08-16 00:00:00,18.95,2020-08-10 00:00:00,2020-08-23 00:00:00,1.0
LINK-USD,1h,OCOI,2025-05-31 21:00:00,2025-06-03 15:00:00,66,60,2025-06-02 14:00:00,13.69,2025-06-01 10:00:00,2025-06-03 09:00:00,0.0
LINK-USD,1h,OCOI,2025-04-23 12:00:00,2025-04-25 07:00:00,43,60,2025-04-24 08:00:00,14.27,2025-04-23 16:00:00,2025-04-25 02:00:00,1.0
LINK-USD,1h,OCO,2025-01-27 12:00:00,2025-01-29 14:00:00,50,60,2025-01-28 05:00:00,24.46,2025-01-27 15:00:00,2025-01-29 07:00:00,1.0
LINK-USD,1h,OCOI,2025-01-24 11:00:00,2025-01-26 05:00:00,42,60,2025-01-25 09:00:00,24.86,2025-01-25 01:00:00,2025-01-26 00:00:00,0.0
LINK-USD,1h,OCOI,2025-01-20 14:00:00,2025-01-21 14:00:00,24,60,2025-01-21 05:00:00,23.98,2025-01-20 18:00:00,2025-01-21 21:00:00,1.0
LINK-USD,1h,OCO,2025-01-18 21:00:00,2025-01-20 12:00:00,39,60,2025-01-19 18:00:00,26.47,2025-01-19 02:00:00,2025-01-20 08:00:00,1.0
LINK-USD,1h,OCO,2024-12-23 02:00:00,2024-12-23 18:00:00,16,60,2024-12-23 11:00:00,23.13,2024-12-23 04:00:00,2024-12-23 17:00:00,1.0
LINK-USD,1h,OCOI,2024-12-15 06:00:00,2024-12-16 08:00:00,26,60,2024-12-15 22:00:00,28.46,2024-12-15 13:00:00,2024-12-16 04:00:00,1.0
LINK-USD,1h,OCOI,2024-12-12 07:00:00,2024-12-13 03:00:00,20,60,2024-12-12 19:00:00,27.45,2024-12-12 13:00:00,2024-12-13 01:00:00,0.0
LINK-USD,1h,OCO,2024-12-07 11:00:00,2024-12-09 12:00:00,49,60,2024-12-08 13:00:00,27.0,2024-12-07 14:00:00,2024-12-09 05:00:00,0.0
LINK-USD,1h,OCO,2024-12-06 21:00:00,2024-12-07 09:00:00,12,60,2024-12-07 04:00:00,26.31,2024-12-06 23:00:00,2024-12-07 14:00:00,1.0
LINK-USD,1h,OCOI,2024-11-25 20:00:00,2024-11-27 03:00:00,31,60,2024-11-26 11:00:00,16.54,2024-11-26 00:00:00,2024-11-27 13:00:00,1.0
LINK-USD,1h,OCOI,2024-11-19 19:00:00,2024-11-22 12:00:00,65,60,2024-11-21 03:00:00,14.07,2024-11-20 04:00:00,2024-11-21 21:00:00,1.0
LINK-USD,1h,OCOI,2024-11-14 09:00:00,2024-11-15 20:00:00,35,60,2024-11-15 05:00:00,12.96,2024-11-14 15:00:00,2024-11-15 16:00:00,1.0
LINK-USD,1h,OCO,2024-07-20 12:00:00,2024-07-23 17:00:00,77,60,2024-07-21 22:00:00,14.9,2024-07-20 21:00:00,2024-07-23 09:00:00,0.0
LINK-USD,1h,OCO,2024-06-19 00:00:00,2024-06-21 17:00:00,65,60,2024-06-20 11:00:00,14.68,2024-06-19 07:00:00,2024-06-21 11:00:00,1.0
LINK-USD,1h,OCO,2024-05-28 17:00:00,2024-05-30 08:00:00,39,60,2024-05-29 13:00:00,19.08,2024-05-28 23:00:00,2024-05-30 02:00:00,1.0
LINK-USD,1h,OCO,2024-03-22 14:00:00,2024-03-24 17:00:00,51,60,2024-03-23 11:00:00,18.39,2024-03-22 20:00:00,2024-03-24 12:00:00,0.0
LINK-USD,1h,OCOI,2024-03-16 18:00:00,2024-03-17 16:00:00,22,60,2024-03-17 07:00:00,17.74,2024-03-17 01:00:00,2024-03-17 13:00:00,1.0
LINK-USD,1h,OCOI,2024-03-15 03:00:00,2024-03-16 00:00:00,21,60,2024-03-15 09:00:00,19.18,2024-03-15 05:00:00,2024-03-15 21:00:00,1.0
LINK-USD,1h,OCO,2024-03-13 20:00:00,2024-03-14 19:00:00,23,60,2024-03-14 12:00:00,21.57,2024-03-14 02:00:00,2024-03-14 17:00:00,1.0
LINK-USD,1h,OCO,2024-03-01 16:00:00,2024-03-04 04:00:00,60,60,2024-03-02 17:00:00,21.46,2024-03-02 07:00:00,2024-03-03 16:00:00,0.0
LINK-USD,1h,OCO,2024-02-17 16:00:00,2024-02-20 02:00:00,58,60,2024-02-18 22:00:00,20.22,2024-02-17 22:00:00,2024-02-19 19:00:00,1.0
LINK-USD,1h,OCO,2024-01-23 20:00:00,2024-01-25 03:00:00,31,60,2024-01-24 11:00:00,14.32,2024-01-23 16:00:00,2024-01-25 00:00:00,1.0
LINK-USD,1h,OCO,2023-12-31 23:00:00,2024-01-03 14:00:00,63,60,2024-01-02 09:00:00,15.99,2024-01-01 01:00:00,2024-01-03 06:00:00,0.0
LINK-USD,1h,OCO,2023-12-25 00:00:00,2023-12-26 18:00:00,42,60,2023-12-26 04:00:00,15.74,2023-12-25 05:00:00,2023-12-26 12:00:00,0.0
LINK-USD,1h,OCO,2023-12-05 11:00:00,2023-12-06 23:00:00,36,60,2023-12-06 01:00:00,16.01,2023-12-05 18:00:00,2023-12-06 09:00:00,0.0
LINK-USD,1h,OCO,2023-11-07 16:00:00,2023-11-10 06:00:00,62,60,2023-11-09 14:00:00,15.68,2023-11-08 23:00:00,2023-11-09 23:00:00,0.0
LINK-USD,1wk,OCO,2024-01-29 00:00:00,2024-04-08 00:00:00,10,10080,2024-03-04 00:00:00,21.13,2024-02-12 00:00:00,2024-03-25 00:00:00,1.0
LINK-USD,1wk,OCO,2023-11-06 00:00:00,2024-01-08 00:00:00,9,10080,2023-12-04 00:00:00,16.04,2023-11-13 00:00:00,2023-12-25 00:00:00,1.0
LINK-USD,1wk,OCOI,2018-02-19 00:00:00,2019-07-01 00:00:00,71,10080,2018-07-16 00:00:00,0.2,2018-04-02 00:00:00,2018-12-10 00:00:00,0.0
LINK-USD,4h,OCOI,2025-06-16 16:00:00,2025-06-26 04:00:00,57,240,2025-06-22 16:00:00,11.34,2025-06-18 16:00:00,2025-06-25 16:00:00,0.0
LINK-USD,4h,OCOI,2025-03-26 08:00:00,2025-04-02 16:00:00,44,240,2025-03-31 08:00:00,13.21,2025-03-26 20:00:00,2025-04-02 08:00:00,0.0
LINK-USD,4h,OCOI,2025-01-31 12:00:00,2025-02-04 16:00:00,25,240,2025-02-03 04:00:00,18.55,2025-01-31 20:00:00,2025-02-04 08:00:00,0.0
LINK-USD,4h,OCO,2025-01-20 00:00:00,2025-01-25 08:00:00,32,240,2025-01-21 20:00:00,26.62,2025-01-20 08:00:00,2025-01-24 12:00:00,1.0
LINK-USD,4h,OCO,2024-12-02 20:00:00,2024-12-05 20:00:00,18,240,2024-12-04 16:00:00,25.21,2024-12-03 08:00:00,2024-12-05 12:00:00,1.0
LINK-USD,4h,OCO,2024-11-23 20:00:00,2024-11-28 16:00:00,29,240,2024-11-25 12:00:00,18.65,2024-11-24 04:00:00,2024-11-27 20:00:00,0.0
LINK-USD,4h,OCO,2024-11-10 00:00:00,2024-11-13 20:00:00,23,240,2024-11-12 00:00:00,14.83,2024-11-10 12:00:00,2024-11-13 12:00:00,1.0
LINK-USD,4h,OCO,2024-09-24 20:00:00,2024-10-01 16:00:00,41,240,2024-09-28 20:00:00,12.93,2024-09-25 12:00:00,2024-10-01 08:00:00,1.0
LINK-USD,4h,OCOI,2024-08-31 08:00:00,2024-09-14 00:00:00,82,240,2024-09-06 20:00:00,9.55,2024-09-02 00:00:00,2024-09-11 12:00:00,0.0
LINK-USD,4h,OCO,2024-08-12 00:00:00,2024-08-19 12:00:00,45,240,2024-08-14 08:00:00,10.62,2024-08-12 12:00:00,2024-08-18 16:00:00,0.0
LINK-USD,4h,OCOI,2024-07-29 08:00:00,2024-08-09 00:00:00,64,240,2024-08-05 08:00:00,8.78,2024-08-01 16:00:00,2024-08-07 20:00:00,0.0
LINK-USD,4h,OCOI,2024-02-21 00:00:00,2024-02-26 16:00:00,34,240,2024-02-23 12:00:00,17.91,2024-02-21 16:00:00,2024-02-26 08:00:00,1.0
LINK-USD,4h,OCO,2024-01-08 00:00:00,2024-01-14 20:00:00,41,240,2024-01-11 12:00:00,15.16,2024-01-08 20:00:00,2024-01-14 12:00:00,0.0
LINK-USD,4h,OCOI,2024-01-03 08:00:00,2024-01-10 20:00:00,45,240,2024-01-08 00:00:00,12.99,2024-01-03 16:00:00,2024-01-09 16:00:00,1.0
LINK-USD,4h,OCO,2023-12-11 16:00:00,2023-12-19 20:00:00,49,240,2023-12-14 20:00:00,15.36,2023-12-12 04:00:00,2023-12-19 00:00:00,1.0
LINK-USD,4h,OCOI,2023-11-08 20:00:00,2023-11-11 16:00:00,17,240,2023-11-10 04:00:00,14.39,2023-11-09 04:00:00,2023-11-11 08:00:00,1.0
LINK-USD,4h,OCO,2023-07-16 20:00:00,2023-08-01 04:00:00,92,240,2023-07-21 00:00:00,8.32,2023-07-18 00:00:00,2023-07-27 12:00:00,0.0
LTC-USD,1d,OCO,2024-11-20 00:00:00,2024-12-19 00:00:00,29,1440,2024-12-06 00:00:00,135.76,2024-11-24 00:00:00,2024-12-13 00:00:00,1.0
LTC-USD,1d,OCOI,2024-10-20 00:00:00,2024-11-15 00:00:00,26,1440,2024-11-05 00:00:00,65.47,2024-10-26 00:00:00,2024-11-13 00:00:00,1.0
LTC-USD,1d,OCO,2024-10-02 00:00:00,2024-11-05 00:00:00,34,1440,2024-10-20 00:00:00,74.59,2024-10-06 00:00:00,2024-10-30 00:00:00,1.0
LTC-USD,1d,OCOI,2024-01-13 00:00:00,2024-02-19 00:00:00,37,1440,2024-01-24 00:00:00,65.79,2024-01-18 00:00:00,2024-02-14 00:00:00,1.0
LTC-USD,1d,OCO,2022-10-02 00:00:00,2022-11-14 00:00:00,43,1440,2022-11-06 00:00:00,68.9,2022-10-05 00:00:00,2022-11-11 00:00:00,0.0
LTC-USD,1d,OCO,2022-08-31 00:00:00,2022-09-20 00:00:00,20,1440,2022-09-11 00:00:00,62.84,2022-09-05 00:00:00,2022-09-24 00:00:00,1.0
LTC-USD,1d,OCO,2022-06-18 00:00:00,2022-07-12 00:00:00,24,1440,2022-06-26 00:00:00,57.92,2022-06-15 00:00:00,2022-07-10 00:00:00,1.0
LTC-USD,1d,OCO,2021-12-14 00:00:00,2022-01-06 00:00:00,23,1440,2021-12-24 00:00:00,162.44,2021-12-16 00:00:00,2022-01-02 00:00:00,1.0
LTC-USD,1d,OCO,2021-08-18 00:00:00,2021-09-20 00:00:00,33,1440,2021-09-06 00:00:00,225.43,2021-08-28 00:00:00,2021-09-16 00:00:00,1.0
LTC-USD,1d,OCOI,2021-06-30 00:00:00,2021-08-07 00:00:00,38,1440,2021-07-20 00:00:00,110.28,2021-07-02 00:00:00,2021-08-03 00:00:00,1.0
LTC-USD,1d,OCO,2020-04-15 00:00:00,2020-05-26 00:00:00,41,1440,2020-05-03 00:00:00,48.86,2020-04-18 00:00:00,2020-05-19 00:00:00,-1.0
LTC-USD,1d,OCO,2019-07-24 00:00:00,2019-08-09 00:00:00,16,1440,2019-08-01 00:00:00,98.84,2019-07-25 00:00:00,2019-08-12 00:00:00,1.0
LTC-USD,1d,OCOI,2018-11-21 00:00:00,2019-01-04 00:00:00,44,1440,2018-12-14 00:00:00,23.57,2018-11-25 00:00:00,2018-12-27 00:00:00,1.0
LTC-USD,1d,OCOI,2018-06-19 00:00:00,2018-07-25 00:00:00,36,1440,2018-07-14 00:00:00,76.83,2018-06-29 00:00:00,2018-07-23 00:00:00,0.0
LTC-USD,1d,OCOI,2018-02-17 00:00:00,2018-03-03 00:00:00,14,1440,2018-02-23 00:00:00,202.31,2018-02-19 00:00:00,2018-03-01 00:00:00,1.0
LTC-USD,1h,OCO,2025-05-28 07:00:00,2025-05-31 02:00:00,67,60,2025-05-29 10:00:00,97.61,2025-05-28 12:00:00,2025-05-30 19:00:00,0.0
LTC-USD,1h,OCO,2025-05-13 03:00:00,2025-05-15 07:00:00,52,60,2025-05-14 07:00:00,104.44,2025-05-13 07:00:00,2025-05-15 00:00:00,0.0
LTC-USD,1h,OCO,2025-05-11 16:00:00,2025-05-13 15:00:00,47,60,2025-05-13 00:00:00,103.23,2025-05-12 13:00:00,2025-05-13 07:00:00,0.0
LTC-USD,1h,OCOI,2025-04-29 07:00:00,2025-05-02 03:00:00,68,60,2025-04-30 14:00:00,82.54,2025-04-29 15:00:00,2025-05-01 23:00:00,0.0
LTC-USD,1h,OCO,2025-04-27 06:00:00,2025-04-29 15:00:00,57,60,2025-04-28 08:00:00,87.37,2025-04-27 14:00:00,2025-04-29 07:00:00,1.0
LTC-USD,1h,OCOI,2025-04-02 21:00:00,2025-04-04 18:00:00,45,60,2025-04-03 13:00:00,81.24,2025-04-02 23:00:00,2025-04-04 11:00:00,1.0
LTC-USD,1h,OCOI,2025-02-27 15:00:00,2025-03-01 04:00:00,37,60,2025-02-28 07:00:00,116.35,2025-02-27 20:00:00,2025-03-01 01:00:00,1.0
LTC-USD,1h,OCOI,2025-02-26 11:00:00,2025-02-27 07:00:00,20,60,2025-02-26 19:00:00,121.81,2025-02-26 13:00:00,2025-02-27 04:00:00,1.0
LTC-USD,1h,OCO,2025-02-14 23:00:00,2025-02-17 04:00:00,53,60,2025-02-16 05:00:00,136.05,2025-02-15 15:00:00,2025-02-17 01:00:00,0.0
LTC-USD,1h,OCOI,2025-02-05 20:00:00,2025-02-08 01:00:00,53,60,2025-02-06 19:00:00,100.3,2025-02-05 23:00:00,2025-02-07 21:00:00,1.0
LTC-USD,1h,OCO,2025-02-03 06:00:00,2025-02-04 22:00:00,40,60,2025-02-03 22:00:00,108.03,2025-02-03 11:00:00,2025-02-04 15:00:00,1.0
LTC-USD,1h,OCO,2025-01-30 20:00:00,2025-02-01 08:00:00,36,60,2025-01-31 11:00:00,132.59,2025-01-30 23:00:00,2025-02-01 06:00:00,1.0
LTC-USD,1h,OCOI,2025-01-22 11:00:00,2025-01-23 23:00:00,36,60,2025-01-23 11:00:00,111.94,2025-01-22 14:00:00,2025-01-23 19:00:00,1.0
LTC-USD,1h,OCOI,2025-01-20 14:00:00,2025-01-21 18:00:00,28,60,2025-01-21 06:00:00,114.83,2025-01-20 18:00:00,2025-01-21 15:00:00,1.0
LTC-USD,1h,OCO,2025-01-09 14:00:00,2025-01-12 10:00:00,68,60,2025-01-10 20:00:00,106.01,2025-01-09 16:00:00,2025-01-12 02:00:00,1.0
LTC-USD,1h,OCOI,2025-01-08 01:00:00,2025-01-09 16:00:00,39,60,2025-01-08 18:00:00,100.32,2025-01-08 07:00:00,2025-01-09 14:00:00,1.0
LTC-USD,1h,OCO,2024-12-28 13:00:00,2024-12-31 04:00:00,63,60,2024-12-30 12:00:00,102.15,2024-12-28 22:00:00,2024-12-30 20:00:00,-1.0
LTC-USD,1h,OCOI,2024-12-14 16:00:00,2024-12-15 23:00:00,31,60,2024-12-15 08:00:00,115.88,2024-12-14 21:00:00,2024-12-15 22:00:00,1.0
LTC-USD,1h,OCOI,2024-12-03 09:00:00,2024-12-04 08:00:00,23,60,2024-12-03 14:00:00,125.51,2024-12-03 10:00:00,2024-12-04 03:00:00,-1.0
LTC-USD,1h,OCO,2024-11-26 11:00:00,2024-11-29 08:00:00,69,60,2024-11-28 01:00:00,97.95,2024-11-26 17:00:00,2024-11-29 02:00:00,0.0
LTC-USD,1h,OCOI,2024-11-10 18:00:00,2024-11-12 08:00:00,38,60,2024-11-11 06:00:00,75.21,2024-11-10 21:00:00,2024-11-12 05:00:00,0.0
LTC-USD,1h,OCOI,2024-05-21 17:00:00,2024-05-25 05:00:00,84,60,2024-05-23 20:00:00,83.54,2024-05-22 13:00:00,2024-05-24 16:00:00,0.0
LTC-USD,1h,OCOI,2024-03-27 02:00:00,2024-03-29 23:00:00,69,60,2024-03-27 19:00:00,93.7,2024-03-27 09:00:00,2024-03-28 20:00:00,0.0
LTC-USD,1h,OCOI,2024-03-16 18:00:00,2024-03-18 06:00:00,36,60,2024-03-17 07:00:00,82.97,2024-03-17 00:00:00,2024-03-18 01:00:00,1.0
LTC-USD,1h,OCOI,2024-03-15 03:00:00,2024-03-16 00:00:00,21,60,2024-03-15 09:00:00,86.92,2024-03-15 05:00:00,2024-03-15 21:00:00,1.0
LTC-USD,1h,OCO,2024-03-02 02:00:00,2024-03-04 04:00:00,50,60,2024-03-03 00:00:00,93.8,2024-03-02 04:00:00,2024-03-03 13:00:00,1.0
LTC-USD,1wk,OCO,2022-11-14 00:00:00,2023-04-03 00:00:00,20,10080,2023-02-20 00:00:00,96.41,2022-12-05 00:00:00,2023-03-27 00:00:00,0.0
LTC-USD,1wk,OCO,2019-09-30 00:00:00,2020-05-11 00:00:00,32,10080,2020-02-17 00:00:00,77.34,2019-11-11 00:00:00,2020-04-27 00:00:00,1.0
LTC-USD,4h,OCO,2025-03-23 20:00:00,2025-03-28 04:00:00,26,240,2025-03-26 08:00:00,96.0,2025-03-24 16:00:00,2025-03-27 08:00:00,1.0
LTC-USD,4h,OCOI,2025-02-14 12:00:00,2025-02-21 12:00:00,42,240,2025-02-17 20:00:00,121.63,2025-02-14 20:00:00,2025-02-20 16:00:00,1.0
LTC-USD,4h,OCO,2025-02-06 20:00:00,2025-02-13 08:00:00,39,240,2025-02-11 08:00:00,128.63,2025-02-07 12:00:00,2025-02-13 00:00:00,0.0
LTC-USD,4h,OCOI,2025-01-31 12:00:00,2025-02-05 12:00:00,30,240,2025-02-03 04:00:00,96.33,2025-01-31 20:00:00,2025-02-04 08:00:00,0.0
LTC-USD,4h,OCO,2025-01-30 08:00:00,2025-02-01 08:00:00,12,240,2025-01-31 12:00:00,131.52,2025-01-30 12:00:00,2025-02-01 00:00:00,1.0
LTC-USD,4h,OCOI,2024-12-02 20:00:00,2024-12-05 00:00:00,13,240,2024-12-03 16:00:00,127.27,2024-12-03 04:00:00,2024-12-04 16:00:00,1.0
LTC-USD,4h,OCOI,2024-11-24 04:00:00,2024-11-29 12:00:00,32,240,2024-11-26 16:00:00,90.49,2024-11-24 16:00:00,2024-11-28 12:00:00,1.0
LTC-USD,4h,OCOI,2024-03-29 20:00:00,2024-04-04 08:00:00,33,240,2024-04-02 04:00:00,97.41,2024-03-30 16:00:00,2024-04-03 20:00:00,1.0
LTC-USD,4h,OCOI,2023-10-24 12:00:00,2023-11-02 00:00:00,51,240,2023-10-27 20:00:00,66.79,2023-10-25 08:00:00,2023-11-01 12:00:00,-1.0
MATIC-USD,1d,OCO,2024-11-20 00:00:00,2024-12-22 00:00:00,32,1440,2024-12-07 00:00:00,0.71,2024-11-24 00:00:00,2024-12-12 00:00:00,1.0
MATIC-USD,1d,OCOI,2024-06-16 00:00:00,2024-07-21 00:00:00,35,1440,2024-07-05 00:00:00,0.48,2024-06-29 00:00:00,2024-07-19 00:00:00,0.0
MATIC-USD,1d,OCO,2023-03-09 00:00:00,2023-04-03 00:00:00,25,1440,2023-03-18 00:00:00,1.2,2023-03-14 00:00:00,2023-04-01 00:00:00,-1.0
MATIC-USD,1d,OCOI,2021-05-27 00:00:00,2021-06-20 00:00:00,24,1440,2021-06-12 00:00:00,1.3,2021-05-29 00:00:00,2021-06-19 00:00:00,0.0
MATIC-USD,1h,OCOI,2025-01-09 12:00:00,2025-01-10 18:00:00,30,60,2025-01-09 21:00:00,0.45,2025-01-09 14:00:00,2025-01-10 16:00:00,1.0
MATIC-USD,1h,OCOI,2024-12-03 06:00:00,2024-12-05 12:00:00,54,60,2024-12-03 14:00:00,0.68,2024-12-03 07:00:00,2024-12-05 02:00:00,0.0
MATIC-USD,1h,OCO,2024-11-26 12:00:00,2024-11-29 08:00:00,68,60,2024-11-27 23:00:00,0.58,2024-11-26 17:00:00,2024-11-29 02:00:00,0.0
MATIC-USD,1h,OCO,2024-04-14 21:00:00,2024-04-16 04:00:00,31,60,2024-04-15 10:00:00,0.75,2024-04-14 23:00:00,2024-04-15 22:00:00,1.0
MATIC-USD,1h,OCO,2024-03-26 17:00:00,2024-03-29 08:00:00,63,60,2024-03-27 13:00:00,1.06,2024-03-27 02:00:00,2024-03-28 08:00:00,0.0
MATIC-USD,1h,OCOI,2024-03-22 07:00:00,2024-03-23 15:00:00,32,60,2024-03-22 22:00:00,0.96,2024-03-22 14:00:00,2024-03-23 04:00:00,0.0
MATIC-USD,1h,OCOI,2024-03-10 14:00:00,2024-03-11 21:00:00,31,60,2024-03-11 01:00:00,1.19,2024-03-10 16:00:00,2024-03-11 14:00:00,1.0
MATIC-USD,1h,OCOI,2024-02-29 17:00:00,2024-03-02 00:00:00,31,60,2024-02-29 23:00:00,1.0,2024-02-29 18:00:00,2024-03-01 16:00:00,1.0
MATIC-USD,1h,OCO,2024-02-09 04:00:00,2024-02-11 20:00:00,64,60,2024-02-10 04:00:00,0.86,2024-02-08 21:00:00,2024-02-11 06:00:00,1.0
MATIC-USD,1h,OCO,2023-12-26 21:00:00,2023-12-28 18:00:00,45,60,2023-12-27 13:00:00,1.07,2023-12-27 01:00:00,2023-12-28 11:00:00,1.0
MATIC-USD,1h,OCO,2023-12-23 04:00:00,2023-12-25 10:00:00,54,60,2023-12-24 19:00:00,0.88,2023-12-24 03:00:00,2023-12-25 06:00:00,0.0
MATIC-USD,1h,OCO,2023-12-21 15:00:00,2023-12-24 11:00:00,68,60,2023-12-22 23:00:00,0.87,2023-12-22 05:00:00,2023-12-24 03:00:00,0.0
MATIC-USD,1h,OCO,2023-11-01 06:00:00,2023-11-03 11:00:00,53,60,2023-11-02 03:00:00,0.68,2023-11-01 13:00:00,2023-11-03 07:00:00,0.0
MATIC-USD,1h,OCO,2023-10-25 08:00:00,2023-10-27 02:00:00,42,60,2023-10-26 08:00:00,0.65,2023-10-25 15:00:00,2023-10-26 23:00:00,1.0
MATIC-USD,1h,OCO,2023-07-17 00:00:00,2023-07-18 07:00:00,31,60,2023-07-17 14:00:00,0.78,2023-07-17 04:00:00,2023-07-17 22:00:00,1.0
MATIC-USD,4h,OCO,2025-02-26 20:00:00,2025-03-08 00:00:00,55,240,2025-03-02 20:00:00,0.3,2025-02-27 08:00:00,2025-03-06 08:00:00,1.0
MATIC-USD,4h,OCO,2024-12-21 20:00:00,2024-12-28 08:00:00,39,240,2024-12-24 16:00:00,0.53,2024-12-22 12:00:00,2024-12-27 12:00:00,1.0
MATIC-USD,4h,OCOI,2024-12-12 04:00:00,2024-12-22 12:00:00,62,240,2024-12-20 12:00:00,0.44,2024-12-15 04:00:00,2024-12-21 20:00:00,0.0
MATIC-USD,4h,OCO,2024-11-04 20:00:00,2024-11-15 00:00:00,61,240,2024-11-12 04:00:00,0.42,2024-11-08 20:00:00,2024-11-13 16:00:00,0.0
MATIC-USD,4h,OCOI,2024-07-22 00:00:00,2024-07-31 08:00:00,56,240,2024-07-25 20:00:00,0.49,2024-07-23 04:00:00,2024-07-30 20:00:00,0.0
MATIC-USD,4h,OCO,2023-12-25 00:00:00,2024-01-01 04:00:00,43,240,2023-12-27 12:00:00,1.06,2023-12-26 00:00:00,2023-12-31 16:00:00,0.0
MATIC-USD,4h,OCOI,2023-07-14 08:00:00,2023-07-22 00:00:00,46,240,2023-07-18 20:00:00,0.74,2023-07-14 20:00:00,2023-07-21 08:00:00,0.0
MATIC-USD,4h,OCOI,2023-07-04 00:00:00,2023-07-11 04:00:00,43,240,2023-07-07 08:00:00,0.67,2023-07-05 16:00:00,2023-07-10 04:00:00,-1.0
MATIC-USD,4h,OCO,2023-06-28 20:00:00,2023-07-07 08:00:00,51,240,2023-07-04 00:00:00,0.72,2023-06-30 08:00:00,2023-07-06 08:00:00,-1.0
SHIB-USD,1d,OCOI,2025-03-26 00:00:00,2025-04-24 00:00:00,29,1440,2025-04-07 00:00:00,0.0,2025-03-31 00:00:00,2025-04-17 00:00:00,-1.0
SHIB-USD,1d,OCO,2024-08-11 00:00:00,2024-09-11 00:00:00,31,1440,2024-08-24 00:00:00,0.0,2024-08-13 00:00:00,2024-09-10 00:00:00,-1.0
SHIB-USD,1d,OCO,2023-02-10 00:00:00,2023-03-10 00:00:00,28,1440,2023-02-15 00:00:00,0.0,2023-02-11 00:00:00,2023-02-27 00:00:00,-1.0
SHIB-USD,1d,OCOI,2022-09-11 00:00:00,2022-11-01 00:00:00,51,1440,2022-10-18 00:00:00,0.0,2022-09-21 00:00:00,2022-10-31 00:00:00,-1.0
SHIB-USD,1h,OCOI,2025-05-18 18:00:00,2025-05-21 03:00:00,57,60,2025-05-19 12:00:00,0.0,2025-05-18 20:00:00,2025-05-20 13:00:00,1.0
SHIB-USD,1h,OCOI,2025-04-02 22:00:00,2025-04-05 01:00:00,51,60,2025-04-03 12:00:00,0.0,2025-04-02 23:00:00,2025-04-04 11:00:00,1.0
SHIB-USD,1h,OCO,2025-01-11 08:00:00,2025-01-12 22:00:00,38,60,2025-01-11 22:00:00,0.0,2025-01-11 10:00:00,2025-01-12 17:00:00,1.0
SHIB-USD,1h,OCOI,2025-01-04 14:00:00,2025-01-06 16:00:00,50,60,2025-01-05 17:00:00,0.0,2025-01-04 16:00:00,2025-01-06 09:00:00,0.0
SHIB-USD,1h,OCO,2024-12-03 14:00:00,2024-12-04 17:00:00,27,60,2024-12-04 08:00:00,0.0,2024-12-04 01:00:00,2024-12-04 15:00:00,0.0
SHIB-USD,1h,OCOI,2024-11-22 05:00:00,2024-11-22 21:00:00,16,60,2024-11-22 14:00:00,0.0,2024-11-22 07:00:00,2024-11-22 19:00:00,1.0
SHIB-USD,1h,OCO,2024-11-17 11:00:00,2024-11-18 20:00:00,33,60,2024-11-18 08:00:00,0.0,2024-11-17 16:00:00,2024-11-18 16:00:00,1.0
SHIB-USD,1h,OCO,2024-11-06 08:00:00,2024-11-08 17:00:00,57,60,2024-11-07 02:00:00,0.0,2024-11-06 12:00:00,2024-11-08 00:00:00,1.0
SHIB-USD,1h,OCO,2024-10-29 10:00:00,2024-10-30 09:00:00,23,60,2024-10-29 17:00:00,0.0,2024-10-29 11:00:00,2024-10-30 01:00:00,1.0
SHIB-USD,1h,OCOI,2024-07-17 04:00:00,2024-07-19 20:00:00,64,60,2024-07-18 19:00:00,0.0,2024-07-18 12:00:00,2024-07-19 09:00:00,0.0
SHIB-USD,1h,OCO,2024-07-14 20:00:00,2024-07-16 22:00:00,50,60,2024-07-16 03:00:00,0.0,2024-07-15 07:00:00,2024-07-16 16:00:00,0.0
SHIB-USD,1h,OCO,2024-07-05 09:00:00,2024-07-08 01:00:00,64,60,2024-07-06 23:00:00,0.0,2024-07-06 00:00:00,2024-07-07 17:00:00,0.0
SHIB-USD,1h,OCOI,2024-05-27 10:00:00,2024-05-28 15:00:00,29,60,2024-05-28 08:00:00,0.0,2024-05-27 11:00:00,2024-05-28 14:00:00,1.0
SHIB-USD,1h,OCOI,2024-05-21 00:00:00,2024-05-22 08:00:00,32,60,2024-05-21 20:00:00,0.0,2024-05-21 02:00:00,2024-05-22 05:00:00,1.0
SHIB-USD,1h,OCO,2024-05-08 22:00:00,2024-05-12 20:00:00,94,60,2024-05-09 23:00:00,0.0,2024-05-09 06:00:00,2024-05-11 18:00:00,1.0
SHIB-USD,1h,OCOI,2024-05-08 05:00:00,2024-05-09 17:00:00,36,60,2024-05-08 22:00:00,0.0,2024-05-08 12:00:00,2024-05-09 11:00:00,1.0
SHIB-USD,1h,OCOI,2024-05-01 19:00:00,2024-05-03 03:00:00,32,60,2024-05-02 06:00:00,0.0,2024-05-01 20:00:00,2024-05-03 00:00:00,0.0
SHIB-USD,1h,OCO,2024-04-23 04:00:00,2024-04-24 13:00:00,33,60,2024-04-23 16:00:00,0.0,2024-04-23 09:00:00,2024-04-24 05:00:00,1.0
SHIB-USD,1h,OCO,2024-04-14 21:00:00,2024-04-16 05:00:00,32,60,2024-04-15 07:00:00,0.0,2024-04-14 23:00:00,2024-04-15 23:00:00,-1.0
SHIB-USD,1h,OCOI,2024-04-08 10:00:00,2024-04-11 08:00:00,70,60,2024-04-10 13:00:00,0.0,2024-04-10 03:00:00,2024-04-11 05:00:00,0.0
SHIB-USD,1h,OCOI,2024-03-30 01:00:00,2024-03-31 20:00:00,43,60,2024-03-30 22:00:00,0.0,2024-03-30 08:00:00,2024-03-31 14:00:00,1.0
SHIB-USD,1h,OCOI,2024-03-27 06:00:00,2024-03-28 08:00:00,26,60,2024-03-27 19:00:00,0.0,2024-03-27 08:00:00,2024-03-28 03:00:00,1.0
SHIB-USD,1h,OCO,2024-03-15 16:00:00,2024-03-16 19:00:00,27,60,2024-03-16 00:00:00,0.0,2024-03-15 19:00:00,2024-03-16 16:00:00,0.0
SHIB-USD,1wk,OCOI,2021-05-31 00:00:00,2021-09-20 00:00:00,16,10080,2021-07-26 00:00:00,0.0,2021-06-14 00:00:00,2021-09-06 00:00:00,1.0
SHIB-USD,4h,OCOI,2025-03-26 08:00:00,2025-04-02 16:00:00,44,240,2025-03-31 08:00:00,0.0,2025-03-26 20:00:00,2025-04-02 08:00:00,0.0
SHIB-USD,4h,OCO,2025-03-11 00:00:00,2025-03-22 00:00:00,66,240,2025-03-17 04:00:00,0.0,2025-03-13 00:00:00,2025-03-21 00:00:00,1.0
SHIB-USD,4h,OCOI,2025-01-21 20:00:00,2025-01-31 12:00:00,58,240,2025-01-27 08:00:00,0.0,2025-01-23 20:00:00,2025-01-29 00:00:00,0.0
SHIB-USD,4h,OCOI,2024-12-21 08:00:00,2024-12-25 00:00:00,22,240,2024-12-22 20:00:00,0.0,2024-12-22 04:00:00,2024-12-23 12:00:00,0.0
SHIB-USD,4h,OCOI,2024-10-01 08:00:00,2024-10-07 04:00:00,35,240,2024-10-03 16:00:00,0.0,2024-10-01 20:00:00,2024-10-06 04:00:00,0.0
SHIB-USD,4h,OCO,2023-12-22 08:00:00,2023-12-26 20:00:00,27,240,2023-12-24 00:00:00,0.0,2023-12-22 20:00:00,2023-12-25 20:00:00,1.0
SHIB-USD,4h,OCO,2023-12-13 04:00:00,2023-12-20 00:00:00,41,240,2023-12-17 00:00:00,0.0,2023-12-14 08:00:00,2023-12-19 04:00:00,1.0
SHIB-USD,4h,OCO,2023-07-30 20:00:00,2023-08-09 20:00:00,60,240,2023-08-05 20:00:00,0.0,2023-07-31 12:00:00,2023-08-09 08:00:00,0.0
SOL-USD,1d,OCOI,2025-05-19 00:00:00,2025-06-16 00:00:00,28,1440,2025-06-06 00:00:00,146.23,2025-05-20 00:00:00,2025-06-14 00:00:00,0.0
SOL-USD,1d,OCOI,2024-06-05 00:00:00,2024-07-02 00:00:00,27,1440,2024-06-24 00:00:00,130.42,2024-06-15 00:00:00,2024-06-29 00:00:00,0.0
SOL-USD,1d,OCOI,2024-03-18 00:00:00,2024-03-31 00:00:00,13,1440,2024-03-23 00:00:00,173.63,2024-03-20 00:00:00,2024-03-28 00:00:00,0.0
SOL-USD,1d,OCO,2023-01-24 00:00:00,2023-03-28 00:00:00,63,1440,2023-02-21 00:00:00,25.56,2023-01-29 00:00:00,2023-03-14 00:00:00,1.0
SOL-USD,1d,OCOI,2022-10-09 00:00:00,2022-11-04 00:00:00,26,1440,2022-10-22 00:00:00,28.06,2022-10-02 00:00:00,2022-11-03 00:00:00,1.0
SOL-USD,1d,OCO,2022-07-02 00:00:00,2022-08-04 00:00:00,33,1440,2022-07-19 00:00:00,44.32,2022-07-08 00:00:00,2022-07-31 00:00:00,1.0
SOL-USD,1d,OCOI,2021-05-18 00:00:00,2021-06-09 00:00:00,22,1440,2021-05-24 00:00:00,27.99,2021-05-20 00:00:00,2021-05-30 00:00:00,0.0
SOL-USD,1d,OCO,2021-05-07 00:00:00,2021-05-22 00:00:00,15,1440,2021-05-18 00:00:00,51.39,2021-05-09 00:00:00,2021-05-21 00:00:00,1.0
SOL-USD,1h,OCOI,2025-06-21 20:00:00,2025-06-23 18:00:00,46,60,2025-06-22 16:00:00,129.11,2025-06-21 22:00:00,2025-06-23 16:00:00,1.0
SOL-USD,1h,OCOI,2025-05-05 06:00:00,2025-05-07 09:00:00,51,60,2025-05-06 14:00:00,142.37,2025-05-05 15:00:00,2025-05-07 06:00:00,1.0
SOL-USD,1h,OCOI,2025-04-08 15:00:00,2025-04-09 16:00:00,25,60,2025-04-09 03:00:00,103.48,2025-04-08 09:00:00,2025-04-09 12:00:00,1.0
SOL-USD,1h,OCO,2025-02-09 23:00:00,2025-02-11 14:00:00,39,60,2025-02-10 14:00:00,206.8,2025-02-10 00:00:00,2025-02-11 06:00:00,1.0
SOL-USD,1h,OCOI,2025-02-06 15:00:00,2025-02-07 09:00:00,18,60,2025-02-07 00:00:00,189.99,2025-02-06 19:00:00,2025-02-07 07:00:00,1.0
SOL-USD,1h,OCOI,2025-01-12 16:00:00,2025-01-15 08:00:00,64,60,2025-01-13 12:00:00,175.36,2025-01-12 22:00:00,2025-01-14 17:00:00,1.0
SOL-USD,1h,OCOI,2025-01-10 10:00:00,2025-01-12 16:00:00,54,60,2025-01-11 10:00:00,185.02,2025-01-10 16:00:00,2025-01-12 09:00:00,1.0
SOL-USD,1h,OCOI,2025-01-09 10:00:00,2025-01-10 18:00:00,32,60,2025-01-09 21:00:00,185.21,2025-01-09 14:00:00,2025-01-10 16:00:00,1.0
SOL-USD,1h,OCO,2024-12-24 14:00:00,2024-12-26 05:00:00,39,60,2024-12-25 03:00:00,200.66,2024-12-24 16:00:00,2024-12-25 19:00:00,1.0
SOL-USD,1h,OCO,2024-12-17 01:00:00,2024-12-19 02:00:00,49,60,2024-12-17 18:00:00,227.49,2024-12-17 13:00:00,2024-12-18 11:00:00,0.0
SOL-USD,1h,OCOI,2024-12-16 01:00:00,2024-12-17 18:00:00,41,60,2024-12-17 01:00:00,213.76,2024-12-16 12:00:00,2024-12-17 15:00:00,0.0
SOL-USD,1h,OCOI,2024-11-14 12:00:00,2024-11-15 22:00:00,34,60,2024-11-15 05:00:00,207.2,2024-11-14 15:00:00,2024-11-15 16:00:00,1.0
SOL-USD,1h,OCOI,2024-11-04 03:00:00,2024-11-06 00:00:00,45,60,2024-11-04 21:00:00,156.7,2024-11-04 08:00:00,2024-11-05 20:00:00,1.0
SOL-USD,1h,OCOI,2024-11-03 01:00:00,2024-11-04 12:00:00,35,60,2024-11-03 15:00:00,159.58,2024-11-03 03:00:00,2024-11-04 08:00:00,1.0
SOL-USD,1h,OCO,2024-10-21 14:00:00,2024-10-23 17:00:00,51,60,2024-10-22 15:00:00,169.06,2024-10-22 06:00:00,2024-10-23 14:00:00,-1.0
SOL-USD,1h,OCO,2024-07-25 13:00:00,2024-07-28 06:00:00,65,60,2024-07-27 13:00:00,186.91,2024-07-25 15:00:00,2024-07-27 22:00:00,0.0
SOL-USD,1h,OCO,2024-07-23 13:00:00,2024-07-25 19:00:00,54,60,2024-07-24 17:00:00,180.73,2024-07-23 15:00:00,2024-07-25 15:00:00,1.0
SOL-USD,1h,OCO,2024-07-09 15:00:00,2024-07-11 15:00:00,48,60,2024-07-10 07:00:00,144.59,2024-07-09 21:00:00,2024-07-11 12:00:00,1.0
SOL-USD,1h,OCO,2024-06-18 02:00:00,2024-06-20 16:00:00,62,60,2024-06-19 06:00:00,140.9,2024-06-18 09:00:00,2024-06-20 11:00:00,1.0
SOL-USD,1h,OCO,2024-04-16 05:00:00,2024-04-18 00:00:00,43,60,2024-04-17 05:00:00,141.01,2024-04-16 08:00:00,2024-04-17 19:00:00,1.0
SOL-USD,1h,OCO,2024-04-06 13:00:00,2024-04-10 03:00:00,86,60,2024-04-08 09:00:00,183.36,2024-04-07 14:00:00,2024-04-09 18:00:00,0.0
SOL-USD,1h,OCO,2024-03-28 12:00:00,2024-03-29 16:00:00,28,60,2024-03-28 23:00:00,189.69,2024-03-28 15:00:00,2024-03-29 14:00:00,1.0
SOL-USD,1h,OCO,2024-03-25 12:00:00,2024-03-27 08:00:00,44,60,2024-03-26 10:00:00,195.53,2024-03-25 17:00:00,2024-03-26 22:00:00,1.0
SOL-USD,1h,OCOI,2024-03-23 14:00:00,2024-03-24 19:00:00,29,60,2024-03-24 04:00:00,172.43,2024-03-23 21:00:00,2024-03-24 17:00:00,1.0
SOL-USD,1h,OCO,2024-03-20 05:00:00,2024-03-22 14:00:00,57,60,2024-03-21 00:00:00,192.56,2024-03-20 14:00:00,2024-03-22 06:00:00,0.0
SOL-USD,1h,OCOI,2024-03-19 20:00:00,2024-03-20 19:00:00,23,60,2024-03-20 05:00:00,167.02,2024-03-19 23:00:00,2024-03-20 16:00:00,1.0
SOL-USD,1h,OCO,2024-03-03 14:00:00,2024-03-05 08:00:00,42,60,2024-03-04 09:00:00,133.22,2024-03-03 04:00:00,2024-03-05 00:00:00,1.0
SOL-USD,1h,OCO,2024-01-03 18:00:00,2024-01-06 05:00:00,59,60,2024-01-04 21:00:00,106.17,2024-01-04 05:00:00,2024-01-06 00:00:00,1.0
SOL-USD,1h,OCO,2023-12-25 01:00:00,2023-12-26 16:00:00,39,60,2023-12-25 18:00:00,123.12,2023-12-25 07:00:00,2023-12-26 13:00:00,1.0
SOL-USD,1h,OCO,2023-12-23 04:00:00,2023-12-25 09:00:00,53,60,2023-12-24 19:00:00,115.93,2023-12-24 04:00:00,2023-12-25 07:00:00,0.0
SOL-USD,1wk,OCO,2021-09-06 00:00:00,2022-01-10 00:00:00,18,10080,2021-11-08 00:00:00,244.12,2021-09-13 00:00:00,2021-12-20 00:00:00,1.0
SOL-USD,4h,OCO,2025-06-13 04:00:00,2025-06-20 16:00:00,45,240,2025-06-16 16:00:00,157.07,2025-06-14 00:00:00,2025-06-20 08:00:00,1.0
SOL-USD,4h,OCO,2025-05-09 16:00:00,2025-05-12 20:00:00,19,240,2025-05-11 00:00:00,176.77,2025-05-09 20:00:00,2025-05-12 04:00:00,1.0
SOL-USD,4h,OCO,2025-04-23 00:00:00,2025-04-28 16:00:00,34,240,2025-04-25 08:00:00,154.68,2025-04-23 12:00:00,2025-04-28 08:00:00,1.0
SOL-USD,4h,OCOI,2025-03-09 16:00:00,2025-03-12 12:00:00,17,240,2025-03-10 20:00:00,119.18,2025-03-10 00:00:00,2025-03-12 04:00:00,1.0
SOL-USD,4h,OCOI,2025-02-05 16:00:00,2025-02-09 00:00:00,20,240,2025-02-06 20:00:00,189.99,2025-02-05 20:00:00,2025-02-08 00:00:00,1.0
SOL-USD,4h,OCOI,2025-01-30 12:00:00,2025-02-04 16:00:00,31,240,2025-02-03 04:00:00,198.78,2025-01-31 04:00:00,2025-02-04 08:00:00,0.0
SOL-USD,4h,OCOI,2025-01-19 16:00:00,2025-01-24 12:00:00,29,240,2025-01-21 04:00:00,236.74,2025-01-20 00:00:00,2025-01-23 08:00:00,1.0
SOL-USD,4h,OCO,2024-09-07 00:00:00,2024-09-13 08:00:00,38,240,2024-09-10 20:00:00,136.16,2024-09-08 08:00:00,2024-09-12 20:00:00,0.0
SOL-USD,4h,OCO,2024-09-01 08:00:00,2024-09-05 20:00:00,27,240,2024-09-03 00:00:00,135.29,2024-09-01 16:00:00,2024-09-04 16:00:00,1.0
SOL-USD,4h,OCO,2024-07-17 20:00:00,2024-07-25 16:00:00,47,240,2024-07-22 00:00:00,182.77,2024-07-18 08:00:00,2024-07-24 16:00:00,0.0
SOL-USD,4h,OCO,2024-07-15 16:00:00,2024-07-18 16:00:00,18,240,2024-07-16 16:00:00,161.61,2024-07-16 00:00:00,2024-07-18 08:00:00,1.0
SOL-USD,4h,OCO,2024-05-26 16:00:00,2024-05-31 16:00:00,30,240,2024-05-29 04:00:00,171.31,2024-05-27 16:00:00,2024-05-30 16:00:00,1.0
SOL-USD,4h,OCOI,2024-05-24 04:00:00,2024-05-28 20:00:00,28,240,2024-05-26 16:00:00,162.65,2024-05-24 08:00:00,2024-05-28 04:00:00,1.0
SOL-USD,4h,OCOI,2024-04-01 12:00:00,2024-04-04 16:00:00,19,240,2024-04-02 12:00:00,178.51,2024-04-01 16:00:00,2024-04-04 04:00:00,1.0
SOL-USD,4h,OCO,2024-02-27 16:00:00,2024-03-05 04:00:00,39,240,2024-03-01 08:00:00,133.52,2024-02-29 16:00:00,2024-03-04 12:00:00,0.0
SOL-USD,4h,OCOI,2024-02-04 12:00:00,2024-02-07 20:00:00,20,240,2024-02-06 12:00:00,94.85,2024-02-05 00:00:00,2024-02-07 08:00:00,1.0
TRX-USD,1d,OCO,2025-01-14 00:00:00,2025-02-03 00:00:00,20,1440,2025-01-25 00:00:00,0.25,2025-01-18 00:00:00,2025-01-31 00:00:00,1.0
TRX-USD,1d,OCOI,2023-03-14 00:00:00,2023-05-06 00:00:00,53,1440,2023-03-23 00:00:00,0.06,2023-03-16 00:00:00,2023-04-13 00:00:00,0.0
TRX-USD,1d,OCO,2022-11-17 00:00:00,2023-01-07 00:00:00,51,1440,2022-12-15 00:00:00,0.06,2022-12-01 00:00:00,2022-12-22 00:00:00,0.0
TRX-USD,1d,OCOI,2022-01-07 00:00:00,2022-02-16 00:00:00,40,1440,2022-01-25 00:00:00,0.06,2022-01-11 00:00:00,2022-02-12 00:00:00,1.0
TRX-USD,1d,OCO,2021-04-29 00:00:00,2021-05-16 00:00:00,17,1440,2021-05-07 00:00:00,0.15,2021-05-01 00:00:00,2021-05-14 00:00:00,1.0
TRX-USD,1d,OCO,2020-01-13 00:00:00,2020-03-09 00:00:00,56,1440,2020-02-14 00:00:00,0.03,2020-01-18 00:00:00,2020-03-06 00:00:00,1.0
TRX-USD,1d,OCO,2019-10-04 00:00:00,2019-12-05 00:00:00,62,1440,2019-10-29 00:00:00,0.02,2019-10-09 00:00:00,2019-11-29 00:00:00,1.0
TRX-USD,1d,OCOI,2019-05-28 00:00:00,2019-06-29 00:00:00,32,1440,2019-06-10 00:00:00,0.03,2019-05-31 00:00:00,2019-06-28 00:00:00,1.0
TRX-USD,1d,OCO,2018-09-20 00:00:00,2018-10-30 00:00:00,40,1440,2018-10-08 00:00:00,0.03,2018-09-22 00:00:00,2018-10-16 00:00:00,1.0
TRX-USD,1d,OCO,2018-05-12 00:00:00,2018-06-13 00:00:00,32,1440,2018-05-21 00:00:00,0.08,2018-05-14 00:00:00,2018-06-03 00:00:00,-1.0
TRX-USD,1h,OCOI,2025-06-12 03:00:00,2025-06-14 03:00:00,48,60,2025-06-13 01:00:00,0.27,2025-06-12 11:00:00,2025-06-13 16:00:00,1.0
TRX-USD,1h,OCOI,2025-05-12 14:00:00,2025-05-14 19:00:00,53,60,2025-05-13 06:00:00,0.26,2025-05-12 19:00:00,2025-05-14 09:00:00,-1.0
TRX-USD,1h,OCO,2025-05-09 23:00:00,2025-05-12 06:00:00,55,60,2025-05-11 04:00:00,0.27,2025-05-10 09:00:00,2025-05-12 03:00:00,1.0
TRX-USD,1h,OCOI,2025-03-11 13:00:00,2025-03-14 01:00:00,60,60,2025-03-12 15:00:00,0.22,2025-03-11 15:00:00,2025-03-13 21:00:00,1.0
TRX-USD,1h,OCOI,2025-01-19 03:00:00,2025-01-21 18:00:00,63,60,2025-01-20 01:00:00,0.22,2025-01-19 12:00:00,2025-01-21 01:00:00,1.0
TRX-USD,1h,OCO,2025-01-16 15:00:00,2025-01-18 21:00:00,54,60,2025-01-18 03:00:00,0.25,2025-01-16 20:00:00,2025-01-18 15:00:00,-1.0
TRX-USD,1wk,OCOI,2018-08-27 00:00:00,2019-04-08 00:00:00,32,10080,2018-12-10 00:00:00,0.01,2018-09-10 00:00:00,2019-03-04 00:00:00,1.0
TRX-USD,4h,OCOI,2025-04-27 16:00:00,2025-05-03 00:00:00,32,240,2025-04-30 04:00:00,0.24,2025-04-28 00:00:00,2025-05-02 00:00:00,1.0
TRX-USD,4h,OCOI,2025-03-21 16:00:00,2025-03-29 16:00:00,48,240,2025-03-25 04:00:00,0.23,2025-03-22 12:00:00,2025-03-28 08:00:00,1.0
TRX-USD,4h,OCO,2025-03-03 20:00:00,2025-03-12 12:00:00,52,240,2025-03-08 04:00:00,0.25,2025-03-06 04:00:00,2025-03-10 12:00:00,0.0
TRX-USD,4h,OCOI,2024-12-27 12:00:00,2025-01-03 16:00:00,43,240,2024-12-31 04:00:00,0.25,2024-12-28 16:00:00,2025-01-03 08:00:00,1.0
UNI-USD,1d,OCO,2021-07-16 00:00:00,2021-08-05 00:00:00,20,1440,2021-07-28 00:00:00,0.0,2021-07-18 00:00:00,2021-08-03 00:00:00,1.0
UNI-USD,1d,OCOI,2021-06-29 00:00:00,2021-07-23 00:00:00,24,1440,2021-07-16 00:00:00,0.0,2021-07-08 00:00:00,2021-07-21 00:00:00,1.0
UNI-USD,1d,OCO,2020-03-02 00:00:00,2020-03-18 00:00:00,16,1440,2020-03-12 00:00:00,0.0,2020-03-04 00:00:00,2020-03-16 00:00:00,-1.0
UNI-USD,1h,OCOI,2024-12-02 02:00:00,2024-12-04 20:00:00,66,60,2024-12-03 13:00:00,0.0,2024-12-02 12:00:00,2024-12-04 17:00:00,1.0
UNI-USD,1h,OCOI,2024-04-15 17:00:00,2024-04-19 07:00:00,86,60,2024-04-17 16:00:00,0.0,2024-04-16 15:00:00,2024-04-19 02:00:00,1.0
UNI-USD,1h,OCO,2024-03-15 09:00:00,2024-03-17 07:00:00,46,60,2024-03-16 00:00:00,0.0,2024-03-15 19:00:00,2024-03-17 03:00:00,0.0
UNI-USD,1h,OCOI,2023-11-29 09:00:00,2023-11-30 12:00:00,27,60,2023-11-29 21:00:00,0.0,2023-11-29 11:00:00,2023-11-30 09:00:00,0.0
UNI-USD,4h,OCO,2025-02-26 20:00:00,2025-03-09 16:00:00,65,240,2025-03-02 20:00:00,0.0,2025-02-27 08:00:00,2025-03-06 04:00:00,1.0
UNI-USD,4h,OCO,2025-02-06 20:00:00,2025-02-13 16:00:00,41,240,2025-02-11 08:00:00,0.0,2025-02-07 12:00:00,2025-02-13 00:00:00,0.0
UNI-USD,4h,OCO,2025-01-18 04:00:00,2025-01-23 08:00:00,31,240,2025-01-20 08:00:00,0.0,2025-01-19 16:00:00,2025-01-21 20:00:00,1.0
UNI-USD,4h,OCOI,2024-03-16 08:00:00,2024-03-25 00:00:00,52,240,2024-03-20 00:00:00,0.0,2024-03-17 00:00:00,2024-03-23 00:00:00,1.0
XRP-USD,1d,OCO,2024-04-30 00:00:00,2024-06-25 00:00:00,56,1440,2024-05-25 00:00:00,0.54,2024-05-06 00:00:00,2024-06-18 00:00:00,1.0
XRP-USD,1d,OCO,2023-10-13 00:00:00,2023-11-28 00:00:00,46,1440,2023-11-07 00:00:00,0.7,2023-10-25 00:00:00,2023-11-25 00:00:00,0.0
XRP-USD,1d,OCO,2022-09-28 00:00:00,2022-11-03 00:00:00,36,1440,2022-10-09 00:00:00,0.53,2022-09-30 00:00:00,2022-10-29 00:00:00,1.0
XRP-USD,1d,OCO,2021-10-28 00:00:00,2021-11-23 00:00:00,26,1440,2021-11-09 00:00:00,1.27,2021-11-04 00:00:00,2021-11-20 00:00:00,1.0
XRP-USD,1d,OCO,2021-08-26 00:00:00,2021-09-14 00:00:00,19,1440,2021-09-06 00:00:00,1.35,2021-08-28 00:00:00,2021-09-12 00:00:00,1.0
XRP-USD,1h,OCO,2025-06-09 05:00:00,2025-06-10 16:00:00,35,60,2025-06-09 23:00:00,2.32,2025-06-09 12:00:00,2025-06-10 12:00:00,0.0
XRP-USD,1h,OCO,2025-05-22 07:00:00,2025-05-23 12:00:00,29,60,2025-05-23 03:00:00,2.47,2025-05-22 12:00:00,2025-05-23 10:00:00,1.0
XRP-USD,1h,OCOI,2025-05-18 16:00:00,2025-05-21 06:00:00,62,60,2025-05-19 07:00:00,2.3,2025-05-18 20:00:00,2025-05-20 14:00:00,1.0
XRP-USD,1h,OCO,2025-05-09 16:00:00,2025-05-11 16:00:00,48,60,2025-05-10 23:00:00,2.46,2025-05-09 18:00:00,2025-05-11 12:00:00,0.0
XRP-USD,1h,OCO,2025-04-14 00:00:00,2025-04-14 23:00:00,23,60,2025-04-14 12:00:00,2.15,2025-04-14 04:00:00,2025-04-14 19:00:00,1.0
XRP-USD,1h,OCO,2025-04-12 20:00:00,2025-04-13 20:00:00,24,60,2025-04-13 10:00:00,2.22,2025-04-13 00:00:00,2025-04-13 18:00:00,1.0
XRP-USD,1h,OCO,2025-04-07 13:00:00,2025-04-08 07:00:00,18,60,2025-04-07 22:00:00,1.93,2025-04-07 15:00:00,2025-04-08 02:00:00,1.0
XRP-USD,1h,OCOI,2025-04-02 22:00:00,2025-04-04 14:00:00,40,60,2025-04-03 15:00:00,1.99,2025-04-02 23:00:00,2025-04-04 11:00:00,1.0
XRP-USD,1h,OCOI,2025-03-31 00:00:00,2025-04-01 03:00:00,27,60,2025-03-31 09:00:00,2.05,2025-03-30 17:00:00,2025-04-01 01:00:00,1.0
XRP-USD,1h,OCO,2025-03-29 13:00:00,2025-03-31 01:00:00,36,60,2025-03-30 09:00:00,2.19,2025-03-29 14:00:00,2025-03-30 19:00:00,1.0
XRP-USD,1h,OCOI,2025-03-21 18:00:00,2025-03-23 23:00:00,53,60,2025-03-22 23:00:00,2.37,2025-03-21 23:00:00,2025-03-23 18:00:00,1.0
XRP-USD,1h,OCO,2025-03-06 00:00:00,2025-03-07 01:00:00,25,60,2025-03-06 11:00:00,2.62,2025-03-06 05:00:00,2025-03-06 21:00:00,0.0
XRP-USD,1h,OCOI,2025-03-04 19:00:00,2025-03-05 21:00:00,26,60,2025-03-05 06:00:00,2.44,2025-03-05 00:00:00,2025-03-05 15:00:00,1.0
XRP-USD,1h,OCO,2025-02-26 19:00:00,2025-02-27 21:00:00,26,60,2025-02-27 11:00:00,2.24,2025-02-26 22:00:00,2025-02-27 18:00:00,1.0
XRP-USD,1h,OCOI,2025-01-24 11:00:00,2025-01-26 08:00:00,45,60,2025-01-25 10:00:00,3.1,2025-01-24 23:00:00,2025-01-26 00:00:00,0.0
XRP-USD,1h,OCO,2024-12-27 16:00:00,2024-12-30 16:00:00,72,60,2024-12-28 22:00:00,2.19,2024-12-27 19:00:00,2024-12-30 02:00:00,0.0
XRP-USD,1h,OCOI,2024-12-22 10:00:00,2024-12-23 12:00:00,26,60,2024-12-23 02:00:00,2.16,2024-12-22 15:00:00,2024-12-23 07:00:00,0.0
XRP-USD,1h,OCOI,2024-12-15 17:00:00,2024-12-16 22:00:00,29,60,2024-12-16 12:00:00,2.35,2024-12-15 22:00:00,2024-12-16 19:00:00,0.0
XRP-USD,1h,OCO,2024-12-07 15:00:00,2024-12-08 15:00:00,24,60,2024-12-08 00:00:00,2.6,2024-12-07 16:00:00,2024-12-08 13:00:00,1.0
XRP-USD,1h,OCO,2024-12-03 14:00:00,2024-12-05 01:00:00,35,60,2024-12-04 10:00:00,2.64,2024-12-03 21:00:00,2024-12-04 19:00:00,0.0
XRP-USD,1h,OCO,2024-11-19 22:00:00,2024-11-21 03:00:00,29,60,2024-11-20 14:00:00,1.13,2024-11-20 00:00:00,2024-11-21 01:00:00,1.0
XRP-USD,1h,OCOI,2024-11-17 09:00:00,2024-11-18 15:00:00,30,60,2024-11-17 19:00:00,1.04,2024-11-17 11:00:00,2024-11-18 12:00:00,0.0
XRP-USD,1wk,OCOI,2022-11-07 00:00:00,2023-03-27 00:00:00,20,10080,2023-01-02 00:00:00,0.34,2022-11-14 00:00:00,2023-03-06 00:00:00,1.0
XRP-USD,4h,OCOI,2025-05-23 16:00:00,2025-05-27 16:00:00,24,240,2025-05-25 12:00:00,2.29,2025-05-24 00:00:00,2025-05-27 04:00:00,1.0
XRP-USD,4h,OCO,2025-04-20 12:00:00,2025-04-26 00:00:00,33,240,2025-04-23 08:00:00,2.25,2025-04-21 08:00:00,2025-04-24 16:00:00,0.0
XRP-USD,4h,OCO,2025-03-11 00:00:00,2025-03-18 16:00:00,46,240,2025-03-15 12:00:00,2.43,2025-03-13 12:00:00,2025-03-17 16:00:00,0.0
XRP-USD,4h,OCOI,2025-03-08 16:00:00,2025-03-15 12:00:00,41,240,2025-03-11 00:00:00,2.04,2025-03-09 20:00:00,2025-03-13 20:00:00,0.0
XRP-USD,4h,OCOI,2025-02-22 12:00:00,2025-02-27 08:00:00,29,240,2025-02-25 08:00:00,2.18,2025-02-23 16:00:00,2025-02-26 20:00:00,0.0
XRP-USD,4h,OCOI,2025-01-29 04:00:00,2025-02-04 16:00:00,39,240,2025-02-03 04:00:00,2.34,2025-01-29 16:00:00,2025-02-04 08:00:00,0.0
XRP-USD,4h,OCOI,2024-11-18 04:00:00,2024-11-21 20:00:00,22,240,2024-11-20 04:00:00,1.08,2024-11-18 20:00:00,2024-11-20 20:00:00,1.0
XRP-USD,4h,OCOI,2023-11-16 12:00:00,2023-12-04 04:00:00,106,240,2023-11-22 00:00:00,0.59,2023-11-17 16:00:00,2023-11-27 16:00:00,1.0
