ticker,intervalo,tipo_padrao,data_inicio,data_fim,duracao_em_velas,intervalo_em_minutos,data_cabeca,preco_cabeca,idx_inicio,idx_fim,data_ombro1,data_ombro2,label_humano
ADA-USD,1d,OCO,2024-12-27 00:00:00,2025-01-13 00:00:00,17,1440,2025-01-06 00:00:00,1.09,2604,2621,2024-12-28 00:00:00,2025-01-12 00:00:00,1.0
ADA-USD,1d,OCOI,2024-10-15 00:00:00,2024-11-06 00:00:00,22,1440,2024-10-26 00:00:00,0.33,2531,2558,2024-10-18 00:00:00,2024-11-05 00:00:00,1.0
ADA-USD,1d,OCO,2023-02-06 00:00:00,2023-03-16 00:00:00,38,1440,2023-02-18 00:00:00,0.41,1914,1952,2023-02-08 00:00:00,2023-03-14 00:00:00,0.0
ADA-USD,1d,OCO,2021-08-26 00:00:00,2021-09-13 00:00:00,18,1440,2021-09-03 00:00:00,2.97,1385,1400,2021-08-28 00:00:00,2021-09-09 00:00:00,1.0
ADA-USD,1d,OCO,2020-11-03 00:00:00,2020-12-24 00:00:00,51,1440,2020-11-30 00:00:00,0.17,1089,1140,2020-11-25 00:00:00,2020-12-17 00:00:00,0.0
ADA-USD,1h,OCO,2025-05-28 07:00:00,2025-05-30 17:00:00,58,60,2025-05-29 03:00:00,0.76,16833,16891,2025-05-28 12:00:00,2025-05-30 12:00:00,0.0
ADA-USD,1h,OCOI,2025-05-18 16:00:00,2025-05-21 06:00:00,62,60,2025-05-19 06:00:00,0.72,16602,16664,2025-05-18 20:00:00,2025-05-20 13:00:00,1.0
ADA-USD,1h,OCOI,2025-05-13 20:00:00,2025-05-16 06:00:00,58,60,2025-05-15 14:00:00,0.76,16486,16544,2025-05-14 03:00:00,2025-05-15 23:00:00,0.0
ADA-USD,1h,OCOI,2025-05-12 16:00:00,2025-05-14 06:00:00,38,60,2025-05-13 03:00:00,0.78,16455,16496,2025-05-12 19:00:00,2025-05-14 03:00:00,1.0
ADA-USD,1h,OCO,2025-04-27 16:00:00,2025-04-29 22:00:00,54,60,2025-04-28 08:00:00,0.72,16098,16168,2025-04-27 21:00:00,2025-04-29 17:00:00,1.0
ADA-USD,1h,OCO,2025-03-04 20:00:00,2025-03-06 01:00:00,29,60,2025-03-05 11:00:00,0.99,14806,14835,2025-03-05 02:00:00,2025-03-05 20:00:00,-1.0
ADA-USD,1h,OCO,2025-02-14 07:00:00,2025-02-15 06:00:00,23,60,2025-02-14 18:00:00,0.82,14361,14405,2025-02-14 10:00:00,2025-02-15 03:00:00,1.0
ADA-USD,1h,OCO,2025-02-04 08:00:00,2025-02-06 16:00:00,56,60,2025-02-05 14:00:00,0.77,14122,14181,2025-02-04 15:00:00,2025-02-06 07:00:00,1.0
ADA-USD,1h,OCO,2025-01-27 11:00:00,2025-01-29 14:00:00,51,60,2025-01-28 11:00:00,0.96,13933,13984,2025-01-27 15:00:00,2025-01-29 07:00:00,1.0
ADA-USD,1h,OCOI,2025-01-04 07:00:00,2025-01-05 14:00:00,31,60,2025-01-05 03:00:00,1.06,13372,13408,2025-01-04 11:00:00,2025-01-05 12:00:00,1.0
ADA-USD,1h,OCO,2024-12-07 10:00:00,2024-12-08 09:00:00,23,60,2024-12-08 00:00:00,1.21,12709,12732,2024-12-07 15:00:00,2024-12-08 07:00:00,0.0
ADA-USD,1h,OCOI,2024-11-10 18:00:00,2024-11-11 21:00:00,27,60,2024-11-11 06:00:00,0.57,12069,12096,2024-11-10 21:00:00,2024-11-11 14:00:00,1.0
ADA-USD,1h,OCOI,2024-03-27 06:00:00,2024-03-28 08:00:00,26,60,2024-03-27 16:00:00,0.64,6580,6618,2024-03-27 08:00:00,2024-03-28 03:00:00,1.0
ADA-USD,1h,OCO,2024-03-15 09:00:00,2024-03-17 07:00:00,46,60,2024-03-16 08:00:00,0.73,6300,6346,2024-03-15 19:00:00,2024-03-17 03:00:00,0.0
ADA-USD,1h,OCO,2024-02-21 19:00:00,2024-02-22 23:00:00,28,60,2024-02-22 09:00:00,0.61,5758,5813,2024-02-21 23:00:00,2024-02-23 21:00:00,1.0
ADA-USD,1h,OCOI,2024-01-30 02:00:00,2024-02-03 10:00:00,104,60,2024-02-01 13:00:00,0.49,5213,5317,2024-01-31 11:00:00,2024-02-02 14:00:00,0.0
ADA-USD,1h,OCO,2024-01-11 00:00:00,2024-01-12 16:00:00,40,60,2024-01-11 13:00:00,0.61,4744,4851,2024-01-11 04:00:00,2024-01-13 06:00:00,1.0
ADA-USD,1h,OCOI,2023-12-10 05:00:00,2023-12-12 19:00:00,62,60,2023-12-11 19:00:00,0.53,3992,4054,2023-12-10 09:00:00,2023-12-12 17:00:00,1.0
ADA-USD,1h,OCO,2023-11-10 19:00:00,2023-11-12 19:00:00,48,60,2023-11-11 17:00:00,0.39,3282,3364,2023-11-11 00:00:00,2023-11-12 08:00:00,1.0
ADA-USD,1wk,OCO,2022-05-23 00:00:00,2022-10-17 00:00:00,21,10080,2022-08-08 00:00:00,0.55,236,257,2022-06-06 00:00:00,2022-09-05 00:00:00,1.0
ADA-USD,1wk,OCO,2021-03-08 00:00:00,2021-06-21 00:00:00,15,10080,2021-05-10 00:00:00,2.04,173,188,2021-04-12 00:00:00,2021-05-31 00:00:00,1.0
ADA-USD,4h,OCO,2025-06-01 08:00:00,2025-06-05 16:00:00,26,240,2025-06-04 04:00:00,0.7,4233,4261,2025-06-01 20:00:00,2025-06-05 08:00:00,1.0
ADA-USD,4h,OCO,2025-05-09 00:00:00,2025-05-13 04:00:00,25,240,2025-05-11 00:00:00,0.83,4085,4118,2025-05-09 08:00:00,2025-05-12 08:00:00,1.0
ADA-USD,4h,OCOI,2025-04-28 08:00:00,2025-05-03 16:00:00,32,240,2025-04-30 16:00:00,0.68,4029,4061,2025-04-28 16:00:00,2025-05-02 20:00:00,1.0
ADA-USD,4h,OCOI,2025-01-30 16:00:00,2025-02-04 16:00:00,30,240,2025-02-03 04:00:00,0.69,3503,3533,2025-01-31 04:00:00,2025-02-04 08:00:00,0.0
ADA-USD,4h,OCO,2024-12-26 20:00:00,2024-12-31 04:00:00,26,240,2024-12-29 08:00:00,0.89,3294,3320,2024-12-27 12:00:00,2024-12-30 20:00:00,0.0
ADA-USD,4h,OCOI,2024-11-29 12:00:00,2024-12-03 04:00:00,22,240,2024-12-01 04:00:00,1.05,3130,3152,2024-11-29 20:00:00,2024-12-02 08:00:00,0.0
ADA-USD,4h,OCO,2024-07-13 12:00:00,2024-07-19 08:00:00,35,240,2024-07-16 00:00:00,0.45,2263,2331,2024-07-13 20:00:00,2024-07-17 08:00:00,1.0
ADA-USD,4h,OCOI,2024-05-04 16:00:00,2024-05-10 04:00:00,33,240,2024-05-08 08:00:00,0.44,1877,1910,2024-05-05 04:00:00,2024-05-09 08:00:00,1.0
ADA-USD,4h,OCOI,2024-01-03 12:00:00,2024-01-11 12:00:00,48,240,2024-01-08 04:00:00,0.48,1136,1192,2024-01-03 20:00:00,2024-01-09 16:00:00,0.0
ADA-USD,4h,OCO,2023-12-25 00:00:00,2024-01-03 08:00:00,56,240,2023-12-28 04:00:00,0.66,1087,1146,2023-12-25 20:00:00,2024-01-02 04:00:00,1.0
AVAX-USD,1d,OCOI,2025-05-11 00:00:00,2025-05-28 00:00:00,17,1440,2025-05-20 00:00:00,22.43,1693,1710,2025-05-12 00:00:00,2025-05-24 00:00:00,1.0
AVAX-USD,1d,OCO,2024-12-22 00:00:00,2025-01-20 00:00:00,29,1440,2025-01-06 00:00:00,43.59,1553,1582,2024-12-25 00:00:00,2025-01-17 00:00:00,1.0
AVAX-USD,1d,OCO,2024-11-25 00:00:00,2024-12-31 00:00:00,36,1440,2024-12-13 00:00:00,52.91,1526,1562,2024-12-08 00:00:00,2024-12-25 00:00:00,1.0
AVAX-USD,1d,OCO,2022-11-21 00:00:00,2022-12-17 00:00:00,26,1440,2022-12-05 00:00:00,13.76,791,832,2022-11-24 00:00:00,2022-12-14 00:00:00,1.0
AVAX-USD,1d,OCO,2022-07-26 00:00:00,2022-08-27 00:00:00,32,1440,2022-08-13 00:00:00,29.23,673,716,2022-07-29 00:00:00,2022-08-24 00:00:00,1.0
AVAX-USD,1d,OCOI,2022-05-17 00:00:00,2022-06-07 00:00:00,21,1440,2022-05-27 00:00:00,22.98,601,624,2022-05-21 00:00:00,2022-06-04 00:00:00,1.0
AVAX-USD,1h,OCOI,2025-04-27 14:00:00,2025-04-28 20:00:00,30,60,2025-04-28 02:00:00,21.31,15953,16032,2025-04-26 13:00:00,2025-04-28 16:00:00,1.0
AVAX-USD,1h,OCOI,2025-04-13 00:00:00,2025-04-14 18:00:00,42,60,2025-04-13 22:00:00,19.47,15639,15681,2025-04-13 14:00:00,2025-04-14 16:00:00,1.0
AVAX-USD,1h,OCO,2025-04-10 16:00:00,2025-04-13 22:00:00,78,60,2025-04-13 00:00:00,20.52,15583,15661,2025-04-11 17:00:00,2025-04-13 18:00:00,0.0
AVAX-USD,1h,OCOI,2025-01-20 14:00:00,2025-01-21 18:00:00,28,60,2025-01-21 05:00:00,34.89,13655,13689,2025-01-20 13:00:00,2025-01-21 15:00:00,1.0
AVAX-USD,1h,OCOI,2025-01-06 16:00:00,2025-01-10 10:00:00,90,60,2025-01-09 14:00:00,36.0,13327,13417,2025-01-08 07:00:00,2025-01-09 21:00:00,0.0
AVAX-USD,1h,OCOI,2025-01-04 22:00:00,2025-01-06 02:00:00,28,60,2025-01-05 10:00:00,41.65,13285,13327,2025-01-05 02:00:00,2025-01-06 01:00:00,1.0
AVAX-USD,1h,OCO,2024-12-22 15:00:00,2024-12-23 15:00:00,24,60,2024-12-23 04:00:00,37.6,12967,12991,2024-12-22 17:00:00,2024-12-23 10:00:00,1.0
AVAX-USD,1h,OCO,2024-12-15 07:00:00,2024-12-17 00:00:00,41,60,2024-12-16 01:00:00,51.36,12791,12832,2024-12-15 14:00:00,2024-12-16 19:00:00,1.0
AVAX-USD,1h,OCO,2024-12-07 17:00:00,2024-12-09 16:00:00,47,60,2024-12-08 23:00:00,54.03,12609,12663,2024-12-07 19:00:00,2024-12-09 14:00:00,0.0
AVAX-USD,1h,OCOI,2024-11-27 15:00:00,2024-11-29 11:00:00,44,60,2024-11-28 16:00:00,41.84,12367,12433,2024-11-27 17:00:00,2024-11-30 01:00:00,1.0
AVAX-USD,1h,OCO,2024-11-27 00:00:00,2024-11-27 17:00:00,17,60,2024-11-27 10:00:00,43.82,12347,12369,2024-11-27 02:00:00,2024-11-27 15:00:00,1.0
AVAX-USD,1h,OCOI,2024-11-20 15:00:00,2024-11-21 13:00:00,22,60,2024-11-21 03:00:00,32.98,12194,12244,2024-11-20 19:00:00,2024-11-21 10:00:00,1.0
AVAX-USD,1h,OCO,2024-11-16 16:00:00,2024-11-18 14:00:00,46,60,2024-11-17 10:00:00,36.78,12104,12150,2024-11-17 00:00:00,2024-11-18 07:00:00,1.0
AVAX-USD,1h,OCOI,2024-04-30 14:00:00,2024-05-01 19:00:00,29,60,2024-05-01 08:00:00,31.06,7288,7331,2024-04-30 19:00:00,2024-05-01 17:00:00,1.0
AVAX-USD,1h,OCOI,2024-04-17 19:00:00,2024-04-18 15:00:00,20,60,2024-04-18 07:00:00,33.46,6995,7015,2024-04-18 00:00:00,2024-04-18 13:00:00,1.0
AVAX-USD,1h,OCO,2024-04-14 21:00:00,2024-04-16 16:00:00,43,60,2024-04-15 10:00:00,38.06,6925,6968,2024-04-14 23:00:00,2024-04-16 08:00:00,0.0
AVAX-USD,1h,OCOI,2024-03-28 08:00:00,2024-03-30 12:00:00,52,60,2024-03-29 21:00:00,52.84,6504,6556,2024-03-28 13:00:00,2024-03-30 08:00:00,0.0
AVAX-USD,1h,OCO,2024-03-21 19:00:00,2024-03-22 17:00:00,22,60,2024-03-22 05:00:00,55.93,6347,6369,2024-03-22 00:00:00,2024-03-22 12:00:00,0.0
AVAX-USD,1h,OCOI,2024-03-19 04:00:00,2024-03-19 16:00:00,12,60,2024-03-19 09:00:00,56.86,6284,6297,2024-03-19 06:00:00,2024-03-19 14:00:00,1.0
AVAX-USD,1h,OCO,2024-03-12 18:00:00,2024-03-14 14:00:00,44,60,2024-03-14 02:00:00,58.22,6151,6179,2024-03-13 18:00:00,2024-03-14 10:00:00,1.0
AVAX-USD,1h,OCO,2024-03-03 08:00:00,2024-03-05 03:00:00,43,60,2024-03-04 12:00:00,43.66,5904,5947,2024-03-04 01:00:00,2024-03-04 23:00:00,1.0
AVAX-USD,1h,OCOI,2024-02-29 15:00:00,2024-03-01 10:00:00,19,60,2024-02-29 23:00:00,40.57,5833,5858,2024-02-29 12:00:00,2024-03-01 08:00:00,1.0
AVAX-USD,1h,OCOI,2024-02-17 06:00:00,2024-02-18 23:00:00,41,60,2024-02-17 14:00:00,38.84,5524,5583,2024-02-17 02:00:00,2024-02-18 02:00:00,1.0
AVAX-USD,1h,OCO,2024-02-14 19:00:00,2024-02-16 06:00:00,35,60,2024-02-15 10:00:00,43.14,5465,5521,2024-02-15 01:00:00,2024-02-16 03:00:00,1.0
AVAX-USD,1h,OCOI,2024-01-24 17:00:00,2024-01-26 03:00:00,34,60,2024-01-25 13:00:00,29.81,4977,5036,2024-01-24 21:00:00,2024-01-26 22:00:00,1.0
AVAX-USD,1h,OCOI,2024-01-16 22:00:00,2024-01-17 21:00:00,23,60,2024-01-17 08:00:00,35.47,4790,4813,2024-01-17 00:00:00,2024-01-17 17:00:00,1.0
AVAX-USD,1h,OCOI,2024-01-07 06:00:00,2024-01-09 05:00:00,47,60,2024-01-08 03:00:00,32.04,4558,4605,2024-01-07 10:00:00,2024-01-09 02:00:00,0.0
AVAX-USD,1h,OCO,2024-01-04 01:00:00,2024-01-05 12:00:00,35,60,2024-01-04 19:00:00,38.92,4481,4521,2024-01-04 06:00:00,2024-01-05 09:00:00,1.0
AVAX-USD,1h,OCO,2023-12-30 09:00:00,2024-01-01 05:00:00,44,60,2023-12-31 10:00:00,40.32,4369,4413,2023-12-30 19:00:00,2024-01-01 02:00:00,1.0
AVAX-USD,1h,OCOI,2023-12-03 01:00:00,2023-12-05 19:00:00,66,60,2023-12-04 15:00:00,21.46,3714,3789,2023-12-03 18:00:00,2023-12-05 14:00:00,1.0
AVAX-USD,1h,OCO,2023-10-19 02:00:00,2023-10-27 18:00:00,208,60,2023-10-26 08:00:00,11.36,2643,2850,2023-10-24 13:00:00,2023-10-26 23:00:00,0.0
AVAX-USD,4h,OCO,2025-05-17 20:00:00,2025-05-26 20:00:00,54,240,2025-05-23 00:00:00,25.49,4122,4176,2025-05-18 12:00:00,2025-05-26 08:00:00,1.0
AVAX-USD,4h,OCO,2025-05-11 16:00:00,2025-05-19 08:00:00,46,240,2025-05-14 04:00:00,26.06,4085,4131,2025-05-12 04:00:00,2025-05-18 12:00:00,0.0
AVAX-USD,4h,OCOI,2025-04-13 00:00:00,2025-04-21 08:00:00,50,240,2025-04-16 08:00:00,18.78,3913,3963,2025-04-13 20:00:00,2025-04-20 12:00:00,1.0
AVAX-USD,4h,OCOI,2025-02-13 00:00:00,2025-02-22 20:00:00,59,240,2025-02-18 16:00:00,23.32,3559,3618,2025-02-13 20:00:00,2025-02-21 20:00:00,0.0
AVAX-USD,4h,OCO,2025-01-09 08:00:00,2025-01-12 20:00:00,21,240,2025-01-10 08:00:00,37.59,3351,3376,2025-01-09 12:00:00,2025-01-12 16:00:00,1.0
AVAX-USD,4h,OCO,2024-11-23 20:00:00,2024-11-28 12:00:00,28,240,2024-11-25 08:00:00,45.25,3072,3100,2024-11-24 04:00:00,2024-11-27 12:00:00,1.0
AVAX-USD,4h,OCOI,2024-10-01 16:00:00,2024-10-06 08:00:00,28,240,2024-10-03 12:00:00,24.55,2751,2786,2024-10-01 20:00:00,2024-10-05 20:00:00,1.0
AVAX-USD,4h,OCOI,2024-08-12 12:00:00,2024-08-20 00:00:00,45,240,2024-08-16 12:00:00,20.11,2452,2524,2024-08-13 08:00:00,2024-08-19 12:00:00,1.0
AVAX-USD,4h,OCOI,2024-06-21 20:00:00,2024-06-27 12:00:00,34,240,2024-06-24 16:00:00,23.83,2133,2182,2024-06-22 08:00:00,2024-06-27 00:00:00,1.0
AVAX-USD,4h,OCO,2024-03-12 12:00:00,2024-03-15 08:00:00,17,240,2024-03-14 04:00:00,56.76,1533,1551,2024-03-12 20:00:00,2024-03-15 00:00:00,1.0
AVAX-USD,4h,OCO,2023-11-18 08:00:00,2023-11-21 16:00:00,20,240,2023-11-20 00:00:00,22.7,843,865,2023-11-18 16:00:00,2023-11-21 12:00:00,1.0
BCH-USD,1d,OCO,2025-03-01 00:00:00,2025-03-14 00:00:00,13,1440,2025-03-06 00:00:00,393.82,2664,2681,2025-03-03 00:00:00,2025-03-12 00:00:00,1.0
BCH-USD,1d,OCOI,2025-02-20 00:00:00,2025-03-04 00:00:00,12,1440,2025-02-25 00:00:00,291.61,2652,2673,2025-02-22 00:00:00,2025-03-04 00:00:00,1.0
BCH-USD,1d,OCOI,2024-06-22 00:00:00,2024-07-21 00:00:00,29,1440,2024-07-08 00:00:00,323.05,2400,2445,2024-06-24 00:00:00,2024-07-18 00:00:00,1.0
BCH-USD,1d,OCO,2024-03-30 00:00:00,2024-04-18 00:00:00,19,1440,2024-04-07 00:00:00,690.03,2321,2351,2024-04-01 00:00:00,2024-04-15 00:00:00,0.0
BCH-USD,1d,OCO,2021-07-29 00:00:00,2021-08-27 00:00:00,29,1440,2021-08-15 00:00:00,696.15,1348,1386,2021-07-31 00:00:00,2021-08-21 00:00:00,0.0
BCH-USD,1d,OCOI,2021-06-30 00:00:00,2021-08-08 00:00:00,39,1440,2021-07-20 00:00:00,407.63,1328,1374,2021-07-02 00:00:00,2021-08-02 00:00:00,1.0
BCH-USD,1d,OCO,2020-03-23 00:00:00,2020-04-21 00:00:00,29,1440,2020-04-09 00:00:00,261.86,864,893,2020-03-25 00:00:00,2020-04-18 00:00:00,1.0
BCH-USD,1d,OCOI,2019-01-09 00:00:00,2019-02-19 00:00:00,41,1440,2019-01-29 00:00:00,111.79,418,470,2019-01-21 00:00:00,2019-02-15 00:00:00,1.0
BCH-USD,1h,OCO,2025-06-17 16:00:00,2025-06-19 01:00:00,33,60,2025-06-18 05:00:00,476.84,17322,17355,2025-06-17 20:00:00,2025-06-18 21:00:00,1.0
BCH-USD,1h,OCOI,2025-06-01 21:00:00,2025-06-03 15:00:00,42,60,2025-06-02 19:00:00,398.81,16942,17004,2025-06-02 04:00:00,2025-06-04 00:00:00,1.0
BCH-USD,1h,OCOI,2025-05-09 08:00:00,2025-05-10 15:00:00,31,60,2025-05-09 16:00:00,406.25,16378,16417,2025-05-09 10:00:00,2025-05-10 12:00:00,1.0
BCH-USD,1h,OCOI,2025-05-02 15:00:00,2025-05-07 04:00:00,109,60,2025-05-05 15:00:00,351.47,16217,16326,2025-05-05 02:00:00,2025-05-06 13:00:00,0.0
BCH-USD,1h,OCO,2025-01-27 11:00:00,2025-01-29 16:00:00,53,60,2025-01-28 05:00:00,428.95,13933,13986,2025-01-27 15:00:00,2025-01-29 07:00:00,1.0
BCH-USD,1h,OCO,2025-01-16 14:00:00,2025-01-18 17:00:00,51,60,2025-01-17 20:00:00,497.53,13672,13741,2025-01-16 17:00:00,2025-01-19 02:00:00,1.0
BCH-USD,1h,OCO,2024-12-22 15:00:00,2024-12-23 15:00:00,24,60,2024-12-23 04:00:00,453.71,13074,13098,2024-12-22 18:00:00,2024-12-23 10:00:00,1.0
BCH-USD,1h,OCOI,2024-12-03 05:00:00,2024-12-04 08:00:00,27,60,2024-12-03 15:00:00,529.92,12608,12635,2024-12-03 10:00:00,2024-12-04 03:00:00,0.0
BCH-USD,1h,OCO,2024-11-26 13:00:00,2024-11-29 08:00:00,67,60,2024-11-27 23:00:00,519.53,12448,12515,2024-11-26 17:00:00,2024-11-29 03:00:00,0.0
BCH-USD,1h,OCOI,2024-11-25 21:00:00,2024-11-26 23:00:00,26,60,2024-11-26 13:00:00,482.31,12422,12482,2024-11-26 00:00:00,2024-11-26 19:00:00,1.0
BCH-USD,1h,OCO,2024-11-24 15:00:00,2024-11-26 09:00:00,42,60,2024-11-25 11:00:00,524.22,12402,12448,2024-11-24 23:00:00,2024-11-26 02:00:00,1.0
BCH-USD,1h,OCO,2024-11-06 14:00:00,2024-11-09 04:00:00,62,60,2024-11-07 21:00:00,384.5,11969,12031,2024-11-07 02:00:00,2024-11-08 23:00:00,0.0
BCH-USD,1h,OCOI,2024-10-15 01:00:00,2024-10-17 01:00:00,48,60,2024-10-15 21:00:00,351.64,11428,11476,2024-10-15 12:00:00,2024-10-16 08:00:00,0.0
BCH-USD,1h,OCO,2024-10-06 22:00:00,2024-10-09 08:00:00,58,60,2024-10-07 17:00:00,331.19,11207,11307,2024-10-07 02:00:00,2024-10-08 16:00:00,1.0
BCH-USD,1h,OCOI,2024-09-05 13:00:00,2024-09-08 06:00:00,65,60,2024-09-06 21:00:00,292.58,10459,10607,2024-09-05 20:00:00,2024-09-07 22:00:00,1.0
BCH-USD,1h,OCO,2024-08-11 23:00:00,2024-08-14 09:00:00,58,60,2024-08-13 01:00:00,359.77,9890,9970,2024-08-12 15:00:00,2024-08-13 17:00:00,1.0
BCH-USD,1h,OCO,2024-08-05 12:00:00,2024-08-07 00:00:00,36,60,2024-08-06 01:00:00,324.5,9735,9771,2024-08-05 16:00:00,2024-08-06 16:00:00,0.0
BCH-USD,1h,OCO,2024-04-25 14:00:00,2024-04-27 11:00:00,45,60,2024-04-26 19:00:00,490.27,7289,7334,2024-04-25 18:00:00,2024-04-27 04:00:00,0.0
BCH-USD,1h,OCOI,2024-04-18 15:00:00,2024-04-19 20:00:00,29,60,2024-04-19 02:00:00,456.86,7122,7151,2024-04-18 17:00:00,2024-04-19 15:00:00,1.0
BCH-USD,1h,OCOI,2024-03-15 02:00:00,2024-03-16 00:00:00,22,60,2024-03-15 09:00:00,402.63,6291,6315,2024-03-15 05:00:00,2024-03-15 21:00:00,1.0
BCH-USD,1h,OCO,2024-03-04 04:00:00,2024-03-05 16:00:00,36,60,2024-03-04 23:00:00,468.68,6031,6071,2024-03-04 06:00:00,2024-03-05 13:00:00,1.0
BCH-USD,1h,OCOI,2024-02-27 06:00:00,2024-02-29 04:00:00,46,60,2024-02-28 03:00:00,291.82,5889,5936,2024-02-27 08:00:00,2024-02-28 22:00:00,1.0
BCH-USD,1h,OCOI,2024-01-13 06:00:00,2024-01-16 22:00:00,88,60,2024-01-15 00:00:00,248.03,4783,4897,2024-01-13 17:00:00,2024-01-15 15:00:00,0.0
BCH-USD,1h,OCOI,2023-06-30 22:00:00,2023-07-03 03:00:00,53,60,2023-07-02 04:00:00,271.77,98,151,2023-07-01 05:00:00,2023-07-02 18:00:00,-1.0
BCH-USD,1wk,OCO,2021-04-05 00:00:00,2021-06-21 00:00:00,17,10080,2021-05-10 00:00:00,1298.63,172,189,2021-03-15 00:00:00,2021-05-31 00:00:00,1.0
BCH-USD,4h,OCO,2025-04-20 12:00:00,2025-04-28 16:00:00,49,240,2025-04-25 12:00:00,377.6,3982,4031,2025-04-23 00:00:00,2025-04-28 08:00:00,0.0
BCH-USD,4h,OCOI,2025-04-02 16:00:00,2025-04-09 20:00:00,43,240,2025-04-07 08:00:00,255.95,3875,3918,2025-04-03 16:00:00,2025-04-09 00:00:00,0.0
BCH-USD,4h,OCO,2024-12-26 20:00:00,2024-12-30 12:00:00,22,240,2024-12-29 04:00:00,450.95,3294,3316,2024-12-27 12:00:00,2024-12-30 08:00:00,0.0
BCH-USD,4h,OCO,2024-12-22 16:00:00,2024-12-28 08:00:00,34,240,2024-12-24 16:00:00,472.41,3269,3303,2024-12-23 00:00:00,2024-12-27 12:00:00,1.0
BCH-USD,4h,OCOI,2024-12-12 04:00:00,2024-12-16 16:00:00,27,240,2024-12-14 16:00:00,527.86,3206,3233,2024-12-13 12:00:00,2024-12-16 12:00:00,0.0
BCH-USD,4h,OCOI,2024-11-30 16:00:00,2024-12-04 00:00:00,20,240,2024-12-02 08:00:00,512.66,3137,3157,2024-12-01 04:00:00,2024-12-03 16:00:00,1.0
BCH-USD,4h,OCOI,2024-10-18 04:00:00,2024-10-28 20:00:00,64,240,2024-10-23 16:00:00,346.85,2876,2946,2024-10-20 04:00:00,2024-10-26 16:00:00,1.0
BCH-USD,4h,OCOI,2024-09-29 20:00:00,2024-10-12 12:00:00,76,240,2024-10-03 08:00:00,315.41,2766,2842,2024-09-30 20:00:00,2024-10-10 00:00:00,0.0
BCH-USD,4h,OCO,2024-08-19 04:00:00,2024-09-02 04:00:00,84,240,2024-08-24 20:00:00,365.37,2516,2600,2024-08-20 04:00:00,2024-08-29 12:00:00,0.0
BCH-USD,4h,OCOI,2024-08-09 00:00:00,2024-08-17 12:00:00,51,240,2024-08-12 00:00:00,332.12,2455,2506,2024-08-09 12:00:00,2024-08-15 20:00:00,1.0
BCH-USD,4h,OCO,2024-07-13 00:00:00,2024-07-17 20:00:00,29,240,2024-07-16 00:00:00,399.8,2279,2322,2024-07-14 04:00:00,2024-07-16 16:00:00,1.0
BCH-USD,4h,OCOI,2024-06-28 08:00:00,2024-07-10 08:00:00,72,240,2024-07-05 04:00:00,301.16,2205,2277,2024-06-30 00:00:00,2024-07-08 00:00:00,0.0
BCH-USD,4h,OCOI,2024-04-28 04:00:00,2024-05-07 12:00:00,56,240,2024-05-01 12:00:00,405.23,1838,1894,2024-04-29 08:00:00,2024-05-05 04:00:00,1.0
BCH-USD,4h,OCOI,2024-04-16 04:00:00,2024-04-19 12:00:00,20,240,2024-04-17 12:00:00,459.28,1761,1787,2024-04-16 16:00:00,2024-04-19 04:00:00,1.0
BCH-USD,4h,OCOI,2024-04-01 20:00:00,2024-04-05 00:00:00,19,240,2024-04-03 16:00:00,581.98,1680,1700,2024-04-02 08:00:00,2024-04-04 16:00:00,1.0
BCH-USD,4h,OCOI,2024-01-28 00:00:00,2024-02-08 04:00:00,67,240,2024-02-01 04:00:00,233.17,1291,1366,2024-01-29 08:00:00,2024-02-07 04:00:00,1.0
BCH-USD,4h,OCO,2023-12-27 16:00:00,2024-01-02 16:00:00,36,240,2023-12-30 08:00:00,281.67,1113,1156,2023-12-29 16:00:00,2024-01-02 04:00:00,1.0
BNB-USD,1d,OCO,2024-12-27 00:00:00,2025-01-20 00:00:00,24,1440,2025-01-06 00:00:00,719.33,2604,2621,2024-12-29 00:00:00,2025-01-11 00:00:00,1.0
BNB-USD,1d,OCOI,2024-03-30 00:00:00,2024-05-06 00:00:00,37,1440,2024-04-17 00:00:00,536.12,2332,2369,2024-04-03 00:00:00,2024-05-02 00:00:00,1.0
BNB-USD,1d,OCOI,2023-09-19 00:00:00,2023-10-22 00:00:00,33,1440,2023-10-13 00:00:00,205.63,2139,2188,2023-09-25 00:00:00,2023-10-26 00:00:00,1.0
BNB-USD,1d,OCOI,2023-06-14 00:00:00,2023-07-11 00:00:00,27,1440,2023-06-29 00:00:00,231.94,2042,2072,2023-06-15 00:00:00,2023-07-07 00:00:00,1.0
BNB-USD,1d,OCOI,2022-03-02 00:00:00,2022-03-23 00:00:00,21,1440,2022-03-13 00:00:00,367.29,1573,1606,2022-03-07 00:00:00,2022-03-21 00:00:00,0.0
BNB-USD,1h,OCOI,2025-05-18 16:00:00,2025-05-21 01:00:00,57,60,2025-05-19 06:00:00,636.57,16602,16663,2025-05-18 20:00:00,2025-05-20 13:00:00,1.0
BNB-USD,1h,OCO,2025-03-17 04:00:00,2025-03-19 01:00:00,45,60,2025-03-18 09:00:00,640.72,15085,15159,2025-03-17 10:00:00,2025-03-18 19:00:00,1.0
BNB-USD,1h,OCO,2025-02-08 15:00:00,2025-02-10 02:00:00,35,60,2025-02-09 08:00:00,642.44,14207,14260,2025-02-08 20:00:00,2025-02-10 00:00:00,0.0
BNB-USD,1h,OCO,2024-12-06 15:00:00,2024-12-09 01:00:00,58,60,2024-12-07 19:00:00,759.31,12688,12756,2024-12-06 17:00:00,2024-12-08 23:00:00,1.0
BNB-USD,1h,OCOI,2024-11-03 05:00:00,2024-11-06 00:00:00,67,60,2024-11-04 21:00:00,547.22,11849,11982,2024-11-03 15:00:00,2024-11-05 20:00:00,1.0
BNB-USD,1h,OCO,2024-08-28 02:00:00,2024-08-30 16:00:00,62,60,2024-08-29 13:00:00,544.52,10277,10339,2024-08-28 10:00:00,2024-08-30 13:00:00,0.0
BNB-USD,1h,OCOI,2024-06-16 23:00:00,2024-06-20 07:00:00,80,60,2024-06-18 13:00:00,579.13,8546,8626,2024-06-17 10:00:00,2024-06-19 15:00:00,1.0
BNB-USD,1h,OCO,2024-03-15 09:00:00,2024-03-17 07:00:00,46,60,2024-03-16 00:00:00,626.37,6300,6346,2024-03-15 18:00:00,2024-03-17 03:00:00,1.0
BNB-USD,4h,OCO,2025-05-17 20:00:00,2025-05-25 08:00:00,45,240,2025-05-23 00:00:00,687.26,4146,4191,2025-05-18 12:00:00,2025-05-24 16:00:00,0.0
BNB-USD,4h,OCO,2025-02-26 20:00:00,2025-03-09 20:00:00,66,240,2025-03-02 20:00:00,623.91,3666,3732,2025-02-27 04:00:00,2025-03-06 08:00:00,0.0
BNB-USD,4h,OCO,2024-12-05 04:00:00,2024-12-10 16:00:00,33,240,2024-12-07 16:00:00,758.8,3164,3197,2024-12-05 08:00:00,2024-12-10 08:00:00,0.0
BNB-USD,4h,OCOI,2024-11-24 04:00:00,2024-12-01 16:00:00,45,240,2024-11-26 20:00:00,611.64,3098,3142,2024-11-24 16:00:00,2024-12-01 04:00:00,1.0
BNB-USD,4h,OCO,2024-09-18 12:00:00,2024-10-03 12:00:00,90,240,2024-09-28 00:00:00,610.18,2698,2788,2024-09-23 20:00:00,2024-10-01 08:00:00,0.0
BNB-USD,4h,OCO,2024-09-06 20:00:00,2024-09-18 12:00:00,70,240,2024-09-15 16:00:00,559.21,2628,2698,2024-09-08 08:00:00,2024-09-17 16:00:00,0.0
BNB-USD,4h,OCOI,2024-05-10 08:00:00,2024-05-17 16:00:00,44,240,2024-05-14 20:00:00,567.6,1904,1955,2024-05-11 00:00:00,2024-05-16 16:00:00,1.0
BNB-USD,4h,OCOI,2024-03-19 00:00:00,2024-03-20 20:00:00,11,240,2024-03-20 00:00:00,510.13,1589,1616,2024-03-19 08:00:00,2024-03-20 12:00:00,1.0
BTC-USD,1d,OCO,2024-05-24 00:00:00,2024-06-29 00:00:00,36,1440,2024-06-06 00:00:00,70919.99,2523,2559,2024-05-27 00:00:00,2024-06-17 00:00:00,0.0
BTC-USD,1d,OCOI,2024-03-18 00:00:00,2024-04-01 00:00:00,14,1440,2024-03-23 00:00:00,63920.48,2456,2470,2024-03-19 00:00:00,2024-03-30 00:00:00,0.0
BTC-USD,1d,OCO,2023-11-17 00:00:00,2023-12-17 00:00:00,30,1440,2023-12-09 00:00:00,43946.29,2334,2364,2023-11-20 00:00:00,2023-12-14 00:00:00,0.0
BTC-USD,1d,OCOI,2023-05-06 00:00:00,2023-07-13 00:00:00,68,1440,2023-06-15 00:00:00,25350.54,2139,2207,2023-05-25 00:00:00,2023-07-07 00:00:00,0.0
BTC-USD,1d,OCOI,2023-02-02 00:00:00,2023-04-01 00:00:00,58,1440,2023-03-10 00:00:00,20275.13,2046,2104,2023-02-10 00:00:00,2023-03-28 00:00:00,0.0
BTC-USD,1d,OCOI,2021-10-21 00:00:00,2021-11-03 00:00:00,13,1440,2021-10-27 00:00:00,59423.09,1576,1590,2021-10-23 00:00:00,2021-11-01 00:00:00,1.0
BTC-USD,1d,OCOI,2021-08-10 00:00:00,2021-08-28 00:00:00,18,1440,2021-08-18 00:00:00,44748.27,1505,1523,2021-08-12 00:00:00,2021-08-26 00:00:00,0.0
BTC-USD,1d,OCO,2019-12-17 00:00:00,2020-03-17 00:00:00,91,1440,2020-02-13 00:00:00,10270.22,903,994,2020-01-18 00:00:00,2020-03-06 00:00:00,-1.0
BTC-USD,1d,OCO,2018-02-13 00:00:00,2018-03-15 00:00:00,30,1440,2018-03-05 00:00:00,11542.95,224,283,2018-02-20 00:00:00,2018-03-21 00:00:00,1.0
BTC-USD,1h,OCOI,2025-05-18 17:00:00,2025-05-20 20:00:00,51,60,2025-05-19 06:00:00,102645.18,16602,16664,2025-05-18 20:00:00,2025-05-20 14:00:00,1.0
BTC-USD,1h,OCOI,2025-03-29 08:00:00,2025-04-01 08:00:00,72,60,2025-03-31 04:00:00,81661.31,15341,15479,2025-03-29 17:00:00,2025-03-31 23:00:00,1.0
BTC-USD,1h,OCO,2025-03-05 09:00:00,2025-03-07 01:00:00,40,60,2025-03-06 05:00:00,92544.41,14800,14859,2025-03-05 12:00:00,2025-03-06 23:00:00,1.0
BTC-USD,1h,OCO,2025-01-09 20:00:00,2025-01-13 12:00:00,88,60,2025-01-10 18:00:00,95342.02,13510,13598,2025-01-10 11:00:00,2025-01-12 17:00:00,0.0
BTC-USD,1h,OCOI,2025-01-08 23:00:00,2025-01-10 18:00:00,43,60,2025-01-09 20:00:00,92092.33,13489,13532,2025-01-09 14:00:00,2025-01-10 16:00:00,0.0
BTC-USD,1h,OCOI,2024-12-22 18:00:00,2024-12-24 14:00:00,44,60,2024-12-23 19:00:00,92791.62,13043,13155,2024-12-23 01:00:00,2024-12-24 20:00:00,1.0
BTC-USD,1h,OCOI,2024-12-02 03:00:00,2024-12-04 19:00:00,64,60,2024-12-03 13:00:00,94299.11,12581,12655,2024-12-02 11:00:00,2024-12-04 17:00:00,1.0
BTC-USD,1h,OCO,2024-11-07 05:00:00,2024-11-13 06:00:00,145,60,2024-11-12 07:00:00,89372.35,11984,12129,2024-11-10 18:00:00,2024-11-12 20:00:00,0.0
BTC-USD,1h,OCOI,2024-04-15 10:00:00,2024-04-19 13:00:00,99,60,2024-04-17 16:00:00,60319.82,7045,7144,2024-04-16 15:00:00,2024-04-19 02:00:00,0.0
BTC-USD,1h,OCOI,2024-03-21 16:00:00,2024-03-24 13:00:00,69,60,2024-03-22 14:00:00,62789.24,6434,6551,2024-03-21 19:00:00,2024-03-24 04:00:00,1.0
BTC-USD,1h,OCO,2024-03-15 09:00:00,2024-03-17 07:00:00,46,60,2024-03-16 00:00:00,69625.42,6300,6346,2024-03-15 19:00:00,2024-03-17 04:00:00,0.0
BTC-USD,1wk,OCOI,2018-07-23 00:00:00,2019-07-01 00:00:00,49,10080,2018-12-10 00:00:00,3433.54,55,104,2018-08-13 00:00:00,2019-06-03 00:00:00,0.0
BTC-USD,4h,OCO,2025-02-26 20:00:00,2025-03-07 04:00:00,50,240,2025-03-02 20:00:00,93811.82,3666,3716,2025-02-27 08:00:00,2025-03-06 04:00:00,1.0
BTC-USD,4h,OCO,2025-01-19 00:00:00,2025-01-22 16:00:00,22,240,2025-01-20 08:00:00,107560.61,3429,3459,2025-01-19 16:00:00,2025-01-21 20:00:00,1.0
BTC-USD,4h,OCOI,2025-01-06 20:00:00,2025-01-17 20:00:00,66,240,2025-01-13 12:00:00,91569.87,3360,3426,2025-01-09 20:00:00,2025-01-16 12:00:00,0.0
BTC-USD,4h,OCO,2024-12-11 12:00:00,2024-12-19 16:00:00,49,240,2024-12-17 08:00:00,106838.46,3197,3256,2024-12-11 20:00:00,2024-12-19 08:00:00,1.0
BTC-USD,4h,OCOI,2024-03-16 08:00:00,2024-03-25 00:00:00,52,240,2024-03-20 00:00:00,61814.55,1579,1641,2024-03-17 00:00:00,2024-03-23 00:00:00,1.0
DOT-USD,1d,OCO,2024-12-22 00:00:00,2025-01-20 00:00:00,29,1440,2025-01-06 00:00:00,7.72,1584,1613,2024-12-25 00:00:00,2025-01-17 00:00:00,1.0
DOT-USD,1d,OCO,2024-11-23 00:00:00,2024-12-18 00:00:00,25,1440,2024-12-07 00:00:00,10.67,1546,1584,2024-11-24 00:00:00,2024-12-13 00:00:00,1.0
DOT-USD,1d,OCOI,2022-11-24 00:00:00,2023-01-21 00:00:00,58,1440,2022-12-29 00:00:00,4.3,825,889,2022-11-28 00:00:00,2023-01-19 00:00:00,1.0
DOT-USD,1d,OCOI,2022-02-10 00:00:00,2022-03-12 00:00:00,30,1440,2022-02-24 00:00:00,16.09,535,568,2022-02-14 00:00:00,2022-03-08 00:00:00,1.0
DOT-USD,1d,OCOI,2021-06-20 00:00:00,2021-07-07 00:00:00,17,1440,2021-06-26 00:00:00,14.48,299,320,2021-06-22 00:00:00,2021-07-02 00:00:00,1.0
DOT-USD,1h,OCOI,2025-01-04 02:00:00,2025-01-06 16:00:00,62,60,2025-01-05 10:00:00,7.55,13272,13334,2025-01-04 10:00:00,2025-01-06 10:00:00,0.0
DOT-USD,1h,OCOI,2024-12-28 23:00:00,2024-12-31 15:00:00,64,60,2024-12-30 16:00:00,6.58,13126,13190,2024-12-29 23:00:00,2024-12-31 05:00:00,-1.0
DOT-USD,1h,OCO,2024-12-27 16:00:00,2024-12-30 11:00:00,67,60,2024-12-28 23:00:00,7.12,13095,13167,2024-12-27 18:00:00,2024-12-30 02:00:00,1.0
DOT-USD,1h,OCOI,2024-12-15 15:00:00,2024-12-17 10:00:00,43,60,2024-12-16 12:00:00,8.63,12806,12849,2024-12-15 22:00:00,2024-12-17 07:00:00,0.0
DOT-USD,1h,OCO,2024-07-16 13:00:00,2024-07-18 08:00:00,43,60,2024-07-17 14:00:00,6.49,9151,9217,2024-07-16 16:00:00,2024-07-18 01:00:00,1.0
DOT-USD,1h,OCO,2024-07-12 11:00:00,2024-07-16 08:00:00,93,60,2024-07-15 03:00:00,6.51,9058,9151,2024-07-13 19:00:00,2024-07-16 00:00:00,0.0
DOT-USD,1h,OCOI,2024-06-17 19:00:00,2024-06-20 08:00:00,61,60,2024-06-18 19:00:00,5.64,8466,8527,2024-06-18 02:00:00,2024-06-20 00:00:00,0.0
DOT-USD,1h,OCOI,2024-06-08 10:00:00,2024-06-10 10:00:00,48,60,2024-06-08 23:00:00,6.39,8221,8295,2024-06-07 19:00:00,2024-06-10 07:00:00,1.0
DOT-USD,1h,OCOI,2024-05-23 04:00:00,2024-05-26 15:00:00,83,60,2024-05-24 06:00:00,7.09,7851,7934,2024-05-23 19:00:00,2024-05-26 06:00:00,0.0
DOT-USD,1h,OCOI,2024-04-18 03:00:00,2024-04-20 06:00:00,51,60,2024-04-19 02:00:00,6.44,7010,7075,2024-04-18 07:00:00,2024-04-20 00:00:00,1.0
DOT-USD,1h,OCO,2024-03-29 04:00:00,2024-03-30 09:00:00,29,60,2024-03-29 14:00:00,9.71,6531,6574,2024-03-29 06:00:00,2024-03-30 05:00:00,1.0
DOT-USD,1h,OCO,2024-03-24 04:00:00,2024-03-27 08:00:00,76,60,2024-03-26 10:00:00,10.02,6411,6487,2024-03-25 05:00:00,2024-03-27 02:00:00,0.0
DOT-USD,1h,OCO,2024-03-17 14:00:00,2024-03-19 01:00:00,35,60,2024-03-18 08:00:00,10.35,6246,6296,2024-03-17 19:00:00,2024-03-18 23:00:00,1.0
DOT-USD,1h,OCO,2024-03-14 15:00:00,2024-03-15 09:00:00,18,60,2024-03-15 00:00:00,11.52,6182,6203,2024-03-14 17:00:00,2024-03-15 07:00:00,1.0
DOT-USD,1h,OCOI,2024-02-22 09:00:00,2024-02-24 03:00:00,42,60,2024-02-23 09:00:00,7.31,5672,5733,2024-02-22 13:00:00,2024-02-24 02:00:00,1.0
DOT-USD,1h,OCOI,2024-01-13 22:00:00,2024-01-15 19:00:00,45,60,2024-01-15 00:00:00,7.38,4710,4770,2024-01-14 04:00:00,2024-01-15 15:00:00,1.0
DOT-USD,1h,OCOI,2023-12-10 05:00:00,2023-12-12 19:00:00,62,60,2023-12-11 19:00:00,6.5,3892,3954,2023-12-10 10:00:00,2023-12-12 17:00:00,1.0
DOT-USD,1h,OCOI,2023-06-29 15:00:00,2023-07-03 03:00:00,84,60,2023-06-30 14:00:00,4.93,67,151,2023-06-30 01:00:00,2023-07-02 09:00:00,-1.0
DOT-USD,1wk,OCO,2021-08-23 00:00:00,2022-01-10 00:00:00,27,10080,2021-11-08 00:00:00,49.34,47,74,2021-09-06 00:00:00,2021-12-27 00:00:00,1.0
DOT-USD,4h,OCO,2025-04-22 20:00:00,2025-04-30 20:00:00,48,240,2025-04-25 08:00:00,4.32,3968,4020,2025-04-23 08:00:00,2025-04-29 04:00:00,1.0
DOT-USD,4h,OCOI,2025-04-04 16:00:00,2025-04-14 12:00:00,59,240,2025-04-09 00:00:00,3.36,3863,3922,2025-04-07 08:00:00,2025-04-10 16:00:00,0.0
DOT-USD,4h,OCOI,2025-02-12 20:00:00,2025-02-22 04:00:00,56,240,2025-02-18 16:00:00,4.67,3558,3614,2025-02-13 20:00:00,2025-02-21 20:00:00,0.0
DOT-USD,4h,OCOI,2025-01-31 12:00:00,2025-02-05 12:00:00,30,240,2025-02-03 04:00:00,4.52,3484,3514,2025-01-31 20:00:00,2025-02-04 08:00:00,0.0
DOT-USD,4h,OCOI,2025-01-08 12:00:00,2025-01-12 00:00:00,21,240,2025-01-09 20:00:00,6.56,3335,3367,2025-01-09 08:00:00,2025-01-11 16:00:00,1.0
DOT-USD,4h,OCO,2024-11-10 08:00:00,2024-11-14 00:00:00,22,240,2024-11-12 00:00:00,5.64,2950,3019,2024-11-10 20:00:00,2024-11-13 12:00:00,1.0
DOT-USD,4h,OCOI,2024-05-22 04:00:00,2024-05-27 16:00:00,33,240,2024-05-23 20:00:00,7.16,1958,1991,2024-05-22 20:00:00,2024-05-27 08:00:00,1.0
DOT-USD,4h,OCO,2024-05-03 08:00:00,2024-05-08 00:00:00,28,240,2024-05-06 08:00:00,7.34,1845,1881,2024-05-03 16:00:00,2024-05-08 16:00:00,1.0
DOT-USD,4h,OCOI,2024-04-24 08:00:00,2024-05-03 16:00:00,56,240,2024-04-30 16:00:00,6.13,1791,1847,2024-04-27 12:00:00,2024-05-03 08:00:00,0.0
DOT-USD,4h,OCOI,2024-04-16 04:00:00,2024-04-19 12:00:00,20,240,2024-04-17 12:00:00,6.48,1737,1762,2024-04-16 16:00:00,2024-04-19 04:00:00,1.0
DOT-USD,4h,OCO,2024-03-12 20:00:00,2024-03-15 04:00:00,14,240,2024-03-14 08:00:00,11.48,1534,1552,2024-03-13 08:00:00,2024-03-14 20:00:00,1.0
DOT-USD,4h,OCOI,2024-03-07 00:00:00,2024-03-13 08:00:00,38,240,2024-03-10 16:00:00,10.24,1501,1539,2024-03-08 12:00:00,2024-03-12 12:00:00,1.0
DOT-USD,4h,OCO,2023-12-24 04:00:00,2023-12-28 16:00:00,27,240,2023-12-26 00:00:00,9.27,1052,1088,2023-12-24 12:00:00,2023-12-27 12:00:00,1.0
ETH-USD,1d,OCO,2025-05-18 00:00:00,2025-06-06 00:00:00,19,1440,2025-05-28 00:00:00,2672.64,2746,2765,2025-05-22 00:00:00,2025-06-04 00:00:00,1.0
ETH-USD,1d,OCOI,2024-06-28 00:00:00,2024-07-21 00:00:00,23,1440,2024-07-08 00:00:00,2974.06,2422,2445,2024-06-29 00:00:00,2024-07-18 00:00:00,1.0
ETH-USD,1d,OCO,2024-05-21 00:00:00,2024-06-08 00:00:00,18,1440,2024-05-28 00:00:00,3866.13,2377,2397,2024-05-22 00:00:00,2024-06-02 00:00:00,1.0
ETH-USD,1d,OCOI,2024-03-12 00:00:00,2024-03-31 00:00:00,19,1440,2024-03-23 00:00:00,3335.14,2314,2333,2024-03-20 00:00:00,2024-03-30 00:00:00,0.0
ETH-USD,1d,OCOI,2023-12-10 00:00:00,2023-12-28 00:00:00,18,1440,2023-12-20 00:00:00,2189.89,2219,2239,2023-12-12 00:00:00,2023-12-26 00:00:00,1.0
ETH-USD,1d,OCOI,2023-02-23 00:00:00,2023-03-18 00:00:00,23,1440,2023-03-10 00:00:00,1433.91,1926,1960,2023-02-25 00:00:00,2023-03-16 00:00:00,1.0
ETH-USD,1d,OCO,2022-09-21 00:00:00,2022-10-20 00:00:00,29,1440,2022-10-05 00:00:00,1357.48,1776,1805,2022-09-29 00:00:00,2022-10-18 00:00:00,1.0
ETH-USD,1d,OCO,2022-07-27 00:00:00,2022-08-27 00:00:00,31,1440,2022-08-13 00:00:00,1969.29,1719,1752,2022-07-29 00:00:00,2022-08-25 00:00:00,1.0
ETH-USD,1d,OCO,2021-04-04 00:00:00,2021-04-25 00:00:00,21,1440,2021-04-15 00:00:00,2477.11,1241,1262,2021-04-06 00:00:00,2021-04-22 00:00:00,1.0
ETH-USD,1d,OCOI,2020-09-02 00:00:00,2020-11-24 00:00:00,83,1440,2020-09-23 00:00:00,332.81,1027,1110,2020-09-06 00:00:00,2020-10-31 00:00:00,0.0
ETH-USD,1d,OCO,2018-04-21 00:00:00,2018-05-18 00:00:00,27,1440,2018-05-06 00:00:00,804.22,147,189,2018-04-24 00:00:00,2018-05-14 00:00:00,1.0
ETH-USD,1h,OCO,2025-06-14 17:00:00,2025-06-17 17:00:00,72,60,2025-06-16 20:00:00,2662.04,17250,17322,2025-06-15 17:00:00,2025-06-17 03:00:00,0.0
ETH-USD,1h,OCO,2025-01-27 11:00:00,2025-01-29 16:00:00,53,60,2025-01-28 05:00:00,3211.86,13932,13985,2025-01-27 15:00:00,2025-01-29 08:00:00,1.0
ETH-USD,1h,OCO,2025-01-18 18:00:00,2025-01-20 13:00:00,43,60,2025-01-19 18:00:00,3432.84,13723,13783,2025-01-19 02:00:00,2025-01-20 07:00:00,1.0
ETH-USD,1h,OCOI,2025-01-10 11:00:00,2025-01-12 17:00:00,54,60,2025-01-11 08:00:00,3228.64,13524,13585,2025-01-10 16:00:00,2025-01-12 09:00:00,1.0
ETH-USD,1h,OCOI,2025-01-09 09:00:00,2025-01-10 18:00:00,33,60,2025-01-09 21:00:00,3204.29,13490,13531,2025-01-09 14:00:00,2025-01-10 16:00:00,1.0
ETH-USD,1h,OCOI,2024-10-14 23:00:00,2024-10-20 23:00:00,144,60,2024-10-15 15:00:00,2568.79,11425,11569,2024-10-15 12:00:00,2024-10-17 19:00:00,0.0
ETH-USD,1h,OCO,2024-07-19 09:00:00,2024-07-23 06:00:00,93,60,2024-07-22 00:00:00,3540.03,9323,9416,2024-07-20 18:00:00,2024-07-22 20:00:00,-1.0
ETH-USD,1h,OCOI,2024-06-18 00:00:00,2024-06-18 20:00:00,20,60,2024-06-18 13:00:00,3398.16,8545,8629,2024-06-17 13:00:00,2024-06-19 15:00:00,1.0
ETH-USD,1h,OCO,2024-04-14 21:00:00,2024-04-16 04:00:00,31,60,2024-04-15 10:00:00,3260.92,7013,7073,2024-04-15 07:00:00,2024-04-15 22:00:00,1.0
ETH-USD,1h,OCO,2024-03-25 15:00:00,2024-03-27 08:00:00,41,60,2024-03-26 09:00:00,3659.17,6542,6597,2024-03-25 19:00:00,2024-03-27 02:00:00,1.0
ETH-USD,1h,OCO,2024-03-15 10:00:00,2024-03-17 07:00:00,45,60,2024-03-16 01:00:00,3754.37,6300,6345,2024-03-15 18:00:00,2024-03-17 03:00:00,0.0
ETH-USD,1h,OCO,2024-02-20 09:00:00,2024-02-22 02:00:00,41,60,2024-02-21 00:00:00,3009.98,5723,5764,2024-02-20 14:00:00,2024-02-22 00:00:00,1.0
ETH-USD,1wk,OCO,2024-04-15 00:00:00,2024-08-05 00:00:00,17,10080,2024-05-27 00:00:00,3803.4,335,352,2024-04-22 00:00:00,2024-07-22 00:00:00,1.0
ETH-USD,1wk,OCO,2021-08-23 00:00:00,2022-05-02 00:00:00,28,10080,2021-11-08 00:00:00,4623.46,197,225,2021-09-06 00:00:00,2022-02-07 00:00:00,1.0
ETH-USD,4h,OCO,2025-06-13 04:00:00,2025-06-20 16:00:00,45,240,2025-06-16 16:00:00,2642.76,4304,4361,2025-06-14 00:00:00,2025-06-20 08:00:00,1.0
ETH-USD,4h,OCO,2025-04-12 00:00:00,2025-04-20 12:00:00,51,240,2025-04-14 08:00:00,1654.75,3923,3982,2025-04-12 16:00:00,2025-04-19 20:00:00,1.0
ETH-USD,4h,OCOI,2025-01-15 20:00:00,2025-01-20 08:00:00,27,240,2025-01-19 08:00:00,3208.64,3414,3441,2025-01-16 20:00:00,2025-01-20 00:00:00,0.0
ETH-USD,4h,OCOI,2024-11-13 12:00:00,2024-11-19 00:00:00,33,240,2024-11-15 16:00:00,3032.0,3034,3067,2024-11-13 20:00:00,2024-11-17 20:00:00,1.0
ETH-USD,4h,OCOI,2023-11-14 04:00:00,2023-11-22 20:00:00,52,240,2023-11-17 16:00:00,1927.69,839,904,2023-11-15 00:00:00,2023-11-22 00:00:00,1.0
LINK-USD,1d,OCO,2025-03-17 00:00:00,2025-04-03 00:00:00,17,1440,2025-03-27 00:00:00,15.38,2684,2706,2025-03-20 00:00:00,2025-04-01 00:00:00,1.0
LINK-USD,1d,OCO,2024-12-05 00:00:00,2024-12-28 00:00:00,23,1440,2024-12-15 00:00:00,29.17,2582,2608,2024-12-08 00:00:00,2024-12-24 00:00:00,1.0
LINK-USD,1d,OCO,2024-07-12 00:00:00,2024-08-01 00:00:00,20,1440,2024-07-21 00:00:00,14.54,2436,2462,2024-07-16 00:00:00,2024-07-27 00:00:00,1.0
LINK-USD,1d,OCO,2023-01-19 00:00:00,2023-02-06 00:00:00,18,1440,2023-01-29 00:00:00,7.3,1896,1914,2023-01-23 00:00:00,2023-02-04 00:00:00,1.0
LINK-USD,1d,OCOI,2022-10-05 00:00:00,2022-11-04 00:00:00,30,1440,2022-10-20 00:00:00,6.72,1790,1821,2022-10-15 00:00:00,2022-11-02 00:00:00,1.0
LINK-USD,1d,OCO,2022-08-28 00:00:00,2022-09-21 00:00:00,24,1440,2022-09-11 00:00:00,7.96,1752,1776,2022-09-05 00:00:00,2022-09-17 00:00:00,0.0
LINK-USD,1d,OCO,2022-01-28 00:00:00,2022-02-19 00:00:00,22,1440,2022-02-08 00:00:00,18.65,1539,1567,2022-01-31 00:00:00,2022-02-16 00:00:00,1.0
LINK-USD,1d,OCOI,2021-06-20 00:00:00,2021-07-07 00:00:00,17,1440,2021-06-26 00:00:00,16.94,1318,1335,2021-06-22 00:00:00,2021-07-02 00:00:00,0.0
LINK-USD,1d,OCO,2020-08-08 00:00:00,2020-09-02 00:00:00,25,1440,2020-08-16 00:00:00,18.95,991,1019,2020-08-10 00:00:00,2020-08-23 00:00:00,1.0
LINK-USD,1h,OCOI,2025-05-31 21:00:00,2025-06-03 15:00:00,66,60,2025-06-02 14:00:00,13.69,16919,16985,2025-06-01 10:00:00,2025-06-03 09:00:00,0.0
LINK-USD,1h,OCOI,2025-04-23 12:00:00,2025-04-25 07:00:00,43,60,2025-04-24 08:00:00,14.27,15998,16043,2025-04-23 16:00:00,2025-04-25 02:00:00,1.0
LINK-USD,1h,OCO,2025-01-27 12:00:00,2025-01-29 14:00:00,50,60,2025-01-28 05:00:00,24.46,13933,13984,2025-01-27 15:00:00,2025-01-29 07:00:00,1.0
LINK-USD,1h,OCOI,2025-01-24 11:00:00,2025-01-26 05:00:00,42,60,2025-01-25 09:00:00,24.86,13861,13903,2025-01-25 01:00:00,2025-01-26 00:00:00,0.0
LINK-USD,1h,OCOI,2025-01-20 14:00:00,2025-01-21 14:00:00,24,60,2025-01-21 05:00:00,23.98,13768,13802,2025-01-20 18:00:00,2025-01-21 21:00:00,1.0
LINK-USD,1h,OCO,2025-01-18 21:00:00,2025-01-20 12:00:00,39,60,2025-01-19 18:00:00,26.47,13727,13766,2025-01-19 02:00:00,2025-01-20 08:00:00,1.0
LINK-USD,1h,OCO,2024-12-23 02:00:00,2024-12-23 18:00:00,16,60,2024-12-23 11:00:00,23.13,13079,13101,2024-12-23 04:00:00,2024-12-23 17:00:00,1.0
LINK-USD,1h,OCOI,2024-12-15 06:00:00,2024-12-16 08:00:00,26,60,2024-12-15 22:00:00,28.46,12897,12925,2024-12-15 13:00:00,2024-12-16 04:00:00,1.0
LINK-USD,1h,OCOI,2024-12-12 07:00:00,2024-12-13 03:00:00,20,60,2024-12-12 19:00:00,27.45,12826,12846,2024-12-12 13:00:00,2024-12-13 01:00:00,0.0
LINK-USD,1h,OCO,2024-12-07 11:00:00,2024-12-09 12:00:00,49,60,2024-12-08 13:00:00,27.0,12710,12759,2024-12-07 14:00:00,2024-12-09 05:00:00,0.0
LINK-USD,1h,OCO,2024-12-06 21:00:00,2024-12-07 09:00:00,12,60,2024-12-07 04:00:00,26.31,12688,12716,2024-12-06 23:00:00,2024-12-07 14:00:00,1.0
LINK-USD,1h,OCOI,2024-11-25 20:00:00,2024-11-27 03:00:00,31,60,2024-11-26 11:00:00,16.54,12427,12482,2024-11-26 00:00:00,2024-11-27 13:00:00,1.0
LINK-USD,1h,OCOI,2024-11-19 19:00:00,2024-11-22 12:00:00,65,60,2024-11-21 03:00:00,14.07,12286,12351,2024-11-20 04:00:00,2024-11-21 21:00:00,1.0
LINK-USD,1h,OCOI,2024-11-14 09:00:00,2024-11-15 20:00:00,35,60,2024-11-15 05:00:00,12.96,12152,12214,2024-11-14 15:00:00,2024-11-15 16:00:00,1.0
LINK-USD,1h,OCO,2024-07-20 12:00:00,2024-07-23 17:00:00,77,60,2024-07-21 22:00:00,14.9,9351,9428,2024-07-20 21:00:00,2024-07-23 09:00:00,0.0
LINK-USD,1h,OCO,2024-06-19 00:00:00,2024-06-21 17:00:00,65,60,2024-06-20 11:00:00,14.68,8585,8721,2024-06-19 07:00:00,2024-06-21 11:00:00,1.0
LINK-USD,1h,OCO,2024-05-28 17:00:00,2024-05-30 08:00:00,39,60,2024-05-29 13:00:00,19.08,8081,8146,2024-05-28 23:00:00,2024-05-30 02:00:00,1.0
LINK-USD,1h,OCO,2024-03-22 14:00:00,2024-03-24 17:00:00,51,60,2024-03-23 11:00:00,18.39,6473,6524,2024-03-22 20:00:00,2024-03-24 12:00:00,0.0
LINK-USD,1h,OCOI,2024-03-16 18:00:00,2024-03-17 16:00:00,22,60,2024-03-17 07:00:00,17.74,6323,6370,2024-03-17 01:00:00,2024-03-17 13:00:00,1.0
LINK-USD,1h,OCOI,2024-03-15 03:00:00,2024-03-16 00:00:00,21,60,2024-03-15 09:00:00,19.18,6289,6316,2024-03-15 05:00:00,2024-03-15 21:00:00,1.0
LINK-USD,1h,OCO,2024-03-13 20:00:00,2024-03-14 19:00:00,23,60,2024-03-14 12:00:00,21.57,6257,6286,2024-03-14 02:00:00,2024-03-14 17:00:00,1.0
LINK-USD,1h,OCO,2024-03-01 16:00:00,2024-03-04 04:00:00,60,60,2024-03-02 17:00:00,21.46,5971,6031,2024-03-02 07:00:00,2024-03-03 16:00:00,0.0
LINK-USD,1h,OCO,2024-02-17 16:00:00,2024-02-20 02:00:00,58,60,2024-02-18 22:00:00,20.22,5657,5732,2024-02-17 22:00:00,2024-02-19 19:00:00,1.0
LINK-USD,1h,OCO,2024-01-23 20:00:00,2024-01-25 03:00:00,31,60,2024-01-24 11:00:00,14.32,5057,5107,2024-01-23 16:00:00,2024-01-25 00:00:00,1.0
LINK-USD,1h,OCO,2023-12-31 23:00:00,2024-01-03 14:00:00,63,60,2024-01-02 09:00:00,15.99,4514,4577,2024-01-01 01:00:00,2024-01-03 06:00:00,0.0
LINK-USD,1h,OCO,2023-12-25 00:00:00,2023-12-26 18:00:00,42,60,2023-12-26 04:00:00,15.74,4347,4389,2023-12-25 05:00:00,2023-12-26 12:00:00,0.0
LINK-USD,1h,OCO,2023-12-05 11:00:00,2023-12-06 23:00:00,36,60,2023-12-06 01:00:00,16.01,3878,3914,2023-12-05 18:00:00,2023-12-06 09:00:00,0.0
LINK-USD,1h,OCO,2023-11-07 16:00:00,2023-11-10 06:00:00,62,60,2023-11-09 14:00:00,15.68,3211,3273,2023-11-08 23:00:00,2023-11-09 23:00:00,0.0
LINK-USD,1wk,OCO,2024-01-29 00:00:00,2024-04-08 00:00:00,17,10080,2024-03-04 00:00:00,21.13,321,338,2024-02-12 00:00:00,2024-03-25 00:00:00,1.0
LINK-USD,1wk,OCO,2023-11-06 00:00:00,2024-01-08 00:00:00,13,10080,2023-12-04 00:00:00,16.04,308,321,2023-11-13 00:00:00,2023-12-25 00:00:00,1.0
LINK-USD,1wk,OCOI,2018-02-19 00:00:00,2019-07-01 00:00:00,71,10080,2018-07-16 00:00:00,0.2,14,85,2018-04-02 00:00:00,2018-12-10 00:00:00,0.0
LINK-USD,4h,OCOI,2025-06-16 16:00:00,2025-06-26 04:00:00,57,240,2025-06-22 16:00:00,11.34,4325,4382,2025-06-18 16:00:00,2025-06-25 16:00:00,0.0
LINK-USD,4h,OCOI,2025-03-26 08:00:00,2025-04-02 16:00:00,44,240,2025-03-31 08:00:00,13.21,3831,3875,2025-03-26 20:00:00,2025-04-02 08:00:00,0.0
LINK-USD,4h,OCOI,2025-01-31 12:00:00,2025-02-04 16:00:00,25,240,2025-02-03 04:00:00,18.55,3508,3533,2025-01-31 20:00:00,2025-02-04 08:00:00,0.0
LINK-USD,4h,OCO,2025-01-20 00:00:00,2025-01-25 08:00:00,32,240,2025-01-21 20:00:00,26.62,3439,3471,2025-01-20 08:00:00,2025-01-24 12:00:00,1.0
LINK-USD,4h,OCO,2024-12-02 20:00:00,2024-12-05 20:00:00,18,240,2024-12-04 16:00:00,25.21,3141,3168,2024-12-03 08:00:00,2024-12-05 12:00:00,1.0
LINK-USD,4h,OCO,2024-11-23 20:00:00,2024-11-28 16:00:00,29,240,2024-11-25 12:00:00,18.65,3096,3125,2024-11-24 04:00:00,2024-11-27 20:00:00,0.0
LINK-USD,4h,OCO,2024-11-10 00:00:00,2024-11-13 20:00:00,23,240,2024-11-12 00:00:00,14.83,3008,3043,2024-11-10 12:00:00,2024-11-13 12:00:00,1.0
LINK-USD,4h,OCO,2024-09-24 20:00:00,2024-10-01 16:00:00,41,240,2024-09-28 20:00:00,12.93,2723,2788,2024-09-25 12:00:00,2024-10-01 08:00:00,1.0
LINK-USD,4h,OCOI,2024-08-31 08:00:00,2024-09-14 00:00:00,82,240,2024-09-06 20:00:00,9.55,2589,2671,2024-09-02 00:00:00,2024-09-11 12:00:00,0.0
LINK-USD,4h,OCO,2024-08-12 00:00:00,2024-08-19 12:00:00,45,240,2024-08-14 08:00:00,10.62,2473,2518,2024-08-12 12:00:00,2024-08-18 16:00:00,0.0
LINK-USD,4h,OCOI,2024-07-29 08:00:00,2024-08-09 00:00:00,64,240,2024-08-05 08:00:00,8.78,2391,2455,2024-08-01 16:00:00,2024-08-07 20:00:00,0.0
LINK-USD,4h,OCOI,2024-02-21 00:00:00,2024-02-26 16:00:00,34,240,2024-02-23 12:00:00,17.91,1424,1480,2024-02-21 16:00:00,2024-02-26 08:00:00,1.0
LINK-USD,4h,OCO,2024-01-08 00:00:00,2024-01-14 20:00:00,41,240,2024-01-11 12:00:00,15.16,1171,1212,2024-01-08 20:00:00,2024-01-14 12:00:00,0.0
LINK-USD,4h,OCOI,2024-01-03 08:00:00,2024-01-10 20:00:00,45,240,2024-01-08 00:00:00,12.99,1137,1192,2024-01-03 16:00:00,2024-01-09 16:00:00,1.0
LINK-USD,4h,OCO,2023-12-11 16:00:00,2023-12-19 20:00:00,49,240,2023-12-14 20:00:00,15.36,1007,1056,2023-12-12 04:00:00,2023-12-19 00:00:00,1.0
LINK-USD,4h,OCOI,2023-11-08 20:00:00,2023-11-11 16:00:00,17,240,2023-11-10 04:00:00,14.39,810,828,2023-11-09 04:00:00,2023-11-11 08:00:00,1.0
LINK-USD,4h,OCO,2023-07-16 20:00:00,2023-08-01 04:00:00,92,240,2023-07-21 00:00:00,8.32,120,212,2023-07-18 00:00:00,2023-07-27 12:00:00,0.0
LTC-USD,1d,OCO,2024-11-20 00:00:00,2024-12-19 00:00:00,29,1440,2024-12-06 00:00:00,135.76,2703,2729,2024-11-24 00:00:00,2024-12-13 00:00:00,1.0
LTC-USD,1d,OCOI,2024-10-20 00:00:00,2024-11-15 00:00:00,26,1440,2024-11-05 00:00:00,65.47,2672,2700,2024-10-26 00:00:00,2024-11-13 00:00:00,1.0
LTC-USD,1d,OCO,2024-10-02 00:00:00,2024-11-05 00:00:00,34,1440,2024-10-20 00:00:00,74.59,2654,2688,2024-10-06 00:00:00,2024-10-30 00:00:00,1.0
LTC-USD,1d,OCOI,2024-01-13 00:00:00,2024-02-19 00:00:00,37,1440,2024-01-24 00:00:00,65.79,2391,2428,2024-01-18 00:00:00,2024-02-14 00:00:00,1.0
LTC-USD,1d,OCO,2022-10-02 00:00:00,2022-11-14 00:00:00,43,1440,2022-11-06 00:00:00,68.9,1923,1966,2022-10-05 00:00:00,2022-11-11 00:00:00,0.0
LTC-USD,1d,OCO,2022-08-31 00:00:00,2022-09-20 00:00:00,20,1440,2022-09-11 00:00:00,62.84,1887,1923,2022-09-05 00:00:00,2022-09-24 00:00:00,1.0
LTC-USD,1d,OCO,2022-06-18 00:00:00,2022-07-12 00:00:00,24,1440,2022-06-26 00:00:00,57.92,1813,1841,2022-06-15 00:00:00,2022-07-10 00:00:00,1.0
LTC-USD,1d,OCO,2021-12-14 00:00:00,2022-01-06 00:00:00,23,1440,2021-12-24 00:00:00,162.44,1631,1658,2021-12-16 00:00:00,2022-01-02 00:00:00,1.0
LTC-USD,1d,OCO,2021-08-18 00:00:00,2021-09-20 00:00:00,33,1440,2021-09-06 00:00:00,225.43,1522,1547,2021-08-28 00:00:00,2021-09-16 00:00:00,1.0
LTC-USD,1d,OCOI,2021-06-30 00:00:00,2021-08-07 00:00:00,38,1440,2021-07-20 00:00:00,110.28,1464,1510,2021-07-02 00:00:00,2021-08-03 00:00:00,1.0
LTC-USD,1d,OCO,2020-04-15 00:00:00,2020-05-26 00:00:00,41,1440,2020-05-03 00:00:00,48.86,1023,1064,2020-04-18 00:00:00,2020-05-19 00:00:00,-1.0
LTC-USD,1d,OCO,2019-07-24 00:00:00,2019-08-09 00:00:00,16,1440,2019-08-01 00:00:00,98.84,757,781,2019-07-25 00:00:00,2019-08-12 00:00:00,1.0
LTC-USD,1d,OCOI,2018-11-21 00:00:00,2019-01-04 00:00:00,44,1440,2018-12-14 00:00:00,23.57,498,561,2018-11-25 00:00:00,2018-12-27 00:00:00,1.0
LTC-USD,1d,OCOI,2018-06-19 00:00:00,2018-07-25 00:00:00,36,1440,2018-07-14 00:00:00,76.83,357,393,2018-06-29 00:00:00,2018-07-23 00:00:00,0.0
LTC-USD,1d,OCOI,2018-02-17 00:00:00,2018-03-03 00:00:00,14,1440,2018-02-23 00:00:00,202.31,235,251,2018-02-19 00:00:00,2018-03-01 00:00:00,1.0
LTC-USD,1h,OCO,2025-05-28 07:00:00,2025-05-31 02:00:00,67,60,2025-05-29 10:00:00,97.61,16826,16893,2025-05-28 12:00:00,2025-05-30 19:00:00,0.0
LTC-USD,1h,OCO,2025-05-13 03:00:00,2025-05-15 07:00:00,52,60,2025-05-14 07:00:00,104.44,16462,16514,2025-05-13 07:00:00,2025-05-15 00:00:00,0.0
LTC-USD,1h,OCO,2025-05-11 16:00:00,2025-05-13 15:00:00,47,60,2025-05-13 00:00:00,103.23,16427,16474,2025-05-12 13:00:00,2025-05-13 07:00:00,0.0
LTC-USD,1h,OCOI,2025-04-29 07:00:00,2025-05-02 03:00:00,68,60,2025-04-30 14:00:00,82.54,16130,16198,2025-04-29 15:00:00,2025-05-01 23:00:00,0.0
LTC-USD,1h,OCO,2025-04-27 06:00:00,2025-04-29 15:00:00,57,60,2025-04-28 08:00:00,87.37,16081,16138,2025-04-27 14:00:00,2025-04-29 07:00:00,1.0
LTC-USD,1h,OCOI,2025-04-02 21:00:00,2025-04-04 18:00:00,45,60,2025-04-03 13:00:00,81.24,15494,15549,2025-04-02 23:00:00,2025-04-04 11:00:00,1.0
LTC-USD,1h,OCOI,2025-02-27 15:00:00,2025-03-01 04:00:00,37,60,2025-02-28 07:00:00,116.35,14669,14711,2025-02-27 20:00:00,2025-03-01 01:00:00,1.0
LTC-USD,1h,OCOI,2025-02-26 11:00:00,2025-02-27 07:00:00,20,60,2025-02-26 19:00:00,121.81,14646,14669,2025-02-26 13:00:00,2025-02-27 04:00:00,1.0
LTC-USD,1h,OCO,2025-02-14 23:00:00,2025-02-17 04:00:00,53,60,2025-02-16 05:00:00,136.05,14370,14423,2025-02-15 15:00:00,2025-02-17 01:00:00,0.0
LTC-USD,1h,OCOI,2025-02-05 20:00:00,2025-02-08 01:00:00,53,60,2025-02-06 19:00:00,100.3,14151,14204,2025-02-05 23:00:00,2025-02-07 21:00:00,1.0
LTC-USD,1h,OCO,2025-02-03 06:00:00,2025-02-04 22:00:00,40,60,2025-02-03 22:00:00,108.03,14085,14129,2025-02-03 11:00:00,2025-02-04 15:00:00,1.0
LTC-USD,1h,OCO,2025-01-30 20:00:00,2025-02-01 08:00:00,36,60,2025-01-31 11:00:00,132.59,14007,14058,2025-01-30 23:00:00,2025-02-01 06:00:00,1.0
LTC-USD,1h,OCOI,2025-01-22 11:00:00,2025-01-23 23:00:00,36,60,2025-01-23 11:00:00,111.94,13789,13842,2025-01-22 14:00:00,2025-01-23 19:00:00,1.0
LTC-USD,1h,OCOI,2025-01-20 14:00:00,2025-01-21 18:00:00,28,60,2025-01-21 06:00:00,114.83,13761,13789,2025-01-20 18:00:00,2025-01-21 15:00:00,1.0
LTC-USD,1h,OCO,2025-01-09 14:00:00,2025-01-12 10:00:00,68,60,2025-01-10 20:00:00,106.01,13497,13591,2025-01-09 16:00:00,2025-01-12 02:00:00,1.0
LTC-USD,1h,OCOI,2025-01-08 01:00:00,2025-01-09 16:00:00,39,60,2025-01-08 18:00:00,100.32,13460,13499,2025-01-08 07:00:00,2025-01-09 14:00:00,1.0
LTC-USD,1h,OCO,2024-12-28 13:00:00,2024-12-31 04:00:00,63,60,2024-12-30 12:00:00,102.15,13209,13272,2024-12-28 22:00:00,2024-12-30 20:00:00,-1.0
LTC-USD,1h,OCOI,2024-12-14 16:00:00,2024-12-15 23:00:00,31,60,2024-12-15 08:00:00,115.88,12859,12909,2024-12-14 21:00:00,2024-12-15 22:00:00,1.0
LTC-USD,1h,OCOI,2024-12-03 09:00:00,2024-12-04 08:00:00,23,60,2024-12-03 14:00:00,125.51,12605,12628,2024-12-03 10:00:00,2024-12-04 03:00:00,-1.0
LTC-USD,1h,OCO,2024-11-26 11:00:00,2024-11-29 08:00:00,69,60,2024-11-28 01:00:00,97.95,12439,12508,2024-11-26 17:00:00,2024-11-29 02:00:00,0.0
LTC-USD,1h,OCOI,2024-11-10 18:00:00,2024-11-12 08:00:00,38,60,2024-11-11 06:00:00,75.21,12062,12100,2024-11-10 21:00:00,2024-11-12 05:00:00,0.0
LTC-USD,1h,OCOI,2024-05-21 17:00:00,2024-05-25 05:00:00,84,60,2024-05-23 20:00:00,83.54,7909,7993,2024-05-22 13:00:00,2024-05-24 16:00:00,0.0
LTC-USD,1h,OCOI,2024-03-27 02:00:00,2024-03-29 23:00:00,69,60,2024-03-27 19:00:00,93.7,6574,6643,2024-03-27 09:00:00,2024-03-28 20:00:00,0.0
LTC-USD,1h,OCOI,2024-03-16 18:00:00,2024-03-18 06:00:00,36,60,2024-03-17 07:00:00,82.97,6317,6362,2024-03-17 00:00:00,2024-03-18 01:00:00,1.0
LTC-USD,1h,OCOI,2024-03-15 03:00:00,2024-03-16 00:00:00,21,60,2024-03-15 09:00:00,86.92,6282,6317,2024-03-15 05:00:00,2024-03-15 21:00:00,1.0
LTC-USD,1h,OCO,2024-03-02 02:00:00,2024-03-04 04:00:00,50,60,2024-03-03 00:00:00,93.8,5964,6024,2024-03-02 04:00:00,2024-03-03 13:00:00,1.0
LTC-USD,1wk,OCO,2022-11-14 00:00:00,2023-04-03 00:00:00,20,10080,2023-02-20 00:00:00,96.41,280,300,2022-12-05 00:00:00,2023-03-27 00:00:00,0.0
LTC-USD,1wk,OCO,2019-09-30 00:00:00,2020-05-11 00:00:00,32,10080,2020-02-17 00:00:00,77.34,117,149,2019-11-11 00:00:00,2020-04-27 00:00:00,1.0
LTC-USD,4h,OCO,2025-03-23 20:00:00,2025-03-28 04:00:00,26,240,2025-03-26 08:00:00,96.0,3804,3860,2025-03-24 16:00:00,2025-03-27 08:00:00,1.0
LTC-USD,4h,OCOI,2025-02-14 12:00:00,2025-02-21 12:00:00,42,240,2025-02-17 20:00:00,121.63,3591,3633,2025-02-14 20:00:00,2025-02-20 16:00:00,1.0
LTC-USD,4h,OCO,2025-02-06 20:00:00,2025-02-13 08:00:00,39,240,2025-02-11 08:00:00,128.63,3545,3584,2025-02-07 12:00:00,2025-02-13 00:00:00,0.0
LTC-USD,4h,OCOI,2025-01-31 12:00:00,2025-02-05 12:00:00,30,240,2025-02-03 04:00:00,96.33,3507,3537,2025-01-31 20:00:00,2025-02-04 08:00:00,0.0
LTC-USD,4h,OCO,2025-01-30 08:00:00,2025-02-01 08:00:00,12,240,2025-01-31 12:00:00,131.52,3496,3523,2025-01-30 12:00:00,2025-02-01 00:00:00,1.0
LTC-USD,4h,OCOI,2024-12-02 20:00:00,2024-12-05 00:00:00,13,240,2024-12-03 16:00:00,127.27,3149,3162,2024-12-03 04:00:00,2024-12-04 16:00:00,1.0
LTC-USD,4h,OCOI,2024-11-24 04:00:00,2024-11-29 12:00:00,32,240,2024-11-26 16:00:00,90.49,3097,3131,2024-11-24 16:00:00,2024-11-28 12:00:00,1.0
LTC-USD,4h,OCOI,2024-03-29 20:00:00,2024-04-04 08:00:00,33,240,2024-04-02 04:00:00,97.41,1661,1694,2024-03-30 16:00:00,2024-04-03 20:00:00,1.0
LTC-USD,4h,OCOI,2023-10-24 12:00:00,2023-11-02 00:00:00,51,240,2023-10-27 20:00:00,66.79,718,769,2023-10-25 08:00:00,2023-11-01 12:00:00,-1.0
MATIC-USD,1d,OCO,2024-11-20 00:00:00,2024-12-22 00:00:00,32,1440,2024-12-07 00:00:00,0.71,2032,2064,2024-11-24 00:00:00,2024-12-12 00:00:00,1.0
MATIC-USD,1d,OCOI,2024-06-16 00:00:00,2024-07-21 00:00:00,35,1440,2024-07-05 00:00:00,0.48,1875,1910,2024-06-29 00:00:00,2024-07-19 00:00:00,0.0
MATIC-USD,1d,OCO,2023-03-09 00:00:00,2023-04-03 00:00:00,25,1440,2023-03-18 00:00:00,1.2,1410,1435,2023-03-14 00:00:00,2023-04-01 00:00:00,-1.0
MATIC-USD,1d,OCOI,2021-05-27 00:00:00,2021-06-20 00:00:00,24,1440,2021-06-12 00:00:00,1.3,759,783,2021-05-29 00:00:00,2021-06-19 00:00:00,0.0
MATIC-USD,1h,OCOI,2025-01-09 12:00:00,2025-01-10 18:00:00,30,60,2025-01-09 21:00:00,0.45,13485,13552,2025-01-09 14:00:00,2025-01-10 16:00:00,1.0
MATIC-USD,1h,OCOI,2024-12-03 06:00:00,2024-12-05 12:00:00,54,60,2024-12-03 14:00:00,0.68,12602,12656,2024-12-03 07:00:00,2024-12-05 02:00:00,0.0
MATIC-USD,1h,OCO,2024-11-26 12:00:00,2024-11-29 08:00:00,68,60,2024-11-27 23:00:00,0.58,12440,12508,2024-11-26 17:00:00,2024-11-29 02:00:00,0.0
MATIC-USD,1h,OCO,2024-04-14 21:00:00,2024-04-16 04:00:00,31,60,2024-04-15 10:00:00,0.75,7025,7056,2024-04-14 23:00:00,2024-04-15 22:00:00,1.0
MATIC-USD,1h,OCO,2024-03-26 17:00:00,2024-03-29 08:00:00,63,60,2024-03-27 13:00:00,1.06,6565,6628,2024-03-27 02:00:00,2024-03-28 08:00:00,0.0
MATIC-USD,1h,OCOI,2024-03-22 07:00:00,2024-03-23 15:00:00,32,60,2024-03-22 22:00:00,0.96,6459,6491,2024-03-22 14:00:00,2024-03-23 04:00:00,0.0
MATIC-USD,1h,OCOI,2024-03-10 14:00:00,2024-03-11 21:00:00,31,60,2024-03-11 01:00:00,1.19,6178,6211,2024-03-10 16:00:00,2024-03-11 14:00:00,1.0
MATIC-USD,1h,OCOI,2024-02-29 17:00:00,2024-03-02 00:00:00,31,60,2024-02-29 23:00:00,1.0,5938,5979,2024-02-29 18:00:00,2024-03-01 16:00:00,1.0
MATIC-USD,1h,OCO,2024-02-09 04:00:00,2024-02-11 20:00:00,64,60,2024-02-10 04:00:00,0.86,5433,5526,2024-02-08 21:00:00,2024-02-11 06:00:00,1.0
MATIC-USD,1h,OCO,2023-12-26 21:00:00,2023-12-28 18:00:00,45,60,2023-12-27 13:00:00,1.07,4373,4438,2023-12-27 01:00:00,2023-12-28 11:00:00,1.0
MATIC-USD,1h,OCO,2023-12-23 04:00:00,2023-12-25 10:00:00,54,60,2023-12-24 19:00:00,0.88,4296,4350,2023-12-24 03:00:00,2023-12-25 06:00:00,0.0
MATIC-USD,1h,OCO,2023-12-21 15:00:00,2023-12-24 11:00:00,68,60,2023-12-22 23:00:00,0.87,4259,4327,2023-12-22 05:00:00,2023-12-24 03:00:00,0.0
MATIC-USD,1h,OCO,2023-11-01 06:00:00,2023-11-03 11:00:00,53,60,2023-11-02 03:00:00,0.68,3057,3110,2023-11-01 13:00:00,2023-11-03 07:00:00,0.0
MATIC-USD,1h,OCO,2023-10-25 08:00:00,2023-10-27 02:00:00,42,60,2023-10-26 08:00:00,0.65,2891,2950,2023-10-25 15:00:00,2023-10-26 23:00:00,1.0
MATIC-USD,1h,OCO,2023-07-17 00:00:00,2023-07-18 07:00:00,31,60,2023-07-17 14:00:00,0.78,484,529,2023-07-17 04:00:00,2023-07-17 22:00:00,1.0
MATIC-USD,4h,OCO,2025-02-26 20:00:00,2025-03-08 00:00:00,55,240,2025-03-02 20:00:00,0.3,3665,3738,2025-02-27 08:00:00,2025-03-06 08:00:00,1.0
MATIC-USD,4h,OCO,2024-12-21 20:00:00,2024-12-28 08:00:00,39,240,2024-12-24 16:00:00,0.53,3263,3302,2024-12-22 12:00:00,2024-12-27 12:00:00,1.0
MATIC-USD,4h,OCOI,2024-12-12 04:00:00,2024-12-22 12:00:00,62,240,2024-12-20 12:00:00,0.44,3205,3267,2024-12-15 04:00:00,2024-12-21 20:00:00,0.0
MATIC-USD,4h,OCO,2024-11-04 20:00:00,2024-11-15 00:00:00,61,240,2024-11-12 04:00:00,0.42,2981,3042,2024-11-08 20:00:00,2024-11-13 16:00:00,0.0
MATIC-USD,4h,OCOI,2024-07-22 00:00:00,2024-07-31 08:00:00,56,240,2024-07-25 20:00:00,0.49,2346,2402,2024-07-23 04:00:00,2024-07-30 20:00:00,0.0
MATIC-USD,4h,OCO,2023-12-25 00:00:00,2024-01-01 04:00:00,43,240,2023-12-27 12:00:00,1.06,1086,1129,2023-12-26 00:00:00,2023-12-31 16:00:00,0.0
MATIC-USD,4h,OCOI,2023-07-14 08:00:00,2023-07-22 00:00:00,46,240,2023-07-18 20:00:00,0.74,105,152,2023-07-14 20:00:00,2023-07-21 08:00:00,0.0
MATIC-USD,4h,OCOI,2023-07-04 00:00:00,2023-07-11 04:00:00,43,240,2023-07-07 08:00:00,0.67,43,86,2023-07-05 16:00:00,2023-07-10 04:00:00,-1.0
MATIC-USD,4h,OCO,2023-06-28 20:00:00,2023-07-07 08:00:00,51,240,2023-07-04 00:00:00,0.72,12,63,2023-06-30 08:00:00,2023-07-06 08:00:00,-1.0
SHIB-USD,1d,OCOI,2025-03-26 00:00:00,2025-04-24 00:00:00,29,1440,2025-04-07 00:00:00,0.0,1440,1469,2025-03-31 00:00:00,2025-04-17 00:00:00,-1.0
SHIB-USD,1d,OCO,2024-08-11 00:00:00,2024-09-11 00:00:00,31,1440,2024-08-24 00:00:00,0.0,1213,1244,2024-08-13 00:00:00,2024-09-10 00:00:00,-1.0
SHIB-USD,1d,OCO,2023-02-10 00:00:00,2023-03-10 00:00:00,28,1440,2023-02-15 00:00:00,0.0,665,693,2023-02-11 00:00:00,2023-02-27 00:00:00,-1.0
SHIB-USD,1d,OCOI,2022-09-11 00:00:00,2022-11-01 00:00:00,51,1440,2022-10-18 00:00:00,0.0,513,564,2022-09-21 00:00:00,2022-10-31 00:00:00,-1.0
SHIB-USD,1h,OCOI,2025-05-18 18:00:00,2025-05-21 03:00:00,57,60,2025-05-19 12:00:00,0.0,16501,16563,2025-05-18 20:00:00,2025-05-20 13:00:00,1.0
SHIB-USD,1h,OCOI,2025-04-02 22:00:00,2025-04-05 01:00:00,51,60,2025-04-03 12:00:00,0.0,15397,15454,2025-04-02 23:00:00,2025-04-04 11:00:00,1.0
SHIB-USD,1h,OCO,2025-01-11 08:00:00,2025-01-12 22:00:00,38,60,2025-01-11 22:00:00,0.0,13442,13483,2025-01-11 10:00:00,2025-01-12 17:00:00,1.0
SHIB-USD,1h,OCOI,2025-01-04 14:00:00,2025-01-06 16:00:00,50,60,2025-01-05 17:00:00,0.0,13283,13333,2025-01-04 16:00:00,2025-01-06 09:00:00,0.0
SHIB-USD,1h,OCO,2024-12-03 14:00:00,2024-12-04 17:00:00,27,60,2024-12-04 08:00:00,0.0,12516,12543,2024-12-04 01:00:00,2024-12-04 15:00:00,0.0
SHIB-USD,1h,OCOI,2024-11-22 05:00:00,2024-11-22 21:00:00,16,60,2024-11-22 14:00:00,0.0,12243,12266,2024-11-22 07:00:00,2024-11-22 19:00:00,1.0
SHIB-USD,1h,OCO,2024-11-17 11:00:00,2024-11-18 20:00:00,33,60,2024-11-18 08:00:00,0.0,12129,12162,2024-11-17 16:00:00,2024-11-18 16:00:00,1.0
SHIB-USD,1h,OCO,2024-11-06 08:00:00,2024-11-08 17:00:00,57,60,2024-11-07 02:00:00,0.0,11862,11905,2024-11-06 12:00:00,2024-11-08 00:00:00,1.0
SHIB-USD,1h,OCO,2024-10-29 10:00:00,2024-10-30 09:00:00,23,60,2024-10-29 17:00:00,0.0,11668,11710,2024-10-29 11:00:00,2024-10-30 01:00:00,1.0
SHIB-USD,1h,OCOI,2024-07-17 04:00:00,2024-07-19 20:00:00,64,60,2024-07-18 19:00:00,0.0,9170,9234,2024-07-18 12:00:00,2024-07-19 09:00:00,0.0
SHIB-USD,1h,OCO,2024-07-14 20:00:00,2024-07-16 22:00:00,50,60,2024-07-16 03:00:00,0.0,9114,9164,2024-07-15 07:00:00,2024-07-16 16:00:00,0.0
SHIB-USD,1h,OCO,2024-07-05 09:00:00,2024-07-08 01:00:00,64,60,2024-07-06 23:00:00,0.0,8887,8951,2024-07-06 00:00:00,2024-07-07 17:00:00,0.0
SHIB-USD,1h,OCOI,2024-05-27 10:00:00,2024-05-28 15:00:00,29,60,2024-05-28 08:00:00,0.0,7952,7981,2024-05-27 11:00:00,2024-05-28 14:00:00,1.0
SHIB-USD,1h,OCOI,2024-05-21 00:00:00,2024-05-22 08:00:00,32,60,2024-05-21 20:00:00,0.0,7798,7830,2024-05-21 02:00:00,2024-05-22 05:00:00,1.0
SHIB-USD,1h,OCO,2024-05-08 22:00:00,2024-05-12 20:00:00,94,60,2024-05-09 23:00:00,0.0,7508,7611,2024-05-09 06:00:00,2024-05-11 18:00:00,1.0
SHIB-USD,1h,OCOI,2024-05-08 05:00:00,2024-05-09 17:00:00,36,60,2024-05-08 22:00:00,0.0,7471,7533,2024-05-08 12:00:00,2024-05-09 11:00:00,1.0
SHIB-USD,1h,OCOI,2024-05-01 19:00:00,2024-05-03 03:00:00,32,60,2024-05-02 06:00:00,0.0,7338,7370,2024-05-01 20:00:00,2024-05-03 00:00:00,0.0
SHIB-USD,1h,OCO,2024-04-23 04:00:00,2024-04-24 13:00:00,33,60,2024-04-23 16:00:00,0.0,7131,7160,2024-04-23 09:00:00,2024-04-24 05:00:00,1.0
SHIB-USD,1h,OCO,2024-04-14 21:00:00,2024-04-16 05:00:00,32,60,2024-04-15 07:00:00,0.0,6932,6964,2024-04-14 23:00:00,2024-04-15 23:00:00,-1.0
SHIB-USD,1h,OCOI,2024-04-08 10:00:00,2024-04-11 08:00:00,70,60,2024-04-10 13:00:00,0.0,6777,6847,2024-04-10 03:00:00,2024-04-11 05:00:00,0.0
SHIB-USD,1h,OCOI,2024-03-30 01:00:00,2024-03-31 20:00:00,43,60,2024-03-30 22:00:00,0.0,6552,6595,2024-03-30 08:00:00,2024-03-31 14:00:00,1.0
SHIB-USD,1h,OCOI,2024-03-27 06:00:00,2024-03-28 08:00:00,26,60,2024-03-27 19:00:00,0.0,6482,6514,2024-03-27 08:00:00,2024-03-28 03:00:00,1.0
SHIB-USD,1h,OCO,2024-03-15 16:00:00,2024-03-16 19:00:00,27,60,2024-03-16 00:00:00,0.0,6207,6234,2024-03-15 19:00:00,2024-03-16 16:00:00,0.0
SHIB-USD,1wk,OCOI,2021-05-31 00:00:00,2021-09-20 00:00:00,22,10080,2021-07-26 00:00:00,0.0,7,29,2021-06-14 00:00:00,2021-09-06 00:00:00,1.0
SHIB-USD,4h,OCOI,2025-03-26 08:00:00,2025-04-02 16:00:00,44,240,2025-03-31 08:00:00,0.0,3807,3851,2025-03-26 20:00:00,2025-04-02 08:00:00,0.0
SHIB-USD,4h,OCO,2025-03-11 00:00:00,2025-03-22 00:00:00,66,240,2025-03-17 04:00:00,0.0,3715,3781,2025-03-13 00:00:00,2025-03-21 00:00:00,1.0
SHIB-USD,4h,OCOI,2025-01-21 20:00:00,2025-01-31 12:00:00,58,240,2025-01-27 08:00:00,0.0,3426,3484,2025-01-23 20:00:00,2025-01-29 00:00:00,0.0
SHIB-USD,4h,OCOI,2024-12-21 08:00:00,2024-12-25 00:00:00,22,240,2024-12-22 20:00:00,0.0,3237,3259,2024-12-22 04:00:00,2024-12-23 12:00:00,0.0
SHIB-USD,4h,OCOI,2024-10-01 08:00:00,2024-10-07 04:00:00,35,240,2024-10-03 16:00:00,0.0,2751,2786,2024-10-01 20:00:00,2024-10-06 04:00:00,0.0
SHIB-USD,4h,OCO,2023-12-22 08:00:00,2023-12-26 20:00:00,27,240,2023-12-24 00:00:00,0.0,1033,1076,2023-12-22 20:00:00,2023-12-25 20:00:00,1.0
SHIB-USD,4h,OCO,2023-12-13 04:00:00,2023-12-20 00:00:00,41,240,2023-12-17 00:00:00,0.0,992,1033,2023-12-14 08:00:00,2023-12-19 04:00:00,1.0
SHIB-USD,4h,OCO,2023-07-30 20:00:00,2023-08-09 20:00:00,60,240,2023-08-05 20:00:00,0.0,180,240,2023-07-31 12:00:00,2023-08-09 08:00:00,0.0
SOL-USD,1d,OCOI,2025-05-19 00:00:00,2025-06-16 00:00:00,28,1440,2025-06-06 00:00:00,146.23,1864,1892,2025-05-20 00:00:00,2025-06-14 00:00:00,0.0
SOL-USD,1d,OCOI,2024-06-05 00:00:00,2024-07-02 00:00:00,27,1440,2024-06-24 00:00:00,130.42,1516,1543,2024-06-15 00:00:00,2024-06-29 00:00:00,0.0
SOL-USD,1d,OCOI,2024-03-18 00:00:00,2024-03-31 00:00:00,13,1440,2024-03-23 00:00:00,173.63,1437,1450,2024-03-20 00:00:00,2024-03-28 00:00:00,0.0
SOL-USD,1d,OCO,2023-01-24 00:00:00,2023-03-28 00:00:00,63,1440,2023-02-21 00:00:00,25.56,1018,1069,2023-01-29 00:00:00,2023-03-14 00:00:00,1.0
SOL-USD,1d,OCOI,2022-10-09 00:00:00,2022-11-04 00:00:00,26,1440,2022-10-22 00:00:00,28.06,901,938,2022-10-02 00:00:00,2022-11-03 00:00:00,1.0
SOL-USD,1d,OCO,2022-07-02 00:00:00,2022-08-04 00:00:00,33,1440,2022-07-19 00:00:00,44.32,812,845,2022-07-08 00:00:00,2022-07-31 00:00:00,1.0
SOL-USD,1d,OCOI,2021-05-18 00:00:00,2021-06-09 00:00:00,22,1440,2021-05-24 00:00:00,27.99,402,424,2021-05-20 00:00:00,2021-05-30 00:00:00,0.0
SOL-USD,1d,OCO,2021-05-07 00:00:00,2021-05-22 00:00:00,15,1440,2021-05-18 00:00:00,51.39,391,408,2021-05-09 00:00:00,2021-05-21 00:00:00,1.0
SOL-USD,1h,OCOI,2025-06-21 20:00:00,2025-06-23 18:00:00,46,60,2025-06-22 16:00:00,129.11,17412,17479,2025-06-21 22:00:00,2025-06-23 16:00:00,1.0
SOL-USD,1h,OCOI,2025-05-05 06:00:00,2025-05-07 09:00:00,51,60,2025-05-06 14:00:00,142.37,16279,16330,2025-05-05 15:00:00,2025-05-07 06:00:00,1.0
SOL-USD,1h,OCOI,2025-04-08 15:00:00,2025-04-09 16:00:00,25,60,2025-04-09 03:00:00,103.48,15629,15670,2025-04-08 09:00:00,2025-04-09 12:00:00,1.0
SOL-USD,1h,OCO,2025-02-09 23:00:00,2025-02-11 14:00:00,39,60,2025-02-10 14:00:00,206.8,14255,14300,2025-02-10 00:00:00,2025-02-11 06:00:00,1.0
SOL-USD,1h,OCOI,2025-02-06 15:00:00,2025-02-07 09:00:00,18,60,2025-02-07 00:00:00,189.99,14168,14199,2025-02-06 19:00:00,2025-02-07 07:00:00,1.0
SOL-USD,1h,OCOI,2025-01-12 16:00:00,2025-01-15 08:00:00,64,60,2025-01-13 12:00:00,175.36,13577,13641,2025-01-12 22:00:00,2025-01-14 17:00:00,1.0
SOL-USD,1h,OCOI,2025-01-10 10:00:00,2025-01-12 16:00:00,54,60,2025-01-11 10:00:00,185.02,13523,13577,2025-01-10 16:00:00,2025-01-12 09:00:00,1.0
SOL-USD,1h,OCOI,2025-01-09 10:00:00,2025-01-10 18:00:00,32,60,2025-01-09 21:00:00,185.21,13490,13531,2025-01-09 14:00:00,2025-01-10 16:00:00,1.0
SOL-USD,1h,OCO,2024-12-24 14:00:00,2024-12-26 05:00:00,39,60,2024-12-25 03:00:00,200.66,13108,13186,2024-12-24 16:00:00,2024-12-25 19:00:00,1.0
SOL-USD,1h,OCO,2024-12-17 01:00:00,2024-12-19 02:00:00,49,60,2024-12-17 18:00:00,227.49,12939,12988,2024-12-17 13:00:00,2024-12-18 11:00:00,0.0
SOL-USD,1h,OCOI,2024-12-16 01:00:00,2024-12-17 18:00:00,41,60,2024-12-17 01:00:00,213.76,12915,12956,2024-12-16 12:00:00,2024-12-17 15:00:00,0.0
SOL-USD,1h,OCOI,2024-11-14 12:00:00,2024-11-15 22:00:00,34,60,2024-11-15 05:00:00,207.2,12155,12198,2024-11-14 15:00:00,2024-11-15 16:00:00,1.0
SOL-USD,1h,OCOI,2024-11-04 03:00:00,2024-11-06 00:00:00,45,60,2024-11-04 21:00:00,156.7,11909,11959,2024-11-04 08:00:00,2024-11-05 20:00:00,1.0
SOL-USD,1h,OCOI,2024-11-03 01:00:00,2024-11-04 12:00:00,35,60,2024-11-03 15:00:00,159.58,11879,11918,2024-11-03 03:00:00,2024-11-04 08:00:00,1.0
SOL-USD,1h,OCO,2024-10-21 14:00:00,2024-10-23 17:00:00,51,60,2024-10-22 15:00:00,169.06,11584,11635,2024-10-22 06:00:00,2024-10-23 14:00:00,-1.0
SOL-USD,1h,OCO,2024-07-25 13:00:00,2024-07-28 06:00:00,65,60,2024-07-27 13:00:00,186.91,9471,9536,2024-07-25 15:00:00,2024-07-27 22:00:00,0.0
SOL-USD,1h,OCO,2024-07-23 13:00:00,2024-07-25 19:00:00,54,60,2024-07-24 17:00:00,180.73,9423,9477,2024-07-23 15:00:00,2024-07-25 15:00:00,1.0
SOL-USD,1h,OCO,2024-07-09 15:00:00,2024-07-11 15:00:00,48,60,2024-07-10 07:00:00,144.59,9089,9156,2024-07-09 21:00:00,2024-07-11 12:00:00,1.0
SOL-USD,1h,OCO,2024-06-18 02:00:00,2024-06-20 16:00:00,62,60,2024-06-19 06:00:00,140.9,8572,8659,2024-06-18 09:00:00,2024-06-20 11:00:00,1.0
SOL-USD,1h,OCO,2024-04-16 05:00:00,2024-04-18 00:00:00,43,60,2024-04-17 05:00:00,141.01,7063,7106,2024-04-16 08:00:00,2024-04-17 19:00:00,1.0
SOL-USD,1h,OCO,2024-04-06 13:00:00,2024-04-10 03:00:00,86,60,2024-04-08 09:00:00,183.36,6831,6917,2024-04-07 14:00:00,2024-04-09 18:00:00,0.0
SOL-USD,1h,OCO,2024-03-28 12:00:00,2024-03-29 16:00:00,28,60,2024-03-28 23:00:00,189.69,6614,6642,2024-03-28 15:00:00,2024-03-29 14:00:00,1.0
SOL-USD,1h,OCO,2024-03-25 12:00:00,2024-03-27 08:00:00,44,60,2024-03-26 10:00:00,195.53,6542,6597,2024-03-25 17:00:00,2024-03-26 22:00:00,1.0
SOL-USD,1h,OCOI,2024-03-23 14:00:00,2024-03-24 19:00:00,29,60,2024-03-24 04:00:00,172.43,6496,6529,2024-03-23 21:00:00,2024-03-24 17:00:00,1.0
SOL-USD,1h,OCO,2024-03-20 05:00:00,2024-03-22 14:00:00,57,60,2024-03-21 00:00:00,192.56,6415,6472,2024-03-20 14:00:00,2024-03-22 06:00:00,0.0
SOL-USD,1h,OCOI,2024-03-19 20:00:00,2024-03-20 19:00:00,23,60,2024-03-20 05:00:00,167.02,6403,6434,2024-03-19 23:00:00,2024-03-20 16:00:00,1.0
SOL-USD,1h,OCO,2024-03-03 14:00:00,2024-03-05 08:00:00,42,60,2024-03-04 09:00:00,133.22,5994,6058,2024-03-03 04:00:00,2024-03-05 00:00:00,1.0
SOL-USD,1h,OCO,2024-01-03 18:00:00,2024-01-06 05:00:00,59,60,2024-01-04 21:00:00,106.17,4580,4641,2024-01-04 05:00:00,2024-01-06 00:00:00,1.0
SOL-USD,1h,OCO,2023-12-25 01:00:00,2023-12-26 16:00:00,39,60,2023-12-25 18:00:00,123.12,4347,4388,2023-12-25 07:00:00,2023-12-26 13:00:00,1.0
SOL-USD,1h,OCO,2023-12-23 04:00:00,2023-12-25 09:00:00,53,60,2023-12-24 19:00:00,115.93,4302,4355,2023-12-24 04:00:00,2023-12-25 07:00:00,0.0
SOL-USD,1wk,OCO,2021-09-06 00:00:00,2022-01-10 00:00:00,18,10080,2021-11-08 00:00:00,244.12,75,93,2021-09-13 00:00:00,2021-12-20 00:00:00,1.0
SOL-USD,4h,OCO,2025-06-13 04:00:00,2025-06-22 16:00:00,57,240,2025-06-16 16:00:00,157.07,4304,4361,2025-06-14 00:00:00,2025-06-20 08:00:00,
SOL-USD,4h,OCO,2025-05-06 12:00:00,2025-05-13 04:00:00,40,240,2025-05-11 00:00:00,176.77,4078,4118,2025-05-09 20:00:00,2025-05-12 04:00:00,
SOL-USD,4h,OCO,2025-04-21 20:00:00,2025-04-30 16:00:00,53,240,2025-04-25 08:00:00,154.68,3990,4043,2025-04-23 12:00:00,2025-04-28 08:00:00,
SOL-USD,4h,OCOI,2025-03-07 16:00:00,2025-03-12 20:00:00,31,240,2025-03-10 20:00:00,119.18,3719,3750,2025-03-10 00:00:00,2025-03-12 04:00:00,
SOL-USD,4h,OCOI,2025-02-04 16:00:00,2025-02-09 04:00:00,27,240,2025-02-06 20:00:00,189.99,3533,3560,2025-02-05 20:00:00,2025-02-08 00:00:00,
SOL-USD,4h,OCOI,2025-01-30 12:00:00,2025-02-04 16:00:00,31,240,2025-02-03 04:00:00,198.78,3502,3533,2025-01-31 04:00:00,2025-02-04 08:00:00,
SOL-USD,4h,OCOI,2025-01-19 08:00:00,2025-01-24 12:00:00,31,240,2025-01-21 04:00:00,236.74,3435,3466,2025-01-20 00:00:00,2025-01-23 08:00:00,
SOL-USD,4h,OCO,2024-09-07 00:00:00,2024-09-13 08:00:00,38,240,2024-09-10 20:00:00,136.16,2629,2667,2024-09-08 08:00:00,2024-09-12 20:00:00,
SOL-USD,4h,OCO,2024-09-01 08:00:00,2024-09-07 00:00:00,34,240,2024-09-03 00:00:00,135.29,2595,2629,2024-09-01 16:00:00,2024-09-04 16:00:00,
SOL-USD,4h,OCO,2024-07-17 20:00:00,2024-07-25 16:00:00,47,240,2024-07-22 00:00:00,182.77,2322,2369,2024-07-18 08:00:00,2024-07-24 16:00:00,
SOL-USD,4h,OCO,2024-07-12 08:00:00,2024-07-18 16:00:00,38,240,2024-07-16 16:00:00,161.61,2289,2327,2024-07-16 00:00:00,2024-07-18 08:00:00,
SOL-USD,4h,OCO,2024-05-26 16:00:00,2024-06-02 20:00:00,43,240,2024-05-29 04:00:00,171.31,2009,2052,2024-05-27 16:00:00,2024-05-30 16:00:00,
SOL-USD,4h,OCOI,2024-05-24 00:00:00,2024-05-29 04:00:00,31,240,2024-05-26 16:00:00,162.65,1993,2024,2024-05-24 08:00:00,2024-05-28 04:00:00,
SOL-USD,4h,OCOI,2024-04-01 00:00:00,2024-04-04 16:00:00,22,240,2024-04-02 12:00:00,178.51,1675,1697,2024-04-01 16:00:00,2024-04-04 04:00:00,
SOL-USD,4h,OCO,2024-02-27 16:00:00,2024-03-05 04:00:00,39,240,2024-03-01 08:00:00,133.52,1475,1514,2024-02-29 16:00:00,2024-03-04 12:00:00,
SOL-USD,4h,OCOI,2024-02-02 08:00:00,2024-02-10 04:00:00,47,240,2024-02-06 12:00:00,94.85,1323,1370,2024-02-05 00:00:00,2024-02-07 08:00:00,
TRX-USD,1d,OCO,2025-01-14 00:00:00,2025-02-05 00:00:00,22,1440,2025-01-25 00:00:00,0.25,2622,2644,2025-01-18 00:00:00,2025-01-31 00:00:00,
TRX-USD,1d,OCOI,2023-03-14 00:00:00,2023-05-06 00:00:00,53,1440,2023-03-23 00:00:00,0.06,1950,2003,2023-03-16 00:00:00,2023-04-13 00:00:00,
TRX-USD,1d,OCO,2022-11-17 00:00:00,2023-01-07 00:00:00,51,1440,2022-12-15 00:00:00,0.06,1833,1884,2022-12-01 00:00:00,2022-12-22 00:00:00,
TRX-USD,1d,OCOI,2022-01-03 00:00:00,2022-02-16 00:00:00,44,1440,2022-01-25 00:00:00,0.06,1515,1559,2022-01-11 00:00:00,2022-02-12 00:00:00,
TRX-USD,1d,OCO,2021-04-29 00:00:00,2021-05-23 00:00:00,24,1440,2021-05-07 00:00:00,0.15,1266,1290,2021-05-01 00:00:00,2021-05-14 00:00:00,
TRX-USD,1d,OCO,2020-01-02 00:00:00,2020-03-13 00:00:00,71,1440,2020-02-14 00:00:00,0.03,783,854,2020-01-18 00:00:00,2020-03-06 00:00:00,
TRX-USD,1d,OCO,2019-09-25 00:00:00,2019-12-18 00:00:00,84,1440,2019-10-29 00:00:00,0.02,684,768,2019-10-09 00:00:00,2019-11-29 00:00:00,
TRX-USD,1d,OCOI,2019-05-28 00:00:00,2019-06-29 00:00:00,32,1440,2019-06-10 00:00:00,0.03,564,596,2019-05-31 00:00:00,2019-06-28 00:00:00,
TRX-USD,1d,OCO,2018-09-12 00:00:00,2018-10-30 00:00:00,48,1440,2018-10-08 00:00:00,0.03,306,354,2018-09-22 00:00:00,2018-10-16 00:00:00,
TRX-USD,1d,OCO,2018-05-12 00:00:00,2018-06-13 00:00:00,32,1440,2018-05-21 00:00:00,0.08,183,215,2018-05-14 00:00:00,2018-06-03 00:00:00,
TRX-USD,1h,OCOI,2025-06-10 14:00:00,2025-06-14 03:00:00,85,60,2025-06-13 01:00:00,0.27,17151,17236,2025-06-12 11:00:00,2025-06-13 16:00:00,
TRX-USD,1h,OCOI,2025-05-12 14:00:00,2025-05-14 19:00:00,53,60,2025-05-13 06:00:00,0.26,16455,16508,2025-05-12 19:00:00,2025-05-14 09:00:00,
TRX-USD,1h,OCO,2025-05-09 23:00:00,2025-05-12 06:00:00,55,60,2025-05-11 04:00:00,0.27,16392,16447,2025-05-10 09:00:00,2025-05-12 03:00:00,
TRX-USD,1h,OCOI,2025-03-11 08:00:00,2025-03-14 01:00:00,65,60,2025-03-12 15:00:00,0.22,14961,15026,2025-03-11 15:00:00,2025-03-13 21:00:00,
TRX-USD,1h,OCOI,2025-01-19 03:00:00,2025-01-22 17:00:00,86,60,2025-01-20 01:00:00,0.22,13732,13818,2025-01-19 12:00:00,2025-01-21 01:00:00,
TRX-USD,1h,OCO,2025-01-16 15:00:00,2025-01-18 21:00:00,54,60,2025-01-18 03:00:00,0.25,13672,13726,2025-01-16 20:00:00,2025-01-18 15:00:00,
TRX-USD,1wk,OCOI,2018-08-27 00:00:00,2019-04-08 00:00:00,32,10080,2018-12-10 00:00:00,0.01,41,73,2018-09-10 00:00:00,2019-03-04 00:00:00,
TRX-USD,4h,OCOI,2025-04-26 20:00:00,2025-05-03 00:00:00,37,240,2025-04-30 04:00:00,0.24,4020,4057,2025-04-28 00:00:00,2025-05-02 00:00:00,
TRX-USD,4h,OCOI,2025-03-21 16:00:00,2025-03-29 16:00:00,48,240,2025-03-25 04:00:00,0.23,3803,3851,2025-03-22 12:00:00,2025-03-28 08:00:00,
TRX-USD,4h,OCO,2025-03-03 20:00:00,2025-03-12 12:00:00,52,240,2025-03-08 04:00:00,0.25,3696,3748,2025-03-06 04:00:00,2025-03-10 12:00:00,
TRX-USD,4h,OCOI,2024-12-27 12:00:00,2025-01-03 20:00:00,44,240,2024-12-31 04:00:00,0.25,3298,3342,2024-12-28 16:00:00,2025-01-03 08:00:00,
UNI-USD,1d,OCO,2021-07-16 00:00:00,2021-08-08 00:00:00,23,1440,2021-07-28 00:00:00,0.0,633,656,2021-07-18 00:00:00,2021-08-03 00:00:00,
UNI-USD,1d,OCOI,2021-06-29 00:00:00,2021-07-28 00:00:00,29,1440,2021-07-16 00:00:00,0.0,616,645,2021-07-08 00:00:00,2021-07-21 00:00:00,
UNI-USD,1d,OCO,2020-03-02 00:00:00,2020-03-18 00:00:00,16,1440,2020-03-12 00:00:00,0.0,132,148,2020-03-04 00:00:00,2020-03-16 00:00:00,
UNI-USD,1h,OCOI,2024-12-02 02:00:00,2024-12-05 04:00:00,74,60,2024-12-03 13:00:00,0.0,12481,12555,2024-12-02 12:00:00,2024-12-04 17:00:00,
UNI-USD,1h,OCOI,2024-04-15 10:00:00,2024-04-19 12:00:00,98,60,2024-04-17 16:00:00,0.0,6945,7043,2024-04-16 15:00:00,2024-04-19 02:00:00,
UNI-USD,1h,OCO,2024-03-15 09:00:00,2024-03-17 07:00:00,46,60,2024-03-16 00:00:00,0.0,6200,6246,2024-03-15 19:00:00,2024-03-17 03:00:00,
UNI-USD,1h,OCOI,2023-11-29 09:00:00,2023-11-30 12:00:00,27,60,2023-11-29 21:00:00,0.0,3632,3659,2023-11-29 11:00:00,2023-11-30 09:00:00,
UNI-USD,4h,OCO,2025-02-26 20:00:00,2025-03-10 20:00:00,72,240,2025-03-02 20:00:00,0.0,3642,3714,2025-02-27 08:00:00,2025-03-06 04:00:00,
UNI-USD,4h,OCO,2025-02-06 20:00:00,2025-02-13 16:00:00,41,240,2025-02-11 08:00:00,0.0,3522,3563,2025-02-07 12:00:00,2025-02-13 00:00:00,
UNI-USD,4h,OCO,2025-01-18 04:00:00,2025-01-23 08:00:00,31,240,2025-01-20 08:00:00,0.0,3404,3435,2025-01-19 16:00:00,2025-01-21 20:00:00,
UNI-USD,4h,OCOI,2024-03-16 00:00:00,2024-03-26 08:00:00,62,240,2024-03-20 00:00:00,0.0,1555,1617,2024-03-17 00:00:00,2024-03-23 00:00:00,
XRP-USD,1d,OCO,2024-04-30 00:00:00,2024-07-08 00:00:00,69,1440,2024-05-25 00:00:00,0.54,2363,2432,2024-05-06 00:00:00,2024-06-18 00:00:00,
XRP-USD,1d,OCO,2023-10-13 00:00:00,2023-11-28 00:00:00,46,1440,2023-11-07 00:00:00,0.7,2163,2209,2023-10-25 00:00:00,2023-11-25 00:00:00,
XRP-USD,1d,OCO,2022-09-28 00:00:00,2022-11-03 00:00:00,36,1440,2022-10-09 00:00:00,0.53,1783,1819,2022-09-30 00:00:00,2022-10-29 00:00:00,
XRP-USD,1d,OCO,2021-10-28 00:00:00,2021-11-27 00:00:00,30,1440,2021-11-09 00:00:00,1.27,1448,1478,2021-11-04 00:00:00,2021-11-20 00:00:00,
XRP-USD,1d,OCO,2021-08-26 00:00:00,2021-09-14 00:00:00,19,1440,2021-09-06 00:00:00,1.35,1385,1404,2021-08-28 00:00:00,2021-09-12 00:00:00,
XRP-USD,1h,OCO,2025-06-09 05:00:00,2025-06-10 16:00:00,35,60,2025-06-09 23:00:00,2.32,17119,17154,2025-06-09 12:00:00,2025-06-10 12:00:00,
XRP-USD,1h,OCO,2025-05-22 07:00:00,2025-05-23 12:00:00,29,60,2025-05-23 03:00:00,2.47,16689,16718,2025-05-22 12:00:00,2025-05-23 10:00:00,
XRP-USD,1h,OCOI,2025-05-18 16:00:00,2025-05-21 06:00:00,62,60,2025-05-19 07:00:00,2.3,16602,16664,2025-05-18 20:00:00,2025-05-20 14:00:00,
XRP-USD,1h,OCO,2025-05-09 16:00:00,2025-05-11 16:00:00,48,60,2025-05-10 23:00:00,2.46,16386,16434,2025-05-09 18:00:00,2025-05-11 12:00:00,
XRP-USD,1h,OCO,2025-04-13 22:00:00,2025-04-14 23:00:00,25,60,2025-04-14 12:00:00,2.15,15768,15793,2025-04-14 04:00:00,2025-04-14 19:00:00,
XRP-USD,1h,OCO,2025-04-12 17:00:00,2025-04-13 22:00:00,29,60,2025-04-13 10:00:00,2.22,15739,15768,2025-04-13 00:00:00,2025-04-13 18:00:00,
XRP-USD,1h,OCO,2025-04-07 07:00:00,2025-04-08 07:00:00,24,60,2025-04-07 22:00:00,1.93,15609,15633,2025-04-07 15:00:00,2025-04-08 02:00:00,
XRP-USD,1h,OCOI,2025-04-02 16:00:00,2025-04-04 21:00:00,53,60,2025-04-03 15:00:00,1.99,15498,15551,2025-04-02 23:00:00,2025-04-04 11:00:00,
XRP-USD,1h,OCOI,2025-03-30 09:00:00,2025-04-01 09:00:00,48,60,2025-03-31 09:00:00,2.05,15419,15467,2025-03-30 17:00:00,2025-04-01 01:00:00,
XRP-USD,1h,OCO,2025-03-29 11:00:00,2025-03-31 09:00:00,46,60,2025-03-30 09:00:00,2.19,15397,15443,2025-03-29 14:00:00,2025-03-30 19:00:00,
XRP-USD,1h,OCOI,2025-03-21 18:00:00,2025-03-24 18:00:00,72,60,2025-03-22 23:00:00,2.37,15212,15284,2025-03-21 23:00:00,2025-03-23 18:00:00,
XRP-USD,1h,OCO,2025-03-06 00:00:00,2025-03-07 01:00:00,25,60,2025-03-06 11:00:00,2.62,14834,14859,2025-03-06 05:00:00,2025-03-06 21:00:00,
XRP-USD,1h,OCOI,2025-03-04 19:00:00,2025-03-05 22:00:00,27,60,2025-03-05 06:00:00,2.44,14805,14832,2025-03-05 00:00:00,2025-03-05 15:00:00,
XRP-USD,1h,OCO,2025-02-26 19:00:00,2025-02-27 21:00:00,26,60,2025-02-27 11:00:00,2.24,14661,14687,2025-02-26 22:00:00,2025-02-27 18:00:00,
XRP-USD,1h,OCOI,2025-01-24 11:00:00,2025-01-26 08:00:00,45,60,2025-01-25 10:00:00,3.1,13861,13906,2025-01-24 23:00:00,2025-01-26 00:00:00,
XRP-USD,1h,OCO,2024-12-27 16:00:00,2024-12-30 16:00:00,72,60,2024-12-28 22:00:00,2.19,13195,13267,2024-12-27 19:00:00,2024-12-30 02:00:00,
XRP-USD,1h,OCOI,2024-12-22 10:00:00,2024-12-23 12:00:00,26,60,2024-12-23 02:00:00,2.16,13069,13095,2024-12-22 15:00:00,2024-12-23 07:00:00,
XRP-USD,1h,OCOI,2024-12-15 17:00:00,2024-12-16 22:00:00,29,60,2024-12-16 12:00:00,2.35,12908,12937,2024-12-15 22:00:00,2024-12-16 19:00:00,
XRP-USD,1h,OCO,2024-12-07 08:00:00,2024-12-08 15:00:00,31,60,2024-12-08 00:00:00,2.6,12707,12738,2024-12-07 16:00:00,2024-12-08 13:00:00,
XRP-USD,1h,OCO,2024-12-03 14:00:00,2024-12-05 01:00:00,35,60,2024-12-04 10:00:00,2.64,12617,12652,2024-12-03 21:00:00,2024-12-04 19:00:00,
XRP-USD,1h,OCO,2024-11-19 22:00:00,2024-11-21 03:00:00,29,60,2024-11-20 14:00:00,1.13,12289,12318,2024-11-20 00:00:00,2024-11-21 01:00:00,
XRP-USD,1h,OCOI,2024-11-17 09:00:00,2024-11-18 15:00:00,30,60,2024-11-17 19:00:00,1.04,12228,12258,2024-11-17 11:00:00,2024-11-18 12:00:00,
XRP-USD,1wk,OCOI,2022-10-10 00:00:00,2023-04-10 00:00:00,26,10080,2023-01-02 00:00:00,0.34,256,282,2022-11-14 00:00:00,2023-03-06 00:00:00,
XRP-USD,4h,OCOI,2025-05-23 00:00:00,2025-05-27 16:00:00,28,240,2025-05-25 12:00:00,2.29,4177,4205,2025-05-24 00:00:00,2025-05-27 04:00:00,
XRP-USD,4h,OCO,2025-04-20 12:00:00,2025-04-26 00:00:00,33,240,2025-04-23 08:00:00,2.25,3982,4015,2025-04-21 08:00:00,2025-04-24 16:00:00,
XRP-USD,4h,OCO,2025-03-11 00:00:00,2025-03-18 16:00:00,46,240,2025-03-15 12:00:00,2.43,3739,3785,2025-03-13 12:00:00,2025-03-17 16:00:00,
XRP-USD,4h,OCOI,2025-03-08 16:00:00,2025-03-15 12:00:00,41,240,2025-03-11 00:00:00,2.04,3725,3766,2025-03-09 20:00:00,2025-03-13 20:00:00,
XRP-USD,4h,OCOI,2025-02-22 12:00:00,2025-02-27 08:00:00,29,240,2025-02-25 08:00:00,2.18,3640,3669,2025-02-23 16:00:00,2025-02-26 20:00:00,
XRP-USD,4h,OCOI,2025-01-29 04:00:00,2025-02-04 16:00:00,39,240,2025-02-03 04:00:00,2.34,3494,3533,2025-01-29 16:00:00,2025-02-04 08:00:00,
XRP-USD,4h,OCOI,2024-11-18 04:00:00,2024-11-23 04:00:00,30,240,2024-11-20 04:00:00,1.08,3062,3092,2024-11-18 20:00:00,2024-11-20 20:00:00,
XRP-USD,4h,OCOI,2023-11-16 04:00:00,2023-12-04 04:00:00,108,240,2023-11-22 00:00:00,0.59,854,962,2023-11-17 16:00:00,2023-11-27 16:00:00,
