ticker,intervalo,tipo_padrao,data_inicio,data_fim,duracao_em_velas,intervalo_em_minutos,data_cabeca,preco_cabeca,label_humano,altura_rel_cabeca,ratio_ombro_esquerdo,ratio_ombro_direito,ratio_simetria_altura_ombros,neckline_slope,volume_breakout_ratio
ADA-USD,1d,OCO,2024-12-28 00:00:00,2025-01-12 00:00:00,15,1440,2025-01-06 00:00:00,1.0900,0.0000,0.2018,0.2450,0.2450,1.0000,0.0067,0.7261
ADA-USD,1d,OCOI,2024-10-18 00:00:00,2024-11-05 00:00:00,18,1440,2024-10-26 00:00:00,0.3300,1.0000,0.0299,0.6193,0.6868,0.9017,-0.0008,8.2136
ADA-USD,1h,OCO,2025-05-28 12:00:00,2025-05-29 12:00:00,24,60,2025-05-29 03:00:00,0.7600,1.0000,,,,,,
ADA-USD,1h,OCOI,2025-05-18 20:00:00,2025-05-20 13:00:00,41,60,2025-05-19 06:00:00,0.7200,1.0000,0.0212,1.3094,0.0346,0.0264,-0.0555,0.0000
ADA-USD,1h,OCOI,2025-05-12 19:00:00,2025-05-14 03:00:00,32,60,2025-05-13 03:00:00,0.7800,0.0000,0.0330,0.7150,0.1201,0.1680,-0.0255,1.9265
ADA-USD,1h,OCO,2025-04-27 21:00:00,2025-04-29 15:00:00,42,60,2025-04-28 08:00:00,0.7200,1.0000,0.0334,0.7203,0.3756,0.5215,0.0006,1.0000
ADA-USD,1h,OCO,2025-03-05 02:00:00,2025-03-05 20:00:00,18,60,2025-03-05 11:00:00,0.9900,1.0000,0.0545,0.7259,0.6859,0.9449,0.0430,0.2464
ADA-USD,1h,OCO,2025-02-14 10:00:00,2025-02-15 03:00:00,17,60,2025-02-14 18:00:00,0.8200,1.0000,0.0219,0.5960,0.7033,0.8474,-0.0121,0.0000
ADA-USD,1h,OCO,2025-02-04 15:00:00,2025-02-06 07:00:00,40,60,2025-02-05 14:00:00,0.7700,1.0000,0.0314,0.0738,0.3261,0.2265,-0.0278,0.0000
ADA-USD,1h,OCO,2025-01-27 15:00:00,2025-01-29 07:00:00,40,60,2025-01-28 11:00:00,0.9600,0.0000,0.0531,0.4524,0.5395,0.8386,0.0102,0.0000
ADA-USD,1h,OCOI,2025-01-04 11:00:00,2025-01-05 12:00:00,25,60,2025-01-05 03:00:00,1.0600,1.0000,0.0313,0.6772,0.5439,0.8032,0.0106,2.2788
ADA-USD,1h,OCO,2024-12-07 15:00:00,2024-12-08 07:00:00,16,60,2024-12-08 00:00:00,1.2100,0.0000,0.0207,0.4378,1.6182,0.2706,-0.0310,3.5595
ADA-USD,1h,OCOI,2024-11-10 21:00:00,2024-11-11 14:00:00,17,60,2024-11-11 06:00:00,0.5700,0.0000,0.0335,0.4188,0.4785,0.8752,0.0207,1.9299
ADA-USD,1h,OCOI,2024-03-27 08:00:00,2024-03-28 03:00:00,19,60,2024-03-27 16:00:00,0.6400,1.0000,0.0161,0.6128,0.5590,0.9121,-0.0108,0.0459
ADA-USD,1h,OCO,2024-03-15 19:00:00,2024-03-17 03:00:00,32,60,2024-03-16 08:00:00,0.7300,0.0000,,,,,,
ADA-USD,1h,OCO,2024-02-21 23:00:00,2024-02-22 21:00:00,22,60,2024-02-22 09:00:00,0.6100,1.0000,0.0184,0.8116,0.1150,0.1417,0.0162,0.2407
ADA-USD,1h,OCOI,2024-01-31 11:00:00,2024-02-02 14:00:00,51,60,2024-02-01 13:00:00,0.4900,0.0000,,,,,,
ADA-USD,1h,OCO,2024-01-11 04:00:00,2024-01-13 06:00:00,50,60,2024-01-11 13:00:00,0.6100,0.0000,0.0366,0.3548,0.0752,0.2119,0.0154,0.0000
ADA-USD,1h,OCOI,2023-12-10 09:00:00,2023-12-12 17:00:00,56,60,2023-12-11 19:00:00,0.5300,0.0000,0.0205,0.0537,1.8947,0.0283,0.0581,1.0000
ADA-USD,1h,OCO,2023-11-11 00:00:00,2023-11-12 08:00:00,32,60,2023-11-11 17:00:00,0.3900,1.0000,0.0132,0.2826,0.9016,0.3135,-0.0034,1.0000
ADA-USD,4h,OCO,2025-06-01 20:00:00,2025-06-05 08:00:00,21,240,2025-06-04 04:00:00,0.7000,1.0000,,,,,,
ADA-USD,4h,OCO,2025-05-09 08:00:00,2025-05-12 08:00:00,18,240,2025-05-11 00:00:00,0.8300,0.0000,0.0387,0.5088,0.5050,0.9925,0.0104,0.4208
ADA-USD,4h,OCOI,2025-04-28 16:00:00,2025-05-02 20:00:00,25,240,2025-04-30 16:00:00,0.6800,1.0000,0.0308,0.4853,0.4643,0.9568,-0.0013,2.1938
ADA-USD,4h,OCOI,2025-01-31 04:00:00,2025-02-04 08:00:00,25,240,2025-02-03 04:00:00,0.6900,0.0000,0.1517,0.3055,0.2978,0.9748,-0.0511,0.0248
ADA-USD,4h,OCO,2024-12-27 12:00:00,2024-12-30 20:00:00,20,240,2024-12-29 08:00:00,0.8900,0.0000,0.0279,0.4904,0.2487,0.5071,-0.0045,1.6216
ADA-USD,4h,OCOI,2024-11-29 20:00:00,2024-12-02 08:00:00,15,240,2024-12-01 04:00:00,1.0500,0.0000,0.0768,0.5173,0.6025,0.8585,0.0213,2.0421
ADA-USD,4h,OCO,2024-07-13 20:00:00,2024-07-17 08:00:00,21,240,2024-07-16 00:00:00,0.4500,1.0000,0.0161,0.1198,0.8294,0.1445,-0.0027,0.3160
ADA-USD,4h,OCOI,2024-05-05 04:00:00,2024-05-09 08:00:00,25,240,2024-05-08 08:00:00,0.4400,0.0000,0.0248,0.3487,0.4563,0.7642,-0.0007,0.4624
ADA-USD,4h,OCOI,2024-01-05 12:00:00,2024-01-09 20:00:00,26,240,2024-01-08 04:00:00,0.4800,1.0000,0.0532,0.0507,0.7447,0.0681,0.0078,4.5775
ADA-USD,4h,OCO,2023-12-25 20:00:00,2024-01-02 04:00:00,44,240,2023-12-28 04:00:00,0.6600,1.0000,0.0575,0.4176,0.0446,0.1067,0.0091,0.1100
AVAX-USD,1d,OCOI,2025-05-12 00:00:00,2025-05-24 00:00:00,12,1440,2025-05-20 00:00:00,22.4300,0.0000,2.0771,0.4220,0.4427,0.9532,-0.1454,0.8464
AVAX-USD,1d,OCO,2025-03-19 00:00:00,2025-04-01 00:00:00,13,1440,2025-03-26 00:00:00,22.4900,1.0000,3.6068,0.1128,0.1324,0.8522,-0.0127,1.3957
AVAX-USD,1d,OCO,2025-01-11 00:00:00,2025-01-22 00:00:00,11,1440,2025-01-17 00:00:00,40.7200,1.0000,4.8888,0.1903,0.2277,0.8356,-0.0215,1.0097
AVAX-USD,1d,OCO,2024-12-08 00:00:00,2024-12-25 00:00:00,17,1440,2024-12-13 00:00:00,52.9100,0.0000,9.9697,0.6560,0.5783,0.8816,-0.6647,1.0000
AVAX-USD,1h,OCOI,2025-04-26 13:00:00,2025-04-28 16:00:00,51,60,2025-04-28 02:00:00,21.3100,0.0000,0.8769,0.3175,1.0746,0.2955,0.3696,1.0000
AVAX-USD,1h,OCOI,2025-04-13 14:00:00,2025-04-14 16:00:00,26,60,2025-04-13 22:00:00,19.4700,0.0000,0.7682,1.0877,0.1097,0.1009,-0.7015,3.3649
AVAX-USD,1h,OCO,2025-04-11 17:00:00,2025-04-13 18:00:00,49,60,2025-04-13 00:00:00,20.5200,0.0000,0.4239,0.3838,0.6672,0.5752,-0.4821,0.2571
AVAX-USD,1h,OCOI,2025-01-20 17:00:00,2025-01-21 15:00:00,22,60,2025-01-21 05:00:00,34.8900,1.0000,1.7121,0.1608,0.3119,0.5156,-0.0822,0.0000
AVAX-USD,1h,OCOI,2025-01-08 07:00:00,2025-01-09 21:00:00,38,60,2025-01-09 14:00:00,36.0000,0.0000,1.2809,0.3137,0.8568,0.3661,-0.3831,0.8867
AVAX-USD,1h,OCOI,2025-01-05 02:00:00,2025-01-06 01:00:00,23,60,2025-01-05 10:00:00,41.6500,1.0000,1.0260,0.4991,0.4886,0.9791,0.7183,6.2065
AVAX-USD,1h,OCO,2024-12-22 17:00:00,2024-12-23 10:00:00,17,60,2024-12-23 04:00:00,37.6000,-1.0000,1.4488,0.2621,0.7124,0.3680,-0.1936,1.6403
AVAX-USD,1h,OCO,2024-12-15 14:00:00,2024-12-16 19:00:00,29,60,2024-12-16 01:00:00,51.3600,1.0000,,,,,,
AVAX-USD,1h,OCO,2024-12-07 19:00:00,2024-12-09 06:00:00,35,60,2024-12-08 23:00:00,54.0300,1.0000,2.6282,0.3586,0.1201,0.3350,1.2937,2.0453
AVAX-USD,1h,OCOI,2024-11-27 16:00:00,2024-11-29 09:00:00,41,60,2024-11-28 16:00:00,41.8400,1.0000,1.7503,0.5453,0.1869,0.3428,-0.4492,1.2187
AVAX-USD,1h,OCO,2024-11-27 02:00:00,2024-11-27 15:00:00,13,60,2024-11-27 10:00:00,43.8200,0.0000,1.0655,0.6470,0.7811,0.8283,0.6809,1.3908
AVAX-USD,1h,OCOI,2024-11-20 19:00:00,2024-11-21 10:00:00,15,60,2024-11-21 03:00:00,32.9800,1.0000,1.0983,0.4052,0.4822,0.8402,0.7471,3.0366
AVAX-USD,1h,OCO,2024-11-17 00:00:00,2024-11-18 07:00:00,31,60,2024-11-17 10:00:00,36.7800,1.0000,2.4032,0.4796,0.4261,0.8884,0.6465,1.3359
AVAX-USD,1h,OCOI,2024-04-30 19:00:00,2024-05-01 17:00:00,22,60,2024-05-01 08:00:00,31.0600,1.0000,1.5845,0.3362,0.2871,0.8541,-0.1778,0.6736
AVAX-USD,1h,OCOI,2024-04-18 00:00:00,2024-04-18 13:00:00,13,60,2024-04-18 07:00:00,33.4600,0.0000,1.0641,0.5377,0.6471,0.8310,1.6100,1.0000
AVAX-USD,1h,OCO,2024-04-14 23:00:00,2024-04-16 08:00:00,33,60,2024-04-15 10:00:00,38.0600,0.0000,2.5417,0.5142,0.5619,0.9150,-1.5206,0.2288
AVAX-USD,1h,OCOI,2024-03-28 13:00:00,2024-03-30 08:00:00,43,60,2024-03-29 21:00:00,52.8400,0.0000,1.2768,0.1133,0.5625,0.2015,0.9692,1.0000
AVAX-USD,1h,OCO,2024-03-22 00:00:00,2024-03-22 12:00:00,12,60,2024-03-22 05:00:00,55.9300,0.0000,2.0618,0.4438,0.3767,0.8488,3.4317,1.1178
AVAX-USD,1h,OCOI,2024-03-19 06:00:00,2024-03-19 14:00:00,8,60,2024-03-19 09:00:00,56.8600,0.0000,1.8883,0.6822,0.8200,0.8319,1.8454,0.0000
AVAX-USD,1h,OCO,2024-03-13 18:00:00,2024-03-14 10:00:00,16,60,2024-03-14 02:00:00,58.2200,1.0000,3.3158,0.2878,0.2586,0.8986,4.1682,1.0606
AVAX-USD,1h,OCO,2024-03-04 01:00:00,2024-03-04 23:00:00,22,60,2024-03-04 12:00:00,43.6600,0.0000,1.3671,0.4229,0.5170,0.8179,0.0140,1.9579
AVAX-USD,1h,OCOI,2024-02-29 12:00:00,2024-03-01 17:00:00,29,60,2024-02-29 23:00:00,40.5700,1.0000,2.0214,0.1059,0.5683,0.1863,1.9284,1.0000
AVAX-USD,1h,OCOI,2024-02-17 02:00:00,2024-02-18 02:00:00,24,60,2024-02-17 14:00:00,38.8400,1.0000,1.2894,0.4855,0.4561,0.9395,-0.7963,2.7447
AVAX-USD,1h,OCO,2024-02-15 01:00:00,2024-02-16 03:00:00,26,60,2024-02-15 10:00:00,43.1400,1.0000,1.5625,0.4131,0.4388,0.9413,-0.6928,0.0000
AVAX-USD,1h,OCOI,2024-01-24 20:00:00,2024-01-26 02:00:00,30,60,2024-01-25 13:00:00,29.8100,1.0000,1.6876,0.5886,0.2124,0.3609,0.5461,3.2014
AVAX-USD,1h,OCOI,2024-01-17 00:00:00,2024-01-17 17:00:00,17,60,2024-01-17 08:00:00,35.4700,0.0000,0.8132,0.7886,0.7828,0.9926,0.0123,1.0000
AVAX-USD,1h,OCOI,2024-01-07 10:00:00,2024-01-09 02:00:00,40,60,2024-01-08 03:00:00,32.0400,0.0000,3.3951,0.0915,0.1554,0.5891,1.1529,0.4540
AVAX-USD,1h,OCO,2024-01-04 06:00:00,2024-01-05 09:00:00,27,60,2024-01-04 19:00:00,38.9200,1.0000,2.1183,0.2194,0.2119,0.9655,0.2291,1.1774
AVAX-USD,1h,OCO,2023-12-30 19:00:00,2024-01-01 02:00:00,31,60,2023-12-31 10:00:00,40.3200,0.0000,1.6130,0.5795,0.5423,0.9357,-0.4974,0.2471
AVAX-USD,1h,OCOI,2023-12-03 18:00:00,2023-12-05 14:00:00,44,60,2023-12-04 15:00:00,21.4600,1.0000,1.4110,0.6715,0.7912,0.8488,0.2526,2.6788
AVAX-USD,1h,OCO,2023-10-24 13:00:00,2023-10-26 23:00:00,58,60,2023-10-26 08:00:00,11.3600,0.0000,0.8983,0.1937,0.5568,0.3479,0.1332,0.2333
AVAX-USD,4h,OCO,2025-05-18 12:00:00,2025-05-29 04:00:00,64,240,2025-05-23 00:00:00,25.4900,1.0000,3.2677,0.0613,0.4418,0.1388,0.0325,1.0000
AVAX-USD,4h,OCO,2025-05-12 04:00:00,2025-05-18 12:00:00,38,240,2025-05-14 04:00:00,26.0600,0.0000,2.2940,0.6151,0.1986,0.3229,-0.1850,0.2792
AVAX-USD,4h,OCOI,2025-04-13 20:00:00,2025-04-20 12:00:00,40,240,2025-04-16 08:00:00,18.7800,1.0000,0.4992,0.4737,0.0215,0.0453,-0.6106,0.5017
AVAX-USD,4h,OCOI,2025-02-13 20:00:00,2025-02-21 20:00:00,48,240,2025-02-18 16:00:00,23.3200,0.0000,1.0738,0.8443,0.0352,0.0417,-0.7729,0.8334
AVAX-USD,4h,OCO,2025-01-09 12:00:00,2025-01-12 16:00:00,19,240,2025-01-10 08:00:00,37.5900,1.0000,1.3738,0.6179,0.5264,0.8518,0.0718,5.8980
AVAX-USD,4h,OCO,2024-11-24 04:00:00,2024-11-27 12:00:00,20,240,2024-11-25 08:00:00,45.2500,0.0000,5.3509,0.5498,0.5228,0.9508,0.4645,1.0000
AVAX-USD,4h,OCOI,2024-10-01 20:00:00,2024-10-05 20:00:00,24,240,2024-10-03 12:00:00,24.5500,1.0000,1.1249,0.0427,1.0059,0.0424,0.4394,2.4641
AVAX-USD,4h,OCOI,2024-08-13 08:00:00,2024-08-19 16:00:00,38,240,2024-08-16 12:00:00,20.1100,1.0000,0.3715,0.4342,2.4943,0.1741,0.3552,4.4841
AVAX-USD,4h,OCOI,2024-06-22 08:00:00,2024-06-27 00:00:00,28,240,2024-06-24 16:00:00,23.8300,1.0000,1.5046,0.2131,0.1765,0.8284,0.2708,0.9329
AVAX-USD,4h,OCO,2024-03-12 20:00:00,2024-03-15 00:00:00,13,240,2024-03-14 04:00:00,56.7600,0.0000,3.9536,0.6032,0.5398,0.8948,-0.8188,3.0779
AVAX-USD,4h,OCO,2023-11-18 16:00:00,2023-11-21 12:00:00,17,240,2023-11-20 00:00:00,22.7000,1.0000,1.5568,0.4198,0.4994,0.8407,-0.3331,1.1896
BCH-USD,1d,OCO,2025-03-02 00:00:00,2025-03-13 00:00:00,11,1440,2025-03-06 00:00:00,393.8200,1.0000,69.1611,0.1315,0.1298,0.9872,2.1811,0.5720
BCH-USD,1d,OCOI,2025-02-21 00:00:00,2025-03-04 00:00:00,11,1440,2025-02-25 00:00:00,291.6100,1.0000,33.5209,0.2020,0.2165,0.9329,0.3466,1.2314
BCH-USD,1d,OCO,2024-04-01 00:00:00,2024-04-15 00:00:00,14,1440,2024-04-07 00:00:00,690.0300,0.0000,113.9464,0.2410,0.2055,0.8529,-10.1993,0.3802
BCH-USD,1d,OCOI,2023-11-03 00:00:00,2023-12-07 00:00:00,34,1440,2023-11-22 00:00:00,220.5900,0.0000,7.6319,0.1129,0.4930,0.2290,-0.2529,2.3753
BCH-USD,1h,OCO,2025-06-17 20:00:00,2025-06-18 21:00:00,25,60,2025-06-18 05:00:00,476.8400,0.0000,13.9749,0.5204,0.5338,0.9748,-6.5242,1.0000
BCH-USD,1h,OCOI,2025-06-02 04:00:00,2025-06-04 00:00:00,44,60,2025-06-02 19:00:00,398.8100,0.0000,6.9349,0.7509,0.3937,0.5243,0.8688,2.7263
BCH-USD,1h,OCOI,2025-05-09 09:00:00,2025-05-10 12:00:00,27,60,2025-05-09 16:00:00,406.2500,1.0000,10.5523,0.4536,0.5502,0.8244,6.4902,3.0149
BCH-USD,1h,OCOI,2025-05-05 02:00:00,2025-05-06 13:00:00,35,60,2025-05-05 15:00:00,351.4700,1.0000,4.9192,1.6466,0.3142,0.1908,-10.5427,0.3140
BCH-USD,1h,OCO,2025-01-27 15:00:00,2025-01-29 07:00:00,40,60,2025-01-28 05:00:00,428.9500,0.0000,19.4711,0.4581,0.4314,0.9417,-0.2808,5.7502
BCH-USD,1h,OCO,2025-01-16 17:00:00,2025-01-19 02:00:00,57,60,2025-01-17 20:00:00,497.5300,1.0000,35.1773,0.2092,0.1238,0.5915,1.5102,0.0000
BCH-USD,1h,OCO,2024-12-22 18:00:00,2024-12-23 10:00:00,16,60,2024-12-23 04:00:00,453.7100,1.0000,13.3144,0.3360,0.5682,0.5913,-5.8146,1.4272
BCH-USD,1h,OCOI,2024-12-03 10:00:00,2024-12-04 03:00:00,17,60,2024-12-03 15:00:00,529.9200,0.0000,28.8213,0.5735,0.6261,0.9161,58.6674,1.0000
BCH-USD,1h,OCO,2024-11-26 17:00:00,2024-11-29 03:00:00,58,60,2024-11-27 23:00:00,519.5300,0.0000,21.5383,0.4937,0.1378,0.2792,11.6317,0.0000
BCH-USD,1h,OCOI,2024-11-26 00:00:00,2024-11-26 19:00:00,19,60,2024-11-26 13:00:00,482.3100,1.0000,14.0297,0.7067,0.6082,0.8606,-13.5663,0.5887
BCH-USD,1h,OCO,2024-11-24 23:00:00,2024-11-26 02:00:00,27,60,2024-11-25 11:00:00,524.2200,1.0000,24.6023,0.3758,0.3936,0.9547,-10.7804,0.5975
BCH-USD,1h,OCO,2024-11-07 02:00:00,2024-11-08 23:00:00,45,60,2024-11-07 21:00:00,384.5000,0.0000,12.7573,0.7043,0.7967,0.8841,-3.6369,1.0000
BCH-USD,1h,OCOI,2024-10-15 12:00:00,2024-10-16 08:00:00,20,60,2024-10-15 21:00:00,351.6400,1.0000,8.6130,0.2401,1.8279,0.1313,24.2140,1.0000
BCH-USD,1h,OCO,2024-10-07 02:00:00,2024-10-08 16:00:00,38,60,2024-10-07 17:00:00,331.1900,0.0000,5.5145,1.7742,0.1705,0.0961,9.7877,0.2190
BCH-USD,1h,OCOI,2024-09-05 20:00:00,2024-09-07 22:00:00,50,60,2024-09-06 21:00:00,292.5800,1.0000,17.0662,0.1574,0.4206,0.3744,-4.2091,0.0000
BCH-USD,1h,OCO,2024-08-12 15:00:00,2024-08-13 17:00:00,26,60,2024-08-13 01:00:00,359.7700,1.0000,16.3309,0.4312,0.4756,0.9067,6.3499,0.0000
BCH-USD,1h,OCO,2024-08-05 16:00:00,2024-08-06 16:00:00,24,60,2024-08-06 01:00:00,324.5000,0.0000,,,,,,
BCH-USD,1h,OCO,2024-04-25 17:00:00,2024-04-28 04:00:00,59,60,2024-04-26 19:00:00,490.2700,1.0000,17.9435,0.3984,0.3212,0.8062,-2.9240,0.3765
BCH-USD,1h,OCOI,2024-04-18 17:00:00,2024-04-19 15:00:00,22,60,2024-04-19 02:00:00,456.8600,0.0000,28.6799,0.2887,0.2404,0.8325,-1.6321,2.2770
BCH-USD,1h,OCOI,2024-03-15 05:00:00,2024-03-15 21:00:00,16,60,2024-03-15 09:00:00,402.6300,0.0000,11.1797,0.6605,0.7173,0.9208,1.7693,0.5481
BCH-USD,1h,OCO,2024-03-04 06:00:00,2024-03-05 13:00:00,31,60,2024-03-04 23:00:00,468.6800,1.0000,22.6231,0.4619,0.4041,0.8750,-8.3480,3.2101
BCH-USD,1h,OCOI,2024-02-27 08:00:00,2024-02-28 22:00:00,38,60,2024-02-28 03:00:00,291.8200,1.0000,14.3501,0.6509,0.7137,0.9121,-0.7721,1.6664
BCH-USD,1h,OCOI,2024-01-13 17:00:00,2024-01-15 15:00:00,46,60,2024-01-15 00:00:00,248.0300,0.0000,5.7430,0.3278,0.2384,0.7273,-3.3291,3.3690
BCH-USD,1h,OCOI,2023-07-01 05:00:00,2023-07-02 18:00:00,37,60,2023-07-02 04:00:00,271.7700,0.0000,,,,,,
BCH-USD,1h,OCO,2023-06-26 19:00:00,2023-06-28 11:00:00,40,60,2023-06-27 12:00:00,234.8000,-1.0000,,,,,,
BCH-USD,4h,OCO,2025-04-23 00:00:00,2025-04-28 08:00:00,32,240,2025-04-25 12:00:00,377.6000,0.0000,27.7187,0.3153,0.2688,0.8524,-0.9632,2.4156
BCH-USD,4h,OCOI,2025-04-03 16:00:00,2025-04-09 00:00:00,32,240,2025-04-07 08:00:00,255.9500,1.0000,33.9960,0.1302,0.2760,0.4717,-7.5989,1.6137
BCH-USD,4h,OCO,2024-12-27 12:00:00,2024-12-30 08:00:00,17,240,2024-12-29 04:00:00,450.9500,1.0000,10.5201,0.8844,0.7087,0.8014,0.2316,2.2570
BCH-USD,4h,OCO,2024-12-23 00:00:00,2024-12-27 12:00:00,27,240,2024-12-24 16:00:00,472.4100,0.0000,34.1365,0.3485,0.3501,0.9954,-0.3128,1.8768
BCH-USD,4h,OCOI,2024-12-13 12:00:00,2024-12-16 12:00:00,18,240,2024-12-14 16:00:00,527.8600,0.0000,15.4979,0.8663,0.7220,0.8335,-0.8752,0.5661
BCH-USD,4h,OCOI,2024-12-01 00:00:00,2024-12-03 16:00:00,16,240,2024-12-02 08:00:00,512.6600,1.0000,22.6835,0.4710,0.4393,0.9327,4.3853,0.6245
BCH-USD,4h,OCOI,2024-10-20 04:00:00,2024-10-26 16:00:00,39,240,2024-10-23 16:00:00,346.8500,1.0000,23.5078,0.6563,0.6763,0.9704,-1.3883,3.2893
BCH-USD,4h,OCOI,2024-09-30 20:00:00,2024-10-10 00:00:00,55,240,2024-10-03 08:00:00,315.4100,0.0000,3.8363,0.2944,2.0596,0.1429,3.7829,1.0000
BCH-USD,4h,OCO,2024-08-20 04:00:00,2024-08-27 08:00:00,43,240,2024-08-24 20:00:00,365.3700,1.0000,8.8948,0.1551,0.7616,0.2037,-6.0471,0.9593
BCH-USD,4h,OCOI,2024-08-09 12:00:00,2024-08-15 20:00:00,38,240,2024-08-12 00:00:00,332.1200,0.0000,18.0144,0.3529,0.0622,0.1761,-6.7642,1.7225
BCH-USD,4h,OCO,2024-07-14 04:00:00,2024-07-16 16:00:00,15,240,2024-07-16 00:00:00,399.8000,1.0000,,,,,,
BCH-USD,4h,OCOI,2024-06-30 00:00:00,2024-07-08 00:00:00,48,240,2024-07-05 04:00:00,301.1600,0.0000,55.8597,0.4052,0.3700,0.9132,-8.8816,0.6027
BCH-USD,4h,OCOI,2024-04-29 08:00:00,2024-05-05 04:00:00,35,240,2024-05-01 12:00:00,405.2300,0.0000,25.9721,0.9571,0.0501,0.0523,-21.9298,0.1599
BCH-USD,4h,OCOI,2024-04-16 12:00:00,2024-04-19 04:00:00,16,240,2024-04-17 12:00:00,459.2800,1.0000,25.5115,0.3960,0.4441,0.8918,-0.3292,1.6679
BCH-USD,4h,OCOI,2024-04-02 08:00:00,2024-04-04 16:00:00,14,240,2024-04-03 16:00:00,581.9800,1.0000,66.1454,0.4126,0.3715,0.9005,13.8676,1.0638
BCH-USD,4h,OCOI,2024-01-31 08:00:00,2024-02-02 20:00:00,15,240,2024-02-01 04:00:00,233.1700,1.0000,8.4489,0.7504,0.3584,0.4776,-0.2744,1.6430
BCH-USD,4h,OCO,2023-12-28 04:00:00,2024-01-02 08:00:00,31,240,2023-12-30 08:00:00,281.6700,1.0000,26.1231,0.2386,0.2192,0.9187,1.9325,0.5248
BNB-USD,1d,OCOI,2025-03-04 00:00:00,2025-03-23 00:00:00,19,1440,2025-03-11 00:00:00,541.8000,0.0000,69.0511,0.1821,0.1268,0.6962,2.6999,1.0000
BNB-USD,1d,OCOI,2024-06-29 00:00:00,2024-07-18 00:00:00,19,1440,2024-07-08 00:00:00,500.6100,0.0000,,,,,,
BNB-USD,1d,OCOI,2024-04-03 00:00:00,2024-05-02 00:00:00,29,1440,2024-04-17 00:00:00,536.1200,0.0000,72.8905,0.6737,0.7114,0.9470,0.2541,1.2739
BNB-USD,1h,OCOI,2025-05-18 19:00:00,2025-05-20 15:00:00,44,60,2025-05-19 07:00:00,636.5700,1.0000,7.8927,1.5942,0.1826,0.1145,-18.8287,0.0072
BNB-USD,1h,OCO,2025-03-18 00:00:00,2025-03-18 19:00:00,19,60,2025-03-18 09:00:00,640.7200,1.0000,15.2438,0.4391,0.5645,0.7779,-1.3846,0.0999
BNB-USD,1h,OCO,2025-02-08 20:00:00,2025-02-10 01:00:00,29,60,2025-02-09 08:00:00,642.4400,1.0000,24.4801,0.6626,0.0549,0.0829,16.3005,0.1730
BNB-USD,1h,OCO,2024-12-06 17:00:00,2024-12-08 23:00:00,54,60,2024-12-07 19:00:00,759.3100,1.0000,11.5204,0.5285,0.0764,0.1446,16.0662,1.3940
BNB-USD,1h,OCOI,2024-11-03 14:00:00,2024-11-05 20:00:00,54,60,2024-11-04 21:00:00,547.2200,1.0000,16.2039,0.1509,0.5054,0.2985,7.5831,15.2245
BNB-USD,1h,OCO,2024-08-28 10:00:00,2024-08-30 13:00:00,51,60,2024-08-29 13:00:00,544.5200,0.0000,12.9310,0.8464,0.8422,0.9950,-1.3275,2.2316
BNB-USD,1h,OCOI,2024-06-17 10:00:00,2024-06-19 15:00:00,53,60,2024-06-18 19:00:00,579.1300,0.0000,8.4749,0.0018,2.6973,0.0007,32.8782,1.0000
BNB-USD,1h,OCO,2024-03-15 18:00:00,2024-03-17 03:00:00,33,60,2024-03-16 00:00:00,626.3700,0.0000,,,,,,
BNB-USD,4h,OCO,2025-05-18 12:00:00,2025-05-24 16:00:00,37,240,2025-05-23 00:00:00,687.2600,0.0000,,,,,,
BNB-USD,4h,OCO,2025-02-27 04:00:00,2025-03-06 12:00:00,44,240,2025-03-02 20:00:00,623.9100,1.0000,58.9465,0.7726,0.5800,0.7507,-1.4213,1.0000
BNB-USD,4h,OCO,2024-12-06 12:00:00,2024-12-09 00:00:00,15,240,2024-12-07 16:00:00,758.8000,1.0000,48.4424,0.0228,0.2509,0.0907,-9.9899,0.9762
BNB-USD,4h,OCOI,2024-11-24 16:00:00,2024-12-01 04:00:00,39,240,2024-11-26 20:00:00,611.6400,0.0000,47.1550,0.3589,0.0334,0.0930,-2.8407,0.2283
BNB-USD,4h,OCO,2024-09-23 20:00:00,2024-10-01 08:00:00,45,240,2024-09-28 00:00:00,610.1800,0.0000,,,,,,
BNB-USD,4h,OCO,2024-09-08 08:00:00,2024-09-17 16:00:00,56,240,2024-09-15 16:00:00,559.2100,0.0000,16.7211,0.1131,1.2100,0.0934,-7.5436,1.0000
BNB-USD,4h,OCOI,2024-05-11 00:00:00,2024-05-16 16:00:00,34,240,2024-05-14 20:00:00,567.6000,0.0000,22.3754,0.2855,0.6352,0.4494,-4.1168,0.0875
BNB-USD,4h,OCOI,2024-03-19 04:00:00,2024-03-20 16:00:00,9,240,2024-03-20 00:00:00,510.1300,1.0000,21.7072,0.4226,0.3779,0.8941,2.5095,0.5133
BTC-USD,1d,OCO,2025-01-18 00:00:00,2025-01-26 00:00:00,8,1440,2025-01-22 00:00:00,104899.6700,1.0000,,,,,,
BTC-USD,1d,OCOI,2023-08-25 00:00:00,2023-09-28 00:00:00,34,1440,2023-09-11 00:00:00,25497.4400,1.0000,850.1438,0.1449,1.7209,0.0842,91.5531,1.0000
BTC-USD,1h,OCOI,2025-05-18 20:00:00,2025-05-20 14:00:00,42,60,2025-05-19 06:00:00,102645.1800,1.0000,,,,,,
BTC-USD,1h,OCOI,2025-03-29 17:00:00,2025-03-31 23:00:00,54,60,2025-03-31 04:00:00,81661.3100,1.0000,506.7287,0.8057,0.4380,0.5436,-1206.9631,3.5855
BTC-USD,1h,OCO,2025-03-05 12:00:00,2025-03-07 15:00:00,51,60,2025-03-06 05:00:00,92544.4100,1.0000,2118.8251,0.9688,0.0205,0.0212,3427.0833,0.9073
BTC-USD,1h,OCO,2025-01-10 11:00:00,2025-01-12 17:00:00,54,60,2025-01-10 18:00:00,95342.0200,0.0000,1512.0658,0.9529,0.1612,0.1692,643.9766,0.0000
BTC-USD,1h,OCOI,2025-01-09 14:00:00,2025-01-10 16:00:00,26,60,2025-01-09 20:00:00,92092.3300,0.0000,2310.7414,0.7485,0.6636,0.8865,1087.9638,0.5295
BTC-USD,1h,OCOI,2024-12-23 01:00:00,2024-12-24 20:00:00,43,60,2024-12-23 19:00:00,92791.6200,0.0000,2391.6746,0.5901,0.2449,0.4151,-2536.6803,0.0000
BTC-USD,1h,OCOI,2024-12-02 17:00:00,2024-12-04 17:00:00,48,60,2024-12-03 13:00:00,94299.1100,1.0000,2017.2930,0.3202,0.8787,0.3644,614.8312,6.7328
BTC-USD,1h,OCO,2024-11-10 18:00:00,2024-11-12 20:00:00,50,60,2024-11-12 07:00:00,89372.3500,0.0000,2030.2867,0.1703,1.9254,0.0885,-3566.9625,1.0000
BTC-USD,1h,OCOI,2024-11-03 14:00:00,2024-11-05 14:00:00,48,60,2024-11-04 21:00:00,67187.6000,1.0000,2392.0072,0.3901,0.4244,0.9192,604.2909,12.5514
BTC-USD,1h,OCOI,2024-04-16 15:00:00,2024-04-19 02:00:00,59,60,2024-04-17 16:00:00,60319.8200,1.0000,,,,,,
BTC-USD,1h,OCO,2024-03-15 19:00:00,2024-03-17 04:00:00,33,60,2024-03-16 00:00:00,69625.4200,0.0000,1212.6138,1.3719,0.0121,0.0089,2930.1211,0.0000
BTC-USD,4h,OCO,2025-02-27 08:00:00,2025-03-06 04:00:00,41,240,2025-03-02 20:00:00,93811.8200,1.0000,9776.6774,0.0258,0.4631,0.0558,-415.7850,1.0000
BTC-USD,4h,OCO,2025-01-19 16:00:00,2025-01-21 20:00:00,13,240,2025-01-20 08:00:00,107560.6100,1.0000,5941.1735,0.7300,0.6204,0.8498,893.1395,0.9850
BTC-USD,4h,OCOI,2025-01-09 20:00:00,2025-01-16 12:00:00,40,240,2025-01-13 12:00:00,91569.8700,0.0000,4057.2344,0.0582,0.1102,0.5280,979.7016,0.4428
BTC-USD,4h,OCO,2024-12-11 16:00:00,2024-12-19 12:00:00,47,240,2024-12-17 08:00:00,106838.4600,1.0000,3900.9067,0.0500,0.4717,0.1061,-1382.3950,1.5514
BTC-USD,4h,OCOI,2024-03-17 00:00:00,2024-03-23 00:00:00,36,240,2024-03-20 00:00:00,61814.5500,1.0000,3201.6821,0.1164,1.2072,0.0965,2353.3315,1.0000
DOT-USD,1d,OCOI,2024-12-14 00:00:00,2024-12-28 00:00:00,14,1440,2024-12-22 00:00:00,6.9000,0.0000,1.0792,0.2333,0.2854,0.8175,-0.1518,0.4619
DOT-USD,1d,OCO,2024-11-24 00:00:00,2024-12-14 00:00:00,20,1440,2024-12-07 00:00:00,10.6700,1.0000,2.2752,0.2380,0.2458,0.9684,0.0210,0.5638
DOT-USD,1d,OCO,2024-07-09 00:00:00,2024-07-22 00:00:00,13,1440,2024-07-16 00:00:00,6.4200,1.0000,0.2946,0.4398,0.4304,0.9786,0.0250,0.8717
DOT-USD,1d,OCOI,2024-06-14 00:00:00,2024-06-30 00:00:00,16,1440,2024-06-21 00:00:00,5.6300,1.0000,0.6467,0.1840,0.1518,0.8248,-0.0064,2.1796
DOT-USD,1h,OCOI,2025-01-04 10:00:00,2025-01-06 10:00:00,48,60,2025-01-05 10:00:00,7.5500,0.0000,0.2634,0.5906,0.5991,0.9859,-0.0159,13.5475
DOT-USD,1h,OCOI,2024-12-29 22:00:00,2024-12-31 06:00:00,32,60,2024-12-30 16:00:00,6.5800,1.0000,0.3094,0.6127,0.6055,0.9883,-0.2184,0.0000
DOT-USD,1h,OCO,2024-12-27 17:00:00,2024-12-30 03:00:00,58,60,2024-12-28 23:00:00,7.1200,1.0000,0.2878,0.6935,0.5569,0.8031,0.0160,18.0855
DOT-USD,1h,OCOI,2024-12-15 22:00:00,2024-12-17 07:00:00,33,60,2024-12-16 12:00:00,8.6300,0.0000,0.4421,0.7240,0.8010,0.9038,-0.0871,1.0000
DOT-USD,1h,OCO,2024-07-16 15:00:00,2024-07-18 02:00:00,35,60,2024-07-17 14:00:00,6.4900,1.0000,,,,,,
DOT-USD,1h,OCO,2024-07-13 19:00:00,2024-07-16 00:00:00,53,60,2024-07-15 03:00:00,6.5100,0.0000,0.2365,0.2888,0.3767,0.7666,0.1394,0.4942
DOT-USD,1h,OCOI,2024-06-18 02:00:00,2024-06-20 00:00:00,46,60,2024-06-18 19:00:00,5.6400,0.0000,0.1970,0.1161,1.0903,0.1065,0.2210,1.0000
DOT-USD,1h,OCOI,2024-06-07 19:00:00,2024-06-10 07:00:00,60,60,2024-06-08 23:00:00,6.3900,0.0000,0.0964,0.3563,1.4303,0.2491,0.0384,1.7050
DOT-USD,1h,OCOI,2024-05-23 19:00:00,2024-05-26 06:00:00,59,60,2024-05-24 06:00:00,7.0900,0.0000,0.1863,0.8684,0.3707,0.4269,0.0126,0.0000
DOT-USD,1h,OCOI,2024-04-18 06:00:00,2024-04-20 01:00:00,43,60,2024-04-19 02:00:00,6.4400,1.0000,0.3621,0.2491,0.5532,0.4504,0.0770,1.2073
DOT-USD,1h,OCO,2024-03-29 05:00:00,2024-03-30 06:00:00,25,60,2024-03-29 14:00:00,9.7100,1.0000,0.2678,0.5740,0.5068,0.8829,0.0850,0.2098
DOT-USD,1h,OCO,2024-03-25 05:00:00,2024-03-27 02:00:00,45,60,2024-03-26 10:00:00,10.0200,0.0000,0.4815,0.2427,0.2411,0.9936,0.1464,0.4625
DOT-USD,1h,OCO,2024-03-17 19:00:00,2024-03-18 23:00:00,28,60,2024-03-18 08:00:00,10.3500,1.0000,0.4992,0.3516,0.3283,0.9338,-0.2548,3.8928
DOT-USD,1h,OCO,2024-03-14 17:00:00,2024-03-15 07:00:00,14,60,2024-03-15 00:00:00,11.5200,0.0000,0.7028,0.4976,0.4922,0.9892,-1.0754,0.0084
DOT-USD,1h,OCOI,2024-02-22 13:00:00,2024-02-24 02:00:00,37,60,2024-02-23 08:00:00,7.3100,1.0000,0.3120,0.4374,0.3526,0.8062,0.0159,1.5013
DOT-USD,1h,OCOI,2024-01-14 04:00:00,2024-01-15 15:00:00,35,60,2024-01-15 00:00:00,7.3800,0.0000,0.2492,0.3227,0.2065,0.6399,-0.0535,1.2547
DOT-USD,1h,OCOI,2023-12-10 09:00:00,2023-12-12 18:00:00,57,60,2023-12-11 19:00:00,6.5000,1.0000,,,,,,
DOT-USD,1h,OCOI,2023-06-30 01:00:00,2023-07-02 09:00:00,56,60,2023-06-30 14:00:00,4.9300,-1.0000,,,,,,
DOT-USD,4h,OCO,2025-04-23 08:00:00,2025-04-29 04:00:00,35,240,2025-04-25 08:00:00,4.3200,0.0000,0.1577,1.5378,0.0295,0.0192,0.1520,0.1098
DOT-USD,4h,OCOI,2025-04-07 08:00:00,2025-04-10 16:00:00,20,240,2025-04-09 00:00:00,3.3600,0.0000,0.1358,3.3993,0.1456,0.0428,-0.2012,0.4674
DOT-USD,4h,OCOI,2025-02-13 20:00:00,2025-02-21 20:00:00,48,240,2025-02-18 16:00:00,4.6700,0.0000,0.3332,0.0045,0.5535,0.0082,0.0631,1.0000
DOT-USD,4h,OCOI,2025-01-31 20:00:00,2025-02-04 08:00:00,21,240,2025-02-03 04:00:00,4.5200,0.0000,0.9654,0.2728,0.2431,0.8912,-0.4584,0.1618
DOT-USD,4h,OCOI,2025-01-09 08:00:00,2025-01-11 16:00:00,14,240,2025-01-09 20:00:00,6.5600,0.0000,0.1798,0.6109,0.3429,0.5612,0.0011,0.0000
DOT-USD,4h,OCO,2024-11-10 16:00:00,2024-11-13 16:00:00,18,240,2024-11-12 00:00:00,5.6400,1.0000,0.5296,0.2795,0.2690,0.9624,-0.0222,0.2363
DOT-USD,4h,OCOI,2024-05-22 20:00:00,2024-05-27 08:00:00,27,240,2024-05-23 20:00:00,7.1600,0.0000,,,,,,
DOT-USD,4h,OCO,2024-05-03 16:00:00,2024-05-08 16:00:00,30,240,2024-05-06 08:00:00,7.3400,0.0000,0.2453,0.5189,0.2317,0.4466,0.0169,0.7880
DOT-USD,4h,OCOI,2024-04-27 12:00:00,2024-05-03 08:00:00,35,240,2024-04-30 16:00:00,6.1300,0.0000,0.3498,0.2375,0.1367,0.5757,-0.1123,1.1641
DOT-USD,4h,OCOI,2024-04-16 12:00:00,2024-04-19 04:00:00,16,240,2024-04-17 12:00:00,6.4800,1.0000,0.2291,0.7005,0.7146,0.9803,0.0431,0.3713
DOT-USD,4h,OCO,2024-03-13 08:00:00,2024-03-14 20:00:00,9,240,2024-03-14 08:00:00,11.4800,0.0000,0.4742,0.3326,0.2773,0.8336,0.1503,0.4770
DOT-USD,4h,OCOI,2024-03-08 12:00:00,2024-03-12 12:00:00,24,240,2024-03-10 16:00:00,10.2400,1.0000,0.7112,0.6051,0.6420,0.9425,0.0810,2.8543
DOT-USD,4h,OCO,2023-12-24 08:00:00,2023-12-27 16:00:00,20,240,2023-12-26 00:00:00,9.2700,1.0000,0.6262,0.4365,0.5343,0.8170,-0.0543,0.3484
ETH-USD,1d,OCO,2025-05-22 00:00:00,2025-06-03 00:00:00,12,1440,2025-05-28 00:00:00,2672.6400,1.0000,143.5422,0.5572,0.4939,0.8863,0.1388,1.0060
ETH-USD,1d,OCOI,2024-06-25 00:00:00,2024-07-18 00:00:00,23,1440,2024-07-08 00:00:00,2974.0600,0.0000,476.5174,0.1245,0.1322,0.9414,1.9945,1.1249
ETH-USD,1d,OCOI,2024-03-20 00:00:00,2024-03-30 00:00:00,10,1440,2024-03-23 00:00:00,3335.1400,0.0000,202.4520,0.7433,0.7316,0.9843,17.2004,1.0000
ETH-USD,1d,OCOI,2023-12-12 00:00:00,2023-12-27 00:00:00,15,1440,2023-12-20 00:00:00,2189.8900,1.0000,118.1698,0.5824,0.6389,0.9116,3.2413,0.9182
ETH-USD,1d,OCO,2023-07-03 00:00:00,2023-08-30 00:00:00,58,1440,2023-07-14 00:00:00,1972.9300,0.0000,115.5449,0.7401,0.2191,0.2960,-0.3193,0.7272
ETH-USD,1h,OCO,2025-06-15 17:00:00,2025-06-17 04:00:00,35,60,2025-06-16 20:00:00,2662.0400,1.0000,,,,,,
ETH-USD,1h,OCO,2025-01-27 14:00:00,2025-01-29 09:00:00,43,60,2025-01-28 05:00:00,3211.8600,0.0000,147.7381,0.5474,0.5447,0.9950,5.1953,1.0000
ETH-USD,1h,OCO,2025-01-19 02:00:00,2025-01-20 07:00:00,29,60,2025-01-19 18:00:00,3432.8400,0.0000,262.2697,0.7798,0.7495,0.9612,37.0344,1.0000
ETH-USD,1h,OCOI,2025-01-10 16:00:00,2025-01-12 09:00:00,41,60,2025-01-11 08:00:00,3228.6400,0.0000,73.3249,0.7400,0.8773,0.8434,-0.0281,24.6082
ETH-USD,1h,OCOI,2025-01-09 14:00:00,2025-01-10 16:00:00,26,60,2025-01-09 21:00:00,3204.2900,0.0000,108.3948,0.7539,0.6273,0.8321,3.8350,0.1996
ETH-USD,1h,OCOI,2024-10-15 12:00:00,2024-10-17 19:00:00,55,60,2024-10-15 15:00:00,2568.7900,0.0000,,,,,,
ETH-USD,1h,OCO,2024-07-20 18:00:00,2024-07-22 20:00:00,50,60,2024-07-22 00:00:00,3540.0300,0.0000,67.0215,0.6290,0.2822,0.4487,16.8763,2.0836
ETH-USD,1h,OCOI,2024-06-17 13:00:00,2024-06-19 15:00:00,50,60,2024-06-18 13:00:00,3398.1600,0.0000,30.8561,1.4872,0.2391,0.1608,-78.7365,1.3197
ETH-USD,1h,OCO,2024-04-14 07:00:00,2024-04-16 07:00:00,48,60,2024-04-15 10:00:00,3260.9200,0.0000,157.7240,0.2085,0.2687,0.7760,-53.1003,0.4291
ETH-USD,1h,OCO,2024-03-25 19:00:00,2024-03-27 02:00:00,31,60,2024-03-26 09:00:00,3659.1700,1.0000,76.6437,0.5261,0.6523,0.8065,-28.3258,2.1832
ETH-USD,1h,OCO,2024-03-15 18:00:00,2024-03-17 03:00:00,33,60,2024-03-16 01:00:00,3754.3700,0.0000,105.3549,0.8904,0.1261,0.1416,12.4465,10.5788
ETH-USD,1h,OCO,2024-02-20 14:00:00,2024-02-22 00:00:00,34,60,2024-02-21 00:00:00,3009.9800,0.0000,105.9991,0.5502,0.2342,0.4256,-9.8717,1.0000
ETH-USD,1wk,OCO,2024-04-22 00:00:00,2024-07-22 00:00:00,13,10080,2024-05-27 00:00:00,3803.4000,1.0000,781.5091,0.3035,0.3784,0.8021,1.5439,1.0196
ETH-USD,4h,OCO,2025-06-13 20:00:00,2025-06-20 12:00:00,40,240,2025-06-16 16:00:00,2642.7600,1.0000,77.9816,0.2544,0.1945,0.7648,31.0356,0.7607
ETH-USD,4h,OCO,2025-04-12 16:00:00,2025-04-19 20:00:00,43,240,2025-04-14 08:00:00,1654.7500,0.0000,44.6725,2.1443,0.0594,0.0277,34.2312,0.8035
ETH-USD,4h,OCOI,2025-01-16 20:00:00,2025-01-20 00:00:00,19,240,2025-01-19 08:00:00,3208.6400,0.0000,150.0742,0.0422,1.3409,0.0315,113.5657,1.0000
ETH-USD,4h,OCOI,2024-11-13 20:00:00,2024-11-17 20:00:00,24,240,2024-11-15 16:00:00,3032.0000,0.0000,152.0980,0.3050,0.3260,0.9355,-22.1662,4.0249
ETH-USD,4h,OCOI,2023-11-15 00:00:00,2023-11-22 00:00:00,42,240,2023-11-17 16:00:00,1927.6900,1.0000,33.6300,0.7632,0.0950,0.1244,-32.8270,0.2607
LINK-USD,1d,OCO,2025-03-19 00:00:00,2025-04-02 00:00:00,14,1440,2025-03-27 00:00:00,15.3800,1.0000,1.6787,0.2759,0.2332,0.8453,-0.0637,1.6345
LINK-USD,1d,OCO,2024-12-08 00:00:00,2024-12-25 00:00:00,17,1440,2024-12-15 00:00:00,29.1700,1.0000,6.9674,0.4533,0.4169,0.9198,-0.0162,0.3316
LINK-USD,1d,OCO,2024-07-15 00:00:00,2024-07-28 00:00:00,13,1440,2024-07-21 00:00:00,14.5400,1.0000,1.0769,0.4636,0.4902,0.9456,-0.0724,1.6422
LINK-USD,1d,OCOI,2023-12-12 00:00:00,2023-12-26 00:00:00,14,1440,2023-12-20 00:00:00,14.1600,0.0000,,,,,,
LINK-USD,1h,OCOI,2025-06-01 10:00:00,2025-06-03 09:00:00,47,60,2025-06-02 14:00:00,13.6900,0.0000,0.5088,0.1453,0.4219,0.3445,0.2229,1.0000
LINK-USD,1h,OCOI,2025-04-23 15:00:00,2025-04-25 03:00:00,36,60,2025-04-24 08:00:00,14.2700,1.0000,0.7922,0.2862,0.2885,0.9920,0.0067,3.4567
LINK-USD,1h,OCO,2025-01-27 15:00:00,2025-01-29 07:00:00,40,60,2025-01-28 05:00:00,24.4600,0.0000,1.6228,0.5500,0.5611,0.9801,-0.2445,1.0000
LINK-USD,1h,OCOI,2025-01-25 00:00:00,2025-01-26 00:00:00,24,60,2025-01-25 09:00:00,24.8600,1.0000,0.3139,0.6717,0.7347,0.9143,0.0956,6.1764
LINK-USD,1h,OCOI,2025-01-20 18:00:00,2025-01-21 21:00:00,27,60,2025-01-21 05:00:00,23.9800,0.0000,1.7773,0.3378,0.0684,0.2025,0.1384,0.1252
LINK-USD,1h,OCO,2025-01-19 02:00:00,2025-01-20 08:00:00,30,60,2025-01-19 18:00:00,26.4700,0.0000,3.3738,0.7180,0.6002,0.8358,1.8081,0.3329
LINK-USD,1h,OCO,2024-12-23 04:00:00,2024-12-23 17:00:00,13,60,2024-12-23 11:00:00,23.1300,0.0000,0.7539,0.7053,0.7693,0.9169,-0.6331,1.0000
LINK-USD,1h,OCOI,2024-12-15 12:00:00,2024-12-16 05:00:00,17,60,2024-12-15 21:00:00,28.4600,1.0000,0.8344,0.8040,0.9018,0.8915,0.1536,12.6266
LINK-USD,1h,OCOI,2024-12-12 13:00:00,2024-12-13 01:00:00,12,60,2024-12-12 19:00:00,27.4500,0.0000,1.2449,0.2988,0.2491,0.8336,2.0923,0.0000
LINK-USD,1h,OCO,2024-12-07 03:00:00,2024-12-09 05:00:00,50,60,2024-12-08 13:00:00,27.0000,1.0000,1.4837,0.3751,0.4092,0.9166,1.0096,0.0493
LINK-USD,1h,OCO,2024-12-06 23:00:00,2024-12-07 14:00:00,15,60,2024-12-07 04:00:00,26.3100,0.0000,1.1304,0.3114,0.3012,0.9673,-0.9816,0.0000
LINK-USD,1h,OCOI,2024-11-26 00:00:00,2024-11-27 13:00:00,37,60,2024-11-26 11:00:00,16.5400,0.0000,0.8930,0.4490,0.1495,0.3330,-0.8575,0.4778
LINK-USD,1h,OCOI,2024-11-20 02:00:00,2024-11-21 22:00:00,44,60,2024-11-21 03:00:00,14.0700,1.0000,0.6935,1.2408,0.2346,0.1891,-0.5267,1.5860
LINK-USD,1h,OCOI,2024-11-14 15:00:00,2024-11-15 16:00:00,25,60,2024-11-15 05:00:00,12.9600,1.0000,0.4926,0.5230,0.6379,0.8199,0.2605,0.1196
LINK-USD,1h,OCO,2024-07-20 21:00:00,2024-07-23 09:00:00,60,60,2024-07-21 22:00:00,14.9000,0.0000,0.5682,0.3566,0.1716,0.4812,-0.1548,0.0000
LINK-USD,1h,OCO,2024-06-19 06:00:00,2024-06-21 12:00:00,54,60,2024-06-20 08:00:00,14.6800,1.0000,0.3986,0.7605,0.3553,0.4672,0.1744,0.0000
LINK-USD,1h,OCO,2024-05-28 22:00:00,2024-05-30 03:00:00,29,60,2024-05-29 13:00:00,19.0800,1.0000,0.7085,0.6914,0.0696,0.1007,0.5696,1.6172
LINK-USD,1h,OCO,2024-03-22 20:00:00,2024-03-24 12:00:00,40,60,2024-03-23 11:00:00,18.3900,0.0000,0.2628,0.6183,1.3836,0.4469,-0.1045,1.0000
LINK-USD,1h,OCOI,2024-03-17 01:00:00,2024-03-17 13:00:00,12,60,2024-03-17 07:00:00,17.7400,-1.0000,0.6096,0.5303,0.4275,0.8062,0.0068,0.1890
LINK-USD,1h,OCOI,2024-03-15 05:00:00,2024-03-15 21:00:00,16,60,2024-03-15 09:00:00,19.1800,0.0000,0.4175,0.9162,0.3602,0.3932,-0.3150,0.0000
LINK-USD,1h,OCO,2024-03-13 23:00:00,2024-03-14 18:00:00,19,60,2024-03-14 12:00:00,21.5700,1.0000,0.9003,0.4246,0.4174,0.9828,0.8037,0.9763
LINK-USD,1h,OCO,2024-03-02 07:00:00,2024-03-03 16:00:00,33,60,2024-03-02 17:00:00,21.4600,0.0000,,,,,,
LINK-USD,1h,OCO,2024-02-17 21:00:00,2024-02-19 19:00:00,46,60,2024-02-18 22:00:00,20.2200,1.0000,0.2788,0.5719,0.7025,0.8141,0.1303,2.4212
LINK-USD,1h,OCO,2024-01-24 00:00:00,2024-01-25 00:00:00,24,60,2024-01-24 11:00:00,14.3200,1.0000,0.2663,0.7567,0.5324,0.7037,-0.1039,0.0000
LINK-USD,1h,OCO,2024-01-01 01:00:00,2024-01-03 06:00:00,53,60,2024-01-02 09:00:00,15.9900,0.0000,0.8003,0.0573,0.4336,0.1321,-0.0743,15.5437
LINK-USD,1h,OCO,2023-12-25 05:00:00,2023-12-26 12:00:00,31,60,2023-12-26 04:00:00,15.7400,0.0000,0.3343,0.0446,1.0468,0.0426,-1.0722,0.6427
LINK-USD,1h,OCO,2023-12-05 17:00:00,2023-12-06 09:00:00,16,60,2023-12-06 01:00:00,16.0100,1.0000,0.4696,0.6959,0.6280,0.9024,0.1887,0.5387
LINK-USD,1h,OCO,2023-11-08 23:00:00,2023-11-09 23:00:00,24,60,2023-11-09 14:00:00,15.6800,0.0000,1.2462,0.0635,0.3027,0.2098,-0.4133,1.0000
LINK-USD,1wk,OCO,2024-02-05 00:00:00,2024-04-01 00:00:00,8,10080,2024-03-04 00:00:00,21.1300,1.0000,2.1317,0.2406,0.2021,0.8400,-0.0285,0.5985
LINK-USD,1wk,OCO,2023-11-13 00:00:00,2023-12-25 00:00:00,6,10080,2023-12-04 00:00:00,16.0400,0.0000,1.2732,0.4370,0.4023,0.9206,-0.0071,0.7491
LINK-USD,4h,OCOI,2025-03-26 20:00:00,2025-04-02 08:00:00,39,240,2025-03-31 08:00:00,13.2100,0.0000,0.7215,0.0549,1.3106,0.0419,0.2306,1.0000
LINK-USD,4h,OCOI,2025-01-31 20:00:00,2025-02-04 08:00:00,21,240,2025-02-03 04:00:00,18.5500,0.0000,4.1296,0.2047,0.2525,0.8107,-1.3754,0.0276
LINK-USD,4h,OCO,2025-01-20 08:00:00,2025-01-24 12:00:00,25,240,2025-01-21 20:00:00,26.6200,0.0000,2.2886,0.7017,0.6667,0.9502,0.1063,2.1497
LINK-USD,4h,OCO,2024-12-03 08:00:00,2024-12-05 12:00:00,13,240,2024-12-04 16:00:00,25.2100,0.0000,1.3197,0.4322,0.4571,0.9455,-0.2467,0.7325
LINK-USD,4h,OCO,2024-11-24 04:00:00,2024-11-27 20:00:00,22,240,2024-11-25 12:00:00,18.6500,0.0000,1.9665,0.7010,0.7625,0.9194,0.0924,1.0000
LINK-USD,4h,OCO,2024-11-10 08:00:00,2024-11-13 16:00:00,20,240,2024-11-12 00:00:00,14.8300,1.0000,1.0269,0.3678,0.4488,0.8195,-0.2673,0.2787
LINK-USD,4h,OCO,2024-09-25 12:00:00,2024-10-01 08:00:00,35,240,2024-09-28 20:00:00,12.9300,1.0000,0.3266,0.2030,0.2517,0.8066,-0.0583,4.3955
LINK-USD,4h,OCOI,2024-09-01 20:00:00,2024-09-11 16:00:00,59,240,2024-09-06 20:00:00,9.5500,1.0000,0.5271,0.1559,0.1110,0.7123,0.0184,0.3721
LINK-USD,4h,OCO,2024-08-12 12:00:00,2024-08-18 16:00:00,37,240,2024-08-14 08:00:00,10.6200,0.0000,0.2732,1.5884,0.3612,0.2274,0.0899,0.8786
LINK-USD,4h,OCOI,2024-08-01 16:00:00,2024-08-07 20:00:00,37,240,2024-08-05 08:00:00,8.7800,0.0000,2.2032,0.1109,0.0286,0.2582,-0.5521,0.0554
LINK-USD,4h,OCOI,2024-02-21 16:00:00,2024-02-26 12:00:00,29,240,2024-02-23 12:00:00,17.9100,1.0000,0.6326,0.7873,0.1159,0.1472,-0.1509,0.3680
LINK-USD,4h,OCO,2024-01-08 20:00:00,2024-01-14 12:00:00,34,240,2024-01-11 12:00:00,15.1600,0.0000,0.4280,0.0454,3.9981,0.0114,-0.4303,1.0000
LINK-USD,4h,OCOI,2024-01-03 16:00:00,2024-01-09 16:00:00,36,240,2024-01-08 00:00:00,12.9900,0.0000,,,,,,
LINK-USD,4h,OCO,2023-12-12 04:00:00,2023-12-19 00:00:00,41,240,2023-12-14 20:00:00,15.3600,0.0000,1.0500,0.9014,0.0998,0.1107,0.0939,0.5317
LINK-USD,4h,OCOI,2023-11-09 00:00:00,2023-11-11 04:00:00,13,240,2023-11-10 04:00:00,14.3900,1.0000,0.7770,0.6198,0.4966,0.8012,0.1968,0.6493
LINK-USD,4h,OCO,2023-07-18 00:00:00,2023-07-27 12:00:00,57,240,2023-07-21 00:00:00,8.3200,0.0000,,,,,,
LTC-USD,1d,OCO,2024-11-24 00:00:00,2024-12-13 00:00:00,19,1440,2024-12-06 00:00:00,135.7600,0.0000,30.4531,0.2623,0.2492,0.9500,1.2607,0.7186
LTC-USD,1d,OCOI,2024-10-25 00:00:00,2024-11-14 00:00:00,20,1440,2024-11-05 00:00:00,65.4700,1.0000,10.0346,0.2649,0.2758,0.9605,0.4320,2.8764
LTC-USD,1d,OCO,2024-10-06 00:00:00,2024-10-30 00:00:00,24,1440,2024-10-20 00:00:00,74.5900,0.0000,5.8550,0.6851,0.0246,0.0359,0.4343,0.8533
LTC-USD,1h,OCO,2025-05-28 12:00:00,2025-05-30 19:00:00,55,60,2025-05-29 10:00:00,97.6100,0.0000,1.7866,0.2254,0.4502,0.5007,-4.7382,2.7876
LTC-USD,1h,OCO,2025-05-13 04:00:00,2025-05-15 01:00:00,45,60,2025-05-14 07:00:00,104.4400,0.0000,,,,,,
LTC-USD,1h,OCO,2025-05-12 13:00:00,2025-05-13 07:00:00,18,60,2025-05-13 00:00:00,103.2300,0.0000,2.6635,0.3599,0.9129,0.3942,-0.5022,0.0000
LTC-USD,1h,OCOI,2025-04-29 15:00:00,2025-05-01 23:00:00,56,60,2025-04-30 14:00:00,82.5400,0.0000,2.2912,0.4883,0.1260,0.2580,-2.7807,0.0704
LTC-USD,1h,OCO,2025-04-27 14:00:00,2025-04-29 07:00:00,41,60,2025-04-28 08:00:00,87.3700,0.0000,2.8563,0.7773,0.8024,0.9688,-0.2314,1.0000
LTC-USD,1h,OCOI,2025-04-02 23:00:00,2025-04-04 11:00:00,36,60,2025-04-03 13:00:00,81.2400,0.0000,2.9725,0.6843,0.8009,0.8544,0.7091,1.0000
LTC-USD,1h,OCOI,2025-02-27 20:00:00,2025-03-01 01:00:00,29,60,2025-02-28 07:00:00,116.3500,0.0000,10.9743,0.1698,0.1364,0.8034,1.5286,0.0000
LTC-USD,1h,OCOI,2025-02-26 12:00:00,2025-02-27 05:00:00,17,60,2025-02-26 19:00:00,121.8100,1.0000,4.9295,0.7292,0.7531,0.9682,0.7619,0.5292
LTC-USD,1h,OCO,2025-02-15 15:00:00,2025-02-17 01:00:00,34,60,2025-02-16 05:00:00,136.0500,0.0000,,,,,,
LTC-USD,1h,OCOI,2025-02-05 23:00:00,2025-02-07 21:00:00,46,60,2025-02-06 19:00:00,100.3000,0.0000,6.0531,0.3444,0.0748,0.2172,-5.7623,0.0000
LTC-USD,1h,OCO,2025-02-03 11:00:00,2025-02-04 15:00:00,28,60,2025-02-03 22:00:00,108.0300,0.0000,10.5006,0.2661,0.2915,0.9130,4.6113,0.2589
LTC-USD,1h,OCO,2025-01-30 22:00:00,2025-02-01 07:00:00,33,60,2025-01-31 11:00:00,132.5900,1.0000,6.0499,0.5877,0.4914,0.8362,0.5795,5.8238
LTC-USD,1h,OCOI,2025-01-22 13:00:00,2025-01-23 20:00:00,31,60,2025-01-23 11:00:00,111.9400,1.0000,4.5486,0.4226,0.4245,0.9955,-1.2478,2.5355
LTC-USD,1h,OCOI,2025-01-20 18:00:00,2025-01-21 15:00:00,21,60,2025-01-21 06:00:00,114.8300,0.0000,6.2766,0.3287,0.3319,0.9902,1.3472,0.0000
LTC-USD,1h,OCO,2025-01-09 15:00:00,2025-01-12 04:00:00,61,60,2025-01-10 20:00:00,106.0100,1.0000,2.3023,0.2908,0.5434,0.5352,-1.4216,1.0000
LTC-USD,1h,OCOI,2025-01-08 06:00:00,2025-01-09 14:00:00,32,60,2025-01-08 18:00:00,100.3200,1.0000,2.5503,0.6953,0.2233,0.3212,-1.3060,3.7028
LTC-USD,1h,OCO,2024-12-28 22:00:00,2024-12-30 20:00:00,46,60,2024-12-30 12:00:00,102.1500,0.0000,4.1789,0.7312,0.7589,0.9635,0.4072,0.5564
LTC-USD,1h,OCOI,2024-12-14 20:00:00,2024-12-15 22:00:00,26,60,2024-12-15 08:00:00,115.8800,1.0000,3.7059,0.6903,0.8595,0.8032,1.5387,7.0205
LTC-USD,1h,OCOI,2024-12-03 10:00:00,2024-12-04 03:00:00,17,60,2024-12-03 14:00:00,125.5100,0.0000,7.2494,0.2618,0.2957,0.8856,-2.5298,0.0000
LTC-USD,1h,OCO,2024-11-26 17:00:00,2024-11-29 02:00:00,57,60,2024-11-28 01:00:00,97.9500,0.0000,4.9856,0.2961,0.3348,0.8843,2.1256,0.0000
LTC-USD,1h,OCOI,2024-11-10 21:00:00,2024-11-12 05:00:00,32,60,2024-11-11 06:00:00,75.2100,0.0000,2.7225,0.5886,0.6988,0.8423,2.4789,1.9813
LTC-USD,1h,OCOI,2024-05-22 13:00:00,2024-05-24 16:00:00,51,60,2024-05-23 20:00:00,83.5400,0.0000,2.8317,0.2728,0.4249,0.6420,-0.6368,1.0000
LTC-USD,1h,OCOI,2024-03-27 09:00:00,2024-03-28 20:00:00,35,60,2024-03-27 19:00:00,93.7000,0.0000,3.1669,0.6807,0.3506,0.5150,-1.1522,14.1204
LTC-USD,1h,OCOI,2024-03-17 00:00:00,2024-03-18 01:00:00,25,60,2024-03-17 07:00:00,82.9700,0.0000,2.9570,0.7384,0.2140,0.2899,-0.5025,0.0647
LTC-USD,1h,OCOI,2024-03-15 05:00:00,2024-03-15 21:00:00,16,60,2024-03-15 09:00:00,86.9200,0.0000,2.6195,0.6690,0.7950,0.8415,0.9698,1.0000
LTC-USD,1h,OCO,2024-03-02 04:00:00,2024-03-03 13:00:00,33,60,2024-03-03 00:00:00,93.8000,0.0000,1.7432,0.4578,0.3890,0.8499,2.2869,1.4892
LTC-USD,4h,OCO,2025-03-24 16:00:00,2025-03-27 08:00:00,16,240,2025-03-26 08:00:00,96.0000,1.0000,3.7192,0.5462,0.4582,0.8389,-0.0062,1.5121
LTC-USD,4h,OCOI,2025-02-14 20:00:00,2025-02-20 16:00:00,35,240,2025-02-17 20:00:00,121.6300,0.0000,13.7302,0.1532,0.6621,0.2314,0.5260,1.0000
LTC-USD,4h,OCO,2025-02-07 12:00:00,2025-02-13 00:00:00,33,240,2025-02-11 08:00:00,128.6300,0.0000,16.3818,0.1152,0.3084,0.3736,3.5874,1.0000
LTC-USD,4h,OCOI,2025-01-31 20:00:00,2025-02-04 08:00:00,21,240,2025-02-03 04:00:00,96.3300,0.0000,15.6526,0.1781,0.1718,0.9643,-7.7065,0.0609
LTC-USD,4h,OCO,2025-01-30 12:00:00,2025-02-01 04:00:00,10,240,2025-01-31 12:00:00,131.5200,1.0000,4.0886,0.4859,0.3989,0.8210,-0.7657,1.1841
LTC-USD,4h,OCOI,2024-12-03 00:00:00,2024-12-04 20:00:00,11,240,2024-12-03 16:00:00,127.2700,1.0000,4.0657,0.5672,0.6226,0.9111,-0.8575,9.0135
LTC-USD,4h,OCOI,2024-11-24 12:00:00,2024-11-28 16:00:00,25,240,2024-11-26 16:00:00,90.4900,1.0000,6.9856,0.5060,0.4106,0.8115,-0.0508,4.2913
LTC-USD,4h,OCOI,2024-03-30 16:00:00,2024-04-03 20:00:00,25,240,2024-04-02 04:00:00,97.4100,0.0000,,,,,,
LTC-USD,4h,OCOI,2023-10-25 04:00:00,2023-11-01 16:00:00,45,240,2023-10-27 20:00:00,66.7900,1.0000,1.1357,0.1417,0.6051,0.2342,0.2022,1.3159
MATIC-USD,1d,OCO,2024-11-24 00:00:00,2024-12-13 00:00:00,19,1440,2024-12-07 00:00:00,0.7100,1.0000,,,,,,
MATIC-USD,1d,OCOI,2024-06-29 00:00:00,2024-07-19 00:00:00,20,1440,2024-07-05 00:00:00,0.4800,0.0000,,,,,,
MATIC-USD,1h,OCOI,2025-01-09 14:00:00,2025-01-10 16:00:00,26,60,2025-01-09 21:00:00,0.4500,0.0000,0.0158,0.7341,0.7436,0.9872,0.0034,1.0000
MATIC-USD,1h,OCOI,2024-12-03 07:00:00,2024-12-05 02:00:00,43,60,2024-12-03 14:00:00,0.6800,0.0000,0.0591,0.8819,0.0178,0.0202,-0.0444,0.0000
MATIC-USD,1h,OCO,2024-11-26 17:00:00,2024-11-29 02:00:00,57,60,2024-11-27 23:00:00,0.5800,0.0000,0.0357,0.2170,0.0199,0.0916,0.0243,0.0000
MATIC-USD,1h,OCO,2024-04-14 23:00:00,2024-04-15 22:00:00,23,60,2024-04-15 10:00:00,0.7500,0.0000,0.0471,0.2226,0.2249,0.9897,-0.0004,1.2733
MATIC-USD,1h,OCO,2024-03-27 02:00:00,2024-03-28 08:00:00,30,60,2024-03-27 13:00:00,1.0600,0.0000,0.0409,0.5088,0.3255,0.6398,-0.0396,1.0000
MATIC-USD,1h,OCOI,2024-03-22 14:00:00,2024-03-23 04:00:00,14,60,2024-03-22 22:00:00,0.9600,0.0000,0.0174,0.8367,0.8244,0.9852,0.0074,0.0000
MATIC-USD,1h,OCOI,2024-03-10 15:00:00,2024-03-11 16:00:00,25,60,2024-03-11 01:00:00,1.1900,1.0000,,,,,,
MATIC-USD,1h,OCOI,2024-02-29 17:00:00,2024-03-01 17:00:00,24,60,2024-02-29 23:00:00,1.0000,1.0000,,,,,,
MATIC-USD,1h,OCO,2024-02-08 21:00:00,2024-02-11 06:00:00,57,60,2024-02-10 04:00:00,0.8600,0.0000,0.0202,0.3801,0.6255,0.6076,0.0010,1.0000
MATIC-USD,1h,OCO,2023-12-27 00:00:00,2023-12-28 12:00:00,36,60,2023-12-27 13:00:00,1.0700,1.0000,0.0259,0.2316,0.3184,0.7274,-0.0291,0.0000
MATIC-USD,1h,OCO,2023-12-24 03:00:00,2023-12-25 06:00:00,27,60,2023-12-24 19:00:00,0.8800,0.0000,0.0326,0.5983,0.6569,0.9108,0.0074,1.0000
MATIC-USD,1h,OCO,2023-12-22 05:00:00,2023-12-24 03:00:00,46,60,2023-12-22 23:00:00,0.8700,0.0000,,,,,,
MATIC-USD,1h,OCO,2023-11-01 13:00:00,2023-11-03 07:00:00,42,60,2023-11-02 03:00:00,0.6800,0.0000,,,,,,
MATIC-USD,1h,OCO,2023-10-25 14:00:00,2023-10-27 00:00:00,34,60,2023-10-26 08:00:00,0.6500,1.0000,0.0301,0.4456,0.4716,0.9448,-0.0093,1.2198
MATIC-USD,1h,OCO,2023-07-17 03:00:00,2023-07-17 22:00:00,19,60,2023-07-17 14:00:00,0.7800,1.0000,,,,,,
MATIC-USD,4h,OCO,2025-02-27 08:00:00,2025-03-06 08:00:00,42,240,2025-03-02 20:00:00,0.3000,0.0000,,,,,,
MATIC-USD,4h,OCO,2024-12-22 12:00:00,2024-12-27 12:00:00,30,240,2024-12-24 16:00:00,0.5300,0.0000,0.0504,0.1336,0.2207,0.6052,0.0009,0.2359
MATIC-USD,4h,OCOI,2024-12-15 04:00:00,2024-12-21 20:00:00,40,240,2024-12-20 12:00:00,0.4400,0.0000,0.0483,0.0926,1.1253,0.0823,0.0228,1.0000
MATIC-USD,4h,OCO,2024-11-08 20:00:00,2024-11-13 16:00:00,29,240,2024-11-12 04:00:00,0.4200,0.0000,,,,,,
MATIC-USD,4h,OCOI,2024-07-23 04:00:00,2024-07-30 20:00:00,46,240,2024-07-25 20:00:00,0.4900,0.0000,0.0130,0.1250,1.0706,0.1167,0.0057,1.0000
MATIC-USD,4h,OCO,2023-12-26 00:00:00,2023-12-31 16:00:00,34,240,2023-12-27 12:00:00,1.0600,0.0000,,,,,,
MATIC-USD,4h,OCOI,2023-07-14 20:00:00,2023-07-21 08:00:00,39,240,2023-07-18 20:00:00,0.7400,0.0000,,,,,,
MATIC-USD,4h,OCOI,2023-07-05 12:00:00,2023-07-10 08:00:00,29,240,2023-07-07 08:00:00,0.6700,1.0000,,,,,,
MATIC-USD,4h,OCO,2023-06-30 08:00:00,2023-07-06 08:00:00,36,240,2023-07-04 00:00:00,0.7200,-1.0000,,,,,,
SHIB-USD,1d,OCO,2024-08-13 00:00:00,2024-09-10 00:00:00,28,1440,2024-08-24 00:00:00,0.0000,0.0000,0.0000,0.4000,0.4000,1.0000,0.0000,1.0000
SHIB-USD,1h,OCOI,2025-05-18 20:00:00,2025-05-20 13:00:00,41,60,2025-05-19 12:00:00,0.0000,0.0000,,,,,,
SHIB-USD,1h,OCOI,2025-04-02 23:00:00,2025-04-04 11:00:00,36,60,2025-04-03 12:00:00,0.0000,0.0000,0.0000,0.2592,0.3482,0.7445,-0.0000,5.7293
SHIB-USD,1h,OCO,2025-01-11 09:00:00,2025-01-13 01:00:00,40,60,2025-01-11 22:00:00,0.0000,1.0000,0.0000,0.3654,0.3435,0.9402,-0.0000,3.2503
SHIB-USD,1h,OCOI,2025-01-04 16:00:00,2025-01-06 09:00:00,41,60,2025-01-05 17:00:00,0.0000,0.0000,0.0000,0.9597,0.4797,0.4999,-0.0000,3.8355
SHIB-USD,1h,OCO,2024-12-04 01:00:00,2024-12-04 15:00:00,14,60,2024-12-04 08:00:00,0.0000,0.0000,0.0000,0.5535,0.4885,0.8825,-0.0000,4.0821
SHIB-USD,1h,OCOI,2024-11-22 07:00:00,2024-11-22 19:00:00,12,60,2024-11-22 14:00:00,0.0000,1.0000,0.0000,0.6841,0.5764,0.8425,-0.0000,1.3648
SHIB-USD,1h,OCO,2024-11-17 16:00:00,2024-11-18 16:00:00,24,60,2024-11-18 08:00:00,0.0000,0.0000,0.0000,0.3536,0.6741,0.5245,-0.0000,1.0000
SHIB-USD,1h,OCO,2024-11-06 12:00:00,2024-11-08 00:00:00,36,60,2024-11-07 02:00:00,0.0000,0.0000,0.0000,0.2991,0.6796,0.4400,-0.0000,1.0000
SHIB-USD,1h,OCO,2024-10-29 10:00:00,2024-10-30 02:00:00,16,60,2024-10-29 17:00:00,0.0000,1.0000,0.0000,0.4032,0.4091,0.9855,0.0000,0.2906
SHIB-USD,1h,OCOI,2024-07-18 12:00:00,2024-07-19 09:00:00,21,60,2024-07-18 19:00:00,0.0000,0.0000,0.0000,1.1316,0.3666,0.3240,-0.0000,0.1630
SHIB-USD,1h,OCO,2024-07-15 07:00:00,2024-07-16 16:00:00,33,60,2024-07-16 03:00:00,0.0000,0.0000,0.0000,0.3761,0.3577,0.9513,0.0000,0.0000
SHIB-USD,1h,OCO,2024-07-06 00:00:00,2024-07-07 17:00:00,41,60,2024-07-06 23:00:00,0.0000,0.0000,0.0000,0.1553,0.1486,0.9569,0.0000,1.2941
SHIB-USD,1h,OCOI,2024-05-27 11:00:00,2024-05-28 14:00:00,27,60,2024-05-28 08:00:00,0.0000,0.0000,0.0000,0.2656,0.2684,0.9895,0.0000,2.3005
SHIB-USD,1h,OCOI,2024-05-21 02:00:00,2024-05-22 05:00:00,27,60,2024-05-21 20:00:00,0.0000,0.0000,0.0000,0.0878,1.3201,0.0665,0.0000,1.0000
SHIB-USD,1h,OCO,2024-05-09 06:00:00,2024-05-11 18:00:00,60,60,2024-05-09 23:00:00,0.0000,0.0000,,,,,,
SHIB-USD,1h,OCOI,2024-05-08 12:00:00,2024-05-09 11:00:00,23,60,2024-05-08 22:00:00,0.0000,1.0000,0.0000,0.2663,0.8836,0.3013,-0.0000,0.1163
SHIB-USD,1h,OCOI,2024-05-01 20:00:00,2024-05-03 00:00:00,28,60,2024-05-02 06:00:00,0.0000,0.0000,0.0000,0.4115,0.2440,0.5929,0.0000,0.0644
SHIB-USD,1h,OCO,2024-04-23 09:00:00,2024-04-24 05:00:00,20,60,2024-04-23 16:00:00,0.0000,0.0000,0.0000,0.4424,0.4860,0.9104,0.0000,1.0656
SHIB-USD,1h,OCO,2024-04-14 23:00:00,2024-04-15 23:00:00,24,60,2024-04-15 07:00:00,0.0000,0.0000,0.0000,0.3102,0.3187,0.9735,-0.0000,0.1388
SHIB-USD,1h,OCOI,2024-04-10 03:00:00,2024-04-11 05:00:00,26,60,2024-04-10 13:00:00,0.0000,0.0000,0.0000,0.4774,0.3048,0.6386,0.0000,1.0000
SHIB-USD,1h,OCOI,2024-03-30 08:00:00,2024-03-31 14:00:00,30,60,2024-03-30 22:00:00,0.0000,0.0000,0.0000,0.4891,2.7267,0.1794,0.0000,1.0000
SHIB-USD,1h,OCOI,2024-03-27 08:00:00,2024-03-28 04:00:00,20,60,2024-03-27 19:00:00,0.0000,1.0000,0.0000,0.6993,0.6324,0.9043,0.0000,6.5567
SHIB-USD,1h,OCO,2024-03-15 19:00:00,2024-03-16 16:00:00,21,60,2024-03-16 00:00:00,0.0000,0.0000,0.0000,0.2515,1.9507,0.1289,-0.0000,1.0000
SHIB-USD,4h,OCOI,2025-03-26 20:00:00,2025-04-02 08:00:00,39,240,2025-03-31 08:00:00,0.0000,0.0000,0.0000,0.0862,0.9717,0.0887,0.0000,1.0000
SHIB-USD,4h,OCO,2025-03-13 00:00:00,2025-03-21 00:00:00,48,240,2025-03-17 04:00:00,0.0000,0.0000,0.0000,0.0932,1.2435,0.0750,-0.0000,1.0000
SHIB-USD,4h,OCOI,2025-01-23 20:00:00,2025-01-29 00:00:00,31,240,2025-01-27 08:00:00,0.0000,0.0000,0.0000,0.1812,0.4179,0.4336,-0.0000,0.2848
SHIB-USD,4h,OCOI,2024-12-22 04:00:00,2024-12-23 12:00:00,8,240,2024-12-22 20:00:00,0.0000,0.0000,0.0000,0.7858,0.7363,0.9369,-0.0000,2.9621
SHIB-USD,4h,OCOI,2024-10-01 20:00:00,2024-10-06 04:00:00,26,240,2024-10-03 16:00:00,0.0000,0.0000,0.0000,0.0755,0.3639,0.2076,0.0000,1.0000
SHIB-USD,4h,OCO,2023-12-22 20:00:00,2023-12-26 00:00:00,19,240,2023-12-24 00:00:00,0.0000,1.0000,,,,,,
SHIB-USD,4h,OCO,2023-12-14 08:00:00,2023-12-19 04:00:00,29,240,2023-12-17 00:00:00,0.0000,0.0000,0.0000,0.3099,0.3396,0.9125,0.0000,1.0000
SHIB-USD,4h,OCO,2023-07-31 12:00:00,2023-08-09 08:00:00,53,240,2023-08-05 20:00:00,0.0000,0.0000,,,,,,
SOL-USD,1d,OCOI,2025-05-20 00:00:00,2025-06-14 00:00:00,25,1440,2025-06-06 00:00:00,146.2300,0.0000,,,,,,
SOL-USD,1d,OCOI,2024-06-15 00:00:00,2024-06-29 00:00:00,14,1440,2024-06-24 00:00:00,130.4200,0.0000,15.3910,0.2809,0.2866,0.9800,-0.3077,1.3941
SOL-USD,1d,OCOI,2024-01-12 00:00:00,2024-02-06 00:00:00,25,1440,2024-01-23 00:00:00,83.9500,1.0000,16.6695,0.3362,0.2603,0.7743,0.1288,0.9739
SOL-USD,1h,OCOI,2025-06-21 21:00:00,2025-06-23 17:00:00,44,60,2025-06-22 16:00:00,129.1100,1.0000,,,,,,
SOL-USD,1h,OCOI,2025-05-05 15:00:00,2025-05-07 07:00:00,40,60,2025-05-06 14:00:00,142.3700,1.0000,5.6104,0.4613,0.5595,0.8245,1.3665,1.0000
SOL-USD,1h,OCOI,2025-04-08 09:00:00,2025-04-09 12:00:00,27,60,2025-04-09 03:00:00,103.4800,0.0000,3.1754,0.2227,1.2189,0.1827,3.3689,2.9028
SOL-USD,1h,OCO,2025-02-10 00:00:00,2025-02-11 07:00:00,31,60,2025-02-10 14:00:00,206.8000,1.0000,7.5104,0.5416,0.3966,0.7322,1.6262,0.2994
SOL-USD,1h,OCOI,2025-02-06 16:00:00,2025-02-07 07:00:00,15,60,2025-02-07 00:00:00,189.9900,1.0000,3.6655,0.8183,0.6822,0.8337,1.9381,2.1350
SOL-USD,1h,OCOI,2025-01-12 22:00:00,2025-01-14 17:00:00,43,60,2025-01-13 12:00:00,175.3600,0.0000,5.2707,0.7127,0.0305,0.0428,-18.2814,0.5687
SOL-USD,1h,OCOI,2025-01-10 16:00:00,2025-01-12 09:00:00,41,60,2025-01-11 10:00:00,185.0200,0.0000,5.8363,0.7818,0.8574,0.9118,-0.0046,7.8358
SOL-USD,1h,OCOI,2025-01-09 14:00:00,2025-01-10 16:00:00,26,60,2025-01-09 21:00:00,185.2100,0.0000,6.9636,0.7262,0.8691,0.8356,0.2256,1.0000
SOL-USD,1h,OCO,2024-12-24 15:00:00,2024-12-25 20:00:00,29,60,2024-12-25 03:00:00,200.6600,1.0000,5.3186,0.4142,0.4207,0.9845,1.3601,0.3767
SOL-USD,1h,OCO,2024-12-17 13:00:00,2024-12-18 11:00:00,22,60,2024-12-17 18:00:00,227.4900,0.0000,7.2287,0.4492,0.5465,0.8221,-9.5359,0.7072
SOL-USD,1h,OCOI,2024-12-16 12:00:00,2024-12-17 15:00:00,27,60,2024-12-17 01:00:00,213.7600,0.0000,8.5239,0.5485,0.5372,0.9793,6.4395,0.5914
SOL-USD,1h,OCOI,2024-11-14 14:00:00,2024-11-15 16:00:00,26,60,2024-11-15 05:00:00,207.2000,1.0000,7.7075,0.5955,0.6886,0.8647,-1.6094,4.7581
SOL-USD,1h,OCOI,2024-11-04 08:00:00,2024-11-05 20:00:00,36,60,2024-11-04 21:00:00,156.7000,0.0000,8.5503,0.3071,0.2916,0.9494,3.0486,17.6077
SOL-USD,1h,OCOI,2024-11-03 03:00:00,2024-11-04 08:00:00,29,60,2024-11-03 15:00:00,159.5800,0.0000,4.2639,0.5068,0.5668,0.8942,-0.6431,0.2707
SOL-USD,1h,OCO,2024-10-22 06:00:00,2024-10-23 14:00:00,32,60,2024-10-22 15:00:00,169.0600,0.0000,2.8466,1.3656,0.4362,0.3194,4.3650,0.3983
SOL-USD,1h,OCO,2024-07-25 15:00:00,2024-07-27 22:00:00,55,60,2024-07-27 13:00:00,186.9100,0.0000,2.7165,0.0154,2.7709,0.0056,-15.3294,1.0000
SOL-USD,1h,OCO,2024-07-23 15:00:00,2024-07-25 15:00:00,48,60,2024-07-24 17:00:00,180.7300,0.0000,3.4170,1.0838,0.1980,0.1827,8.7260,11.7493
SOL-USD,1h,OCO,2024-07-09 16:00:00,2024-07-11 13:00:00,45,60,2024-07-10 07:00:00,144.5900,1.0000,4.4193,0.6447,0.2000,0.3103,1.6025,0.2048
SOL-USD,1h,OCO,2024-06-18 08:00:00,2024-06-20 12:00:00,52,60,2024-06-19 06:00:00,140.9000,1.0000,6.4291,0.6958,0.0815,0.1171,5.4462,0.0000
SOL-USD,1h,OCO,2024-04-16 08:00:00,2024-04-17 19:00:00,35,60,2024-04-17 05:00:00,141.0100,0.0000,11.7597,0.6076,0.5748,0.9460,-1.1322,1.0000
SOL-USD,1h,OCOI,2024-04-10 03:00:00,2024-04-11 01:00:00,22,60,2024-04-10 13:00:00,165.6200,0.0000,6.3403,0.4120,0.2407,0.5843,-3.0659,0.8243
SOL-USD,1h,OCO,2024-04-07 14:00:00,2024-04-09 18:00:00,52,60,2024-04-08 09:00:00,183.3600,0.0000,6.0288,1.3944,0.1795,0.1287,4.9241,0.0878
SOL-USD,1h,OCO,2024-03-28 15:00:00,2024-03-29 14:00:00,23,60,2024-03-28 23:00:00,189.6900,0.0000,4.6336,0.6299,0.6929,0.9092,-0.7977,1.0000
SOL-USD,1h,OCO,2024-03-25 16:00:00,2024-03-27 03:00:00,35,60,2024-03-26 10:00:00,195.5300,1.0000,,,,,,
SOL-USD,1h,OCOI,2024-03-23 20:00:00,2024-03-24 18:00:00,22,60,2024-03-24 04:00:00,172.4300,1.0000,3.6776,0.5645,0.6051,0.9329,0.5258,27.8582
SOL-USD,1h,OCO,2024-03-20 14:00:00,2024-03-22 06:00:00,40,60,2024-03-21 00:00:00,192.5600,0.0000,,,,,,
SOL-USD,1h,OCOI,2024-03-19 22:00:00,2024-03-20 17:00:00,19,60,2024-03-20 05:00:00,167.0200,1.0000,6.0028,0.8429,0.1720,0.2040,-4.3823,0.0000
SOL-USD,1h,OCO,2024-03-03 04:00:00,2024-03-05 00:00:00,44,60,2024-03-04 09:00:00,133.2200,0.0000,4.1409,0.3609,0.8453,0.4270,-0.0367,4.3345
SOL-USD,1h,OCO,2024-01-04 05:00:00,2024-01-06 00:00:00,43,60,2024-01-04 21:00:00,106.1700,0.0000,6.2406,0.5728,0.0403,0.0703,3.5952,0.7055
SOL-USD,1h,OCO,2023-12-25 07:00:00,2023-12-26 13:00:00,30,60,2023-12-25 18:00:00,123.1200,0.0000,,,,,,
SOL-USD,1h,OCO,2023-12-24 04:00:00,2023-12-25 07:00:00,27,60,2023-12-24 19:00:00,115.9300,0.0000,6.1260,0.6444,0.6538,0.9856,-1.0766,1.0000
SOL-USD,4h,OCO,2025-06-13 20:00:00,2025-06-20 12:00:00,40,240,2025-06-16 16:00:00,157.0700,1.0000,6.1125,0.9649,0.0683,0.0708,3.4355,0.7774
SOL-USD,4h,OCO,2025-05-09 20:00:00,2025-05-12 04:00:00,14,240,2025-05-11 00:00:00,176.7700,0.0000,6.0617,0.4800,0.5302,0.9053,1.1649,0.3345
SOL-USD,4h,OCO,2025-04-23 04:00:00,2025-04-28 12:00:00,32,240,2025-04-25 08:00:00,154.6800,1.0000,7.2879,0.6009,0.2834,0.4717,0.0611,0.9967
SOL-USD,4h,OCOI,2025-03-10 00:00:00,2025-03-12 04:00:00,13,240,2025-03-10 20:00:00,119.1800,0.0000,9.0242,0.3099,0.3479,0.8909,-1.5608,0.3444
SOL-USD,4h,OCOI,2025-02-05 20:00:00,2025-02-08 08:00:00,15,240,2025-02-06 20:00:00,189.9900,1.0000,9.7474,0.4630,0.4136,0.8933,-2.6100,1.2693
SOL-USD,4h,OCOI,2025-01-31 04:00:00,2025-02-04 08:00:00,25,240,2025-02-03 04:00:00,198.7800,0.0000,22.7274,0.2666,0.3231,0.8252,-6.7802,0.1015
SOL-USD,4h,OCOI,2025-01-20 00:00:00,2025-01-23 08:00:00,20,240,2025-01-21 04:00:00,236.7400,0.0000,24.3855,0.6142,0.5990,0.9752,0.1044,0.0551
SOL-USD,4h,OCO,2024-09-08 08:00:00,2024-09-12 20:00:00,27,240,2024-09-10 20:00:00,136.1600,0.0000,3.4003,0.1118,1.4598,0.0766,-1.8288,1.0000
SOL-USD,4h,OCO,2024-09-01 16:00:00,2024-09-04 16:00:00,18,240,2024-09-03 00:00:00,135.2900,1.0000,7.0281,0.7813,0.8670,0.9011,-0.6233,1.1502
SOL-USD,4h,OCO,2024-07-18 08:00:00,2024-07-24 16:00:00,38,240,2024-07-22 00:00:00,182.7700,0.0000,,,,,,
SOL-USD,4h,OCO,2024-07-16 00:00:00,2024-07-18 08:00:00,14,240,2024-07-16 16:00:00,161.6100,0.0000,5.5646,0.5670,0.4546,0.8017,0.3095,3.0476
SOL-USD,4h,OCO,2024-05-27 12:00:00,2024-05-30 20:00:00,20,240,2024-05-29 04:00:00,171.3100,1.0000,5.1533,0.4859,0.5852,0.8302,-0.5027,1.3811
SOL-USD,4h,OCOI,2024-05-24 08:00:00,2024-05-28 04:00:00,23,240,2024-05-26 16:00:00,162.6500,0.0000,6.6639,0.4282,0.4208,0.9826,0.0978,1.3864
SOL-USD,4h,OCOI,2024-04-01 16:00:00,2024-04-04 04:00:00,15,240,2024-04-02 12:00:00,178.5100,0.0000,12.6354,0.2297,0.2569,0.8941,-2.7839,2.7224
SOL-USD,4h,OCO,2024-02-29 16:00:00,2024-03-04 12:00:00,23,240,2024-03-01 08:00:00,133.5200,0.0000,5.4129,0.6406,0.2628,0.4102,0.3721,4.5161
SOL-USD,4h,OCOI,2024-02-04 20:00:00,2024-02-07 12:00:00,16,240,2024-02-06 12:00:00,94.8500,1.0000,2.4411,0.8565,0.7384,0.8622,-0.3329,3.4667
TRX-USD,1d,OCO,2025-01-17 00:00:00,2025-02-01 00:00:00,15,1440,2025-01-25 00:00:00,0.2500,1.0000,0.0169,0.8220,0.6774,0.8242,0.0008,1.0801
TRX-USD,1d,OCOI,2023-11-27 00:00:00,2024-01-08 00:00:00,42,1440,2023-12-19 00:00:00,0.1000,1.0000,,,,,,
TRX-USD,1h,OCOI,2025-06-12 11:00:00,2025-06-13 16:00:00,29,60,2025-06-13 01:00:00,0.2700,0.0000,0.0038,0.0942,1.5404,0.0612,0.0042,1.0000
TRX-USD,1h,OCOI,2025-05-12 19:00:00,2025-05-14 09:00:00,38,60,2025-05-13 06:00:00,0.2600,0.0000,0.0115,0.2350,0.0456,0.1941,-0.0026,0.1220
TRX-USD,1h,OCO,2025-05-10 09:00:00,2025-05-12 03:00:00,42,60,2025-05-11 04:00:00,0.2700,0.0000,0.0052,0.2571,0.6239,0.4122,-0.0105,1.0000
TRX-USD,1h,OCOI,2025-03-11 14:00:00,2025-03-13 22:00:00,56,60,2025-03-12 15:00:00,0.2200,0.0000,0.0020,0.6302,0.6977,0.9032,0.0018,0.1191
TRX-USD,1h,OCOI,2025-01-19 11:00:00,2025-01-21 01:00:00,38,60,2025-01-20 01:00:00,0.2200,1.0000,0.0177,0.8031,0.0581,0.0724,-0.0045,1.2930
TRX-USD,1h,OCO,2025-01-16 20:00:00,2025-01-18 15:00:00,43,60,2025-01-18 03:00:00,0.2500,0.0000,0.0092,0.0828,0.6099,0.1357,-0.0093,1.2363
TRX-USD,4h,OCOI,2025-04-28 00:00:00,2025-05-02 04:00:00,25,240,2025-04-30 04:00:00,0.2400,1.0000,0.0043,0.4210,0.8648,0.4868,0.0001,0.8888
TRX-USD,4h,OCOI,2025-03-22 12:00:00,2025-03-28 08:00:00,35,240,2025-03-25 04:00:00,0.2300,0.0000,0.0017,1.4515,0.1760,0.1213,-0.0012,2.6334
TRX-USD,4h,OCO,2025-03-06 04:00:00,2025-03-10 12:00:00,26,240,2025-03-08 04:00:00,0.2500,0.0000,,,,,,
TRX-USD,4h,OCOI,2024-12-28 16:00:00,2025-01-03 08:00:00,34,240,2024-12-31 04:00:00,0.2500,0.0000,0.0104,0.3561,0.3381,0.9494,0.0009,0.1431
UNI-USD,1h,OCOI,2024-12-02 17:00:00,2024-12-04 18:00:00,49,60,2024-12-03 13:00:00,0.0000,1.0000,0.0000,0.4141,0.2836,0.6849,-0.0000,0.0000
UNI-USD,1h,OCOI,2024-04-16 14:00:00,2024-04-19 03:00:00,61,60,2024-04-17 16:00:00,0.0000,1.0000,,,,,,
UNI-USD,1h,OCO,2024-03-15 19:00:00,2024-03-17 03:00:00,32,60,2024-03-16 00:00:00,0.0000,0.0000,0.0000,2.7365,0.5951,0.2175,0.0000,1.0000
UNI-USD,1h,OCOI,2023-11-29 11:00:00,2023-11-30 09:00:00,22,60,2023-11-29 21:00:00,0.0000,0.0000,,,,,,
UNI-USD,4h,OCO,2025-02-27 04:00:00,2025-03-06 08:00:00,43,240,2025-03-02 20:00:00,0.0000,1.0000,0.0000,0.0256,0.4739,0.0540,-0.0000,1.0000
UNI-USD,4h,OCO,2025-02-07 12:00:00,2025-02-13 00:00:00,33,240,2025-02-11 08:00:00,0.0000,0.0000,,,,,,
UNI-USD,4h,OCO,2025-01-19 16:00:00,2025-01-21 20:00:00,13,240,2025-01-20 08:00:00,0.0000,1.0000,0.0000,0.6281,0.6190,0.9854,0.0000,0.0000
UNI-USD,4h,OCOI,2024-03-16 20:00:00,2024-03-23 04:00:00,38,240,2024-03-20 00:00:00,0.0000,1.0000,0.0000,1.4553,0.5450,0.3745,-0.0000,1.0000
XRP-USD,1d,OCOI,2025-04-02 00:00:00,2025-04-19 00:00:00,17,1440,2025-04-08 00:00:00,1.8500,1.0000,,,,,,
XRP-USD,1d,OCO,2024-05-06 00:00:00,2024-06-26 00:00:00,51,1440,2024-05-25 00:00:00,0.5400,0.0000,0.0137,0.5452,0.9713,0.5613,-0.0012,0.9287
XRP-USD,1h,OCO,2025-06-09 12:00:00,2025-06-10 12:00:00,24,60,2025-06-09 23:00:00,2.3200,0.0000,0.0544,0.3921,0.4005,0.9792,0.0417,0.8317
XRP-USD,1h,OCO,2025-05-22 12:00:00,2025-05-23 10:00:00,22,60,2025-05-23 03:00:00,2.4700,0.0000,0.0496,0.4131,0.4787,0.8630,0.0179,7.2891
XRP-USD,1h,OCOI,2025-05-18 20:00:00,2025-05-20 14:00:00,42,60,2025-05-19 07:00:00,2.3000,0.0000,0.0545,1.2510,0.0552,0.0441,-0.1909,0.0111
XRP-USD,1h,OCO,2025-05-09 18:00:00,2025-05-11 12:00:00,42,60,2025-05-10 23:00:00,2.4600,0.0000,0.0656,0.1404,0.1893,0.7415,0.0104,0.4019
XRP-USD,1h,OCO,2025-04-14 04:00:00,2025-04-14 19:00:00,15,60,2025-04-14 12:00:00,2.1500,0.0000,0.0294,0.8205,0.8975,0.9142,0.0055,0.1260
XRP-USD,1h,OCO,2025-04-13 00:00:00,2025-04-13 18:00:00,18,60,2025-04-13 10:00:00,2.2200,1.0000,0.0810,0.3820,0.3300,0.8639,0.0202,1.0800
XRP-USD,1h,OCO,2025-04-07 15:00:00,2025-04-08 02:00:00,11,60,2025-04-07 22:00:00,1.9300,0.0000,0.0489,0.4745,0.5369,0.8838,0.0645,0.0000
XRP-USD,1h,OCOI,2025-04-02 22:00:00,2025-04-04 12:00:00,38,60,2025-04-03 15:00:00,1.9900,1.0000,0.0778,0.6963,0.1445,0.2075,-0.0156,0.2849
XRP-USD,1h,OCOI,2025-03-30 17:00:00,2025-04-01 01:00:00,32,60,2025-03-31 09:00:00,2.0500,0.0000,0.0803,0.3247,0.3613,0.8987,-0.0339,0.0000
XRP-USD,1h,OCO,2025-03-29 13:00:00,2025-03-30 20:00:00,31,60,2025-03-30 09:00:00,2.1900,1.0000,0.0694,0.3624,0.3101,0.8558,0.0211,6.5309
XRP-USD,1h,OCOI,2025-03-22 14:00:00,2025-03-23 19:00:00,29,60,2025-03-22 23:00:00,2.3700,1.0000,0.0287,0.3797,0.7671,0.4949,0.0299,8.3506
XRP-USD,1h,OCO,2025-03-06 05:00:00,2025-03-06 21:00:00,16,60,2025-03-06 11:00:00,2.6200,0.0000,0.0951,0.3007,0.3419,0.8795,0.1017,2.2972
XRP-USD,1h,OCOI,2025-03-05 00:00:00,2025-03-05 16:00:00,16,60,2025-03-05 06:00:00,2.4400,1.0000,0.0617,0.8437,0.8242,0.9768,0.0030,0.8777
XRP-USD,1h,OCO,2025-02-26 22:00:00,2025-02-27 19:00:00,21,60,2025-02-27 11:00:00,2.2400,1.0000,0.0564,0.3827,0.4265,0.8973,0.0019,7.5970
XRP-USD,1h,OCOI,2025-01-24 23:00:00,2025-01-26 00:00:00,25,60,2025-01-25 10:00:00,3.1000,0.0000,0.0294,0.7486,0.7875,0.9506,0.0151,1.0000
XRP-USD,1h,OCO,2024-12-27 19:00:00,2024-12-30 02:00:00,55,60,2024-12-28 22:00:00,2.1900,0.0000,0.0778,0.3412,0.4257,0.8015,-0.0257,9.2610
XRP-USD,1h,OCOI,2024-12-22 15:00:00,2024-12-23 07:00:00,16,60,2024-12-23 02:00:00,2.1600,0.0000,0.0589,0.5603,0.6331,0.8850,-0.0625,0.0000
XRP-USD,1h,OCOI,2024-12-15 22:00:00,2024-12-16 19:00:00,21,60,2024-12-16 12:00:00,2.3500,0.0000,0.1421,0.3737,0.3411,0.9128,0.0930,2.9384
XRP-USD,1h,OCO,2024-12-07 16:00:00,2024-12-08 13:00:00,21,60,2024-12-08 00:00:00,2.6000,0.0000,0.1010,0.5011,0.8971,0.5586,0.0247,1.1261
XRP-USD,1h,OCO,2024-12-03 21:00:00,2024-12-04 19:00:00,22,60,2024-12-04 10:00:00,2.6400,0.0000,0.1960,0.2785,0.2983,0.9335,-0.2128,13.3313
XRP-USD,1h,OCO,2024-11-20 00:00:00,2024-11-21 01:00:00,25,60,2024-11-20 14:00:00,1.1300,0.0000,0.0443,0.6576,0.6639,0.9905,0.0096,1.0000
XRP-USD,1h,OCOI,2024-11-17 11:00:00,2024-11-18 12:00:00,25,60,2024-11-17 19:00:00,1.0400,0.0000,0.0866,0.6503,0.6712,0.9689,0.0720,1.0000
XRP-USD,4h,OCOI,2025-05-24 00:00:00,2025-05-27 04:00:00,19,240,2025-05-25 12:00:00,2.2900,0.0000,0.0593,0.6827,0.7461,0.9150,-0.0036,1.0000
XRP-USD,4h,OCO,2025-04-21 08:00:00,2025-04-24 16:00:00,20,240,2025-04-23 08:00:00,2.2500,0.0000,0.1308,0.4368,0.3743,0.8569,0.0292,0.2669
XRP-USD,4h,OCO,2025-03-13 12:00:00,2025-03-17 16:00:00,25,240,2025-03-15 12:00:00,2.4300,0.0000,0.1500,0.2617,0.2694,0.9714,0.0180,0.5767
XRP-USD,4h,OCOI,2025-03-09 20:00:00,2025-03-13 20:00:00,24,240,2025-03-11 00:00:00,2.0400,0.0000,0.1531,0.3439,0.0928,0.2697,-0.0089,0.4218
XRP-USD,4h,OCOI,2025-02-23 16:00:00,2025-02-26 20:00:00,19,240,2025-02-25 08:00:00,2.1800,0.0000,0.2164,0.2051,0.1656,0.8075,-0.1140,0.4144
XRP-USD,4h,OCOI,2025-01-29 16:00:00,2025-02-04 08:00:00,34,240,2025-02-03 04:00:00,2.3400,0.0000,0.4640,0.1121,0.2951,0.3798,-0.1098,0.2375
XRP-USD,4h,OCOI,2024-11-18 16:00:00,2024-11-20 20:00:00,13,240,2024-11-20 04:00:00,1.0800,1.0000,0.0439,2.3192,0.5577,0.2405,-0.0103,19.5866
XRP-USD,4h,OCO,2024-03-07 20:00:00,2024-03-17 16:00:00,59,240,2024-03-11 20:00:00,0.7200,0.0000,,,,,,
XRP-USD,4h,OCOI,2023-11-17 12:00:00,2023-11-27 20:00:00,62,240,2023-11-22 00:00:00,0.5900,1.0000,0.0378,0.4744,0.0722,0.1522,-0.0009,2.3396
